applicant_id,sector,county,quarter,loan_purpose,owner_education_level,business_age_years,num_employees,monthly_revenue_kes,loan_amount_kes,loan_term_months,interest_rate_pct,collateral_value_kes,debt_to_income_ratio,credit_score,num_previous_loans,missed_payments_count,online_presence_score,customer_satisfaction_score,competitor_density,credit_risk_category
1,Manufacturing,Nairobi,Q3,Equipment Purchase,Primary,4.3,6,4012603.0,2911383.0,24,15.23,2003454.0,0.633,645.0,0,1,61.5,2.7,4,Low
2,Services,Mombasa,Q4,Inventory Financing,Secondary,3.4,9,1309003.0,3189173.0,60,17.11,,0.295,499.0,1,0,46.8,4.3,7,High
3,Services,Other,Q2,Business Expansion,Diploma,9.3,10,3756994.0,4113981.0,18,17.77,2037281.0,0.298,684.0,1,1,99.2,1.0,5,Low
4,Retail,Eldoret,Q1,Working Capital,Bachelors,5.9,10,1257491.0,1032098.0,24,14.52,1050569.0,0.093,632.0,0,0,64.9,2.4,8,Low
5,Hospitality,Kisumu,Q3,Business Expansion,Diploma,5.5,6,1283039.0,3636337.0,48,21.63,6000505.0,0.343,681.0,3,1,39.5,3.4,2,Low
6,Services,Kisumu,Q3,Working Capital,Bachelors,0.9,6,801463.0,1462930.0,48,12.39,1579875.0,0.835,657.0,2,1,54.1,5.0,10,Medium
7,Retail,Nakuru,Q1,Equipment Purchase,Diploma,4.5,11,1544872.0,3418132.0,12,17.44,5460152.0,0.353,706.0,4,1,36.0,3.5,6,Low
8,Services,Nakuru,Q3,Working Capital,Diploma,9.6,8,6819038.0,18623187.0,60,14.99,,0.266,692.0,2,1,100.0,3.1,8,Medium
9,Services,Nairobi,Q1,Equipment Purchase,Diploma,2.4,7,5303077.0,13894751.0,6,14.96,5505686.0,0.564,545.0,2,0,92.3,3.8,9,Low
10,Agriculture,Nairobi,Q2,Equipment Purchase,Diploma,10.1,7,1932729.0,5350382.0,24,15.31,6194886.0,0.57,646.0,1,0,51.3,2.9,7,Low
11,Hospitality,Nairobi,Q1,Business Expansion,Bachelors,6.0,11,2403175.0,2946702.0,36,22.67,3087607.0,0.269,663.0,3,1,19.2,3.7,1,Low
12,Hospitality,Eldoret,Q4,Equipment Purchase,Masters,5.9,3,3604729.0,7724142.0,36,13.69,3651934.0,0.246,,3,0,41.0,4.1,11,Low
13,Retail,Nakuru,Q3,Business Expansion,Secondary,7.3,9,889126.0,1993830.0,18,10.18,2316797.0,0.545,,1,1,62.5,3.1,4,Low
14,Agriculture,Eldoret,Q2,Business Expansion,Diploma,3.3,8,1275283.0,856742.0,24,19.03,1285441.0,0.508,643.0,3,0,49.7,3.4,6,Medium
15,Agriculture,Nairobi,Q3,Working Capital,Secondary,4.4,8,1497196.0,3892777.0,6,16.68,4228141.0,0.303,,3,0,69.7,2.9,5,Low
16,Agriculture,Other,Q2,Business Expansion,Secondary,9.7,10,545818.0,1109653.0,60,17.03,1021786.0,0.566,624.0,2,0,14.5,3.8,4,Medium
17,Technology,Mombasa,Q4,Business Expansion,Masters,11.8,5,1124093.0,540794.0,36,17.86,721444.0,0.793,558.0,3,0,10.9,3.3,7,Medium
18,Services,Other,Q3,Business Expansion,Certificate,10.2,8,1222684.0,2443779.0,24,21.4,3849156.0,0.38,540.0,0,0,57.1,4.9,3,Low
19,Manufacturing,Kisumu,Q1,Equipment Purchase,Diploma,12.4,5,1515125.0,1983284.0,36,13.47,1981267.0,0.199,723.0,2,1,40.6,5.0,9,Low
20,Technology,Kisumu,Q2,Working Capital,Secondary,10.4,4,1587851.0,4024578.0,24,14.75,6194354.0,0.195,600.0,0,0,89.3,2.4,2,Low
21,Retail,Other,Q2,Inventory Financing,Diploma,1.2,5,373075.0,1186923.0,6,18.05,,0.155,531.0,1,0,39.5,4.4,6,High
22,Retail,Nakuru,Q3,Inventory Financing,Primary,6.8,13,2297389.0,4999388.0,18,14.92,2680042.0,0.186,594.0,2,0,27.6,4.3,8,Low
23,Manufacturing,Nakuru,Q4,Inventory Financing,Diploma,1.3,9,1161046.0,2199543.0,48,16.37,1167584.0,0.654,503.0,0,1,46.7,4.6,6,High
24,Retail,Nairobi,Q1,Equipment Purchase,Masters,2.1,9,2179552.0,6857860.0,36,11.92,11192899.0,0.57,,1,2,28.4,3.0,8,Low
25,Retail,Kisumu,Q1,Inventory Financing,Diploma,1.7,8,2348177.0,5226642.0,18,14.01,,0.292,600.0,1,1,48.4,3.5,3,Medium
26,Agriculture,Mombasa,Q1,Inventory Financing,Diploma,2.5,11,1447222.0,2026272.0,48,18.1,1095887.0,0.455,597.0,3,0,80.9,2.9,7,Medium
27,Agriculture,Nairobi,Q4,Equipment Purchase,Diploma,5.3,9,5292592.0,12443844.0,18,8.0,4186991.0,0.242,550.0,2,1,45.5,2.9,4,Low
28,Technology,Nairobi,Q3,Inventory Financing,Secondary,2.3,7,540902.0,1385231.0,60,16.85,,0.294,637.0,2,0,23.0,2.5,6,Medium
29,Manufacturing,Mombasa,Q2,Inventory Financing,Bachelors,5.6,5,1637724.0,2779161.0,48,8.33,3579033.0,0.297,,2,2,37.4,3.7,5,Low
30,Agriculture,Nairobi,Q2,Working Capital,Certificate,9.6,7,1868617.0,5738662.0,12,22.85,,0.625,616.0,0,1,67.5,2.7,6,Medium
31,Agriculture,Eldoret,Q3,Working Capital,Secondary,6.4,10,4269603.0,6373854.0,18,19.29,5361312.0,0.319,599.0,1,1,40.4,4.5,3,Low
32,Retail,Nairobi,Q4,Equipment Purchase,Diploma,0.9,7,1477772.0,3998096.0,12,20.49,4836070.0,0.431,585.0,3,0,64.7,4.0,9,Low
33,Retail,Nairobi,Q1,Equipment Purchase,Masters,4.1,4,2336425.0,7600030.0,60,20.61,12025837.0,0.269,666.0,3,1,71.0,,5,Low
34,Retail,Other,Q1,Business Expansion,Bachelors,7.7,8,1953303.0,1925257.0,48,13.08,702331.0,0.461,673.0,5,1,39.7,3.3,8,Medium
35,Manufacturing,Nairobi,Q3,Equipment Purchase,Diploma,3.9,9,6113434.0,17550672.0,12,15.9,10602283.0,0.235,639.0,3,1,68.9,3.9,4,Low
36,Retail,Kisumu,Q1,Inventory Financing,Secondary,6.5,6,1376118.0,2529777.0,6,13.0,977251.0,0.369,538.0,1,0,78.5,3.7,9,Medium
37,Hospitality,Nairobi,Q4,Inventory Financing,Bachelors,2.4,10,906497.0,1212233.0,24,17.36,1636648.0,0.271,699.0,0,0,64.5,3.6,4,Low
38,Retail,Nairobi,Q4,Working Capital,Certificate,3.9,11,1195706.0,3892082.0,12,14.9,,0.406,477.0,4,0,65.9,5.0,2,High
39,Services,Mombasa,Q4,Working Capital,Diploma,8.2,9,2282312.0,2558006.0,12,17.22,,0.365,756.0,2,1,44.3,,6,Low
40,Retail,Eldoret,Q2,Inventory Financing,Diploma,1.9,9,3990692.0,11071654.0,48,14.22,,0.111,668.0,0,0,56.3,2.9,5,Medium
41,Retail,Nairobi,Q1,Business Expansion,Bachelors,4.6,10,364732.0,216190.0,12,16.15,270702.0,0.688,737.0,2,1,77.1,3.6,6,Medium
42,Services,Other,Q1,Working Capital,Primary,4.3,7,722009.0,1897932.0,6,13.16,,0.796,751.0,1,1,77.0,4.2,6,Medium
43,Agriculture,Other,Q3,Business Expansion,Primary,3.5,6,4058457.0,10997624.0,36,14.07,17208707.0,0.21,429.0,2,2,60.0,3.5,8,Low
44,Services,Kisumu,Q1,Working Capital,Secondary,6.3,4,1294661.0,4136321.0,24,13.41,4953788.0,0.684,581.0,1,0,100.0,3.0,9,Low
45,Manufacturing,Mombasa,Q4,Equipment Purchase,Secondary,10.7,5,1122391.0,3901154.0,12,14.95,3984065.0,0.304,712.0,1,1,31.0,3.0,9,Low
46,Services,Nairobi,Q4,Inventory Financing,Diploma,4.1,6,1225472.0,1354426.0,6,17.11,2290625.0,0.446,740.0,1,0,72.3,3.6,9,Low
47,Retail,Nairobi,Q1,Working Capital,Secondary,2.9,9,915957.0,2402219.0,24,19.05,,0.171,509.0,1,1,49.6,,5,Medium
48,Agriculture,Nairobi,Q2,Inventory Financing,Primary,4.0,9,826901.0,999590.0,12,13.09,1338530.0,0.541,577.0,2,2,43.6,3.8,6,Medium
49,Agriculture,Other,Q4,Equipment Purchase,Diploma,11.2,8,1915204.0,1380672.0,12,18.11,1560501.0,0.495,724.0,2,2,85.4,2.7,5,Low
50,Services,Nairobi,Q3,Inventory Financing,Primary,2.4,11,980737.0,2757382.0,36,13.16,,0.133,,1,1,60.5,4.0,8,Medium
51,Hospitality,Eldoret,Q1,Inventory Financing,Bachelors,2.0,1,4824882.0,9553903.0,48,20.08,13286762.0,0.555,650.0,1,1,35.3,,4,Low
52,Agriculture,Nakuru,Q4,Working Capital,Secondary,3.1,8,325439.0,878050.0,24,15.64,,0.286,638.0,1,1,36.8,3.2,6,Medium
53,Retail,Nairobi,Q4,Business Expansion,Secondary,7.7,13,2445597.0,7624402.0,48,13.16,3255605.0,0.168,718.0,4,1,42.2,3.4,11,Low
54,Hospitality,Nairobi,Q3,Inventory Financing,Diploma,4.8,7,1056352.0,696680.0,36,15.27,,0.409,692.0,0,0,57.1,3.7,9,Low
55,Hospitality,Eldoret,Q1,Working Capital,Masters,7.6,10,5096647.0,11799049.0,24,18.12,,0.458,693.0,1,1,51.5,4.1,5,Medium
56,Retail,Nakuru,Q4,Business Expansion,Secondary,1.9,12,844485.0,1628937.0,6,15.78,2506139.0,0.387,,2,0,50.7,4.3,6,Low
57,Services,Nairobi,Q2,Working Capital,Secondary,4.1,12,2274523.0,3809215.0,12,17.22,5771950.0,0.179,622.0,1,0,60.6,4.5,5,Low
58,Hospitality,Other,Q4,Working Capital,Certificate,2.1,7,4576957.0,6949681.0,18,15.63,,0.098,776.0,2,0,73.7,4.2,6,Low
59,Technology,Nairobi,Q4,Working Capital,Bachelors,2.1,4,2296805.0,1740366.0,24,22.41,,0.056,582.0,2,1,58.4,4.7,6,Medium
60,Agriculture,Mombasa,Q2,Working Capital,Masters,6.1,2,1127505.0,736292.0,24,18.84,,0.294,510.0,2,1,97.7,,6,Medium
61,Manufacturing,Nairobi,Q4,Inventory Financing,Secondary,4.1,9,1463706.0,1550846.0,12,16.59,,0.403,525.0,2,0,78.4,4.9,9,Medium
62,Manufacturing,Nakuru,Q4,Working Capital,Primary,16.1,7,2187074.0,2734676.0,24,17.02,1643998.0,0.695,746.0,0,2,39.1,4.0,3,Low
63,Manufacturing,Nairobi,Q1,Equipment Purchase,Secondary,10.3,7,4617338.0,6931875.0,24,22.6,9834236.0,0.851,526.0,2,0,55.1,3.1,11,Low
64,Retail,Nairobi,Q3,Equipment Purchase,Secondary,5.0,5,1829028.0,1740714.0,48,16.87,912657.0,0.495,710.0,1,0,67.0,2.7,2,Low
65,Agriculture,Eldoret,Q3,Business Expansion,Bachelors,4.0,9,2456598.0,3192095.0,36,16.46,5337254.0,0.681,,0,0,27.8,3.8,8,Low
66,Retail,Kisumu,Q1,Inventory Financing,Diploma,1.4,10,776311.0,2351173.0,48,12.87,975728.0,0.997,657.0,1,0,53.1,3.5,7,High
67,Hospitality,Nakuru,Q4,Business Expansion,Bachelors,1.0,7,1641023.0,3855069.0,12,18.72,1520918.0,0.721,,2,0,82.6,,3,Medium
68,Retail,Eldoret,Q1,Inventory Financing,Certificate,9.8,11,3987987.0,8134654.0,24,13.98,8363274.0,0.655,585.0,0,0,32.3,2.9,8,Low
69,Technology,Kisumu,Q3,Working Capital,Certificate,3.1,3,1353380.0,3041322.0,48,15.26,2905453.0,0.707,643.0,1,1,93.7,3.7,5,Low
70,Retail,Nairobi,Q2,Business Expansion,Masters,5.8,9,1233153.0,2321851.0,12,22.57,1676820.0,0.49,795.0,1,0,59.7,4.7,2,Low
71,Manufacturing,Nakuru,Q4,Working Capital,Primary,5.2,7,1310109.0,3491283.0,12,13.23,,0.561,719.0,1,0,83.1,2.7,2,Medium
72,Hospitality,Nairobi,Q1,Inventory Financing,Primary,7.9,4,3660469.0,11731655.0,24,18.87,,0.29,786.0,0,1,52.8,2.9,7,Low
73,Services,Nairobi,Q2,Business Expansion,Primary,14.2,7,2621979.0,2669641.0,12,14.39,2158221.0,0.513,719.0,2,1,12.0,2.8,6,Low
74,Manufacturing,Mombasa,Q4,Working Capital,Bachelors,8.5,9,2266460.0,6293873.0,18,11.28,,0.723,746.0,1,0,44.1,2.8,4,Medium
75,Retail,Nairobi,Q2,Inventory Financing,Diploma,4.3,4,1032817.0,2681265.0,24,13.75,,0.215,720.0,1,2,78.9,3.9,7,Medium
76,Services,Nairobi,Q3,Equipment Purchase,Diploma,11.5,11,583113.0,1269963.0,48,13.87,2084696.0,0.241,605.0,3,1,77.2,3.0,2,Low
77,Technology,Nakuru,Q2,Equipment Purchase,Diploma,6.9,10,3386524.0,1668403.0,18,15.32,1403934.0,0.453,688.0,2,1,82.7,3.0,6,Low
78,Technology,Eldoret,Q1,Working Capital,Bachelors,4.4,8,1247136.0,1492419.0,12,14.64,2484319.0,0.475,769.0,1,0,43.3,3.9,6,Low
79,Agriculture,Mombasa,Q1,Inventory Financing,Diploma,5.5,9,2905503.0,5323695.0,12,14.41,3927018.0,0.22,655.0,0,0,62.9,3.5,5,Low
80,Retail,Mombasa,Q4,Equipment Purchase,Secondary,9.0,9,2457252.0,7960777.0,48,15.02,13462457.0,0.844,667.0,2,0,78.3,4.1,9,Low
81,Retail,Nairobi,Q4,Inventory Financing,Secondary,11.3,10,1242276.0,2926937.0,12,18.98,,0.161,681.0,1,0,31.4,3.6,5,Low
82,Technology,Kisumu,Q3,Working Capital,Certificate,3.1,5,797768.0,2227119.0,36,18.05,,0.609,765.0,1,1,40.2,4.0,3,Medium
83,Agriculture,Kisumu,Q3,Business Expansion,Secondary,3.9,4,2983979.0,7021345.0,60,13.32,6915536.0,0.387,539.0,2,0,35.5,,10,Low
84,Retail,Other,Q2,Equipment Purchase,Masters,1.5,10,402750.0,1119029.0,24,15.84,1202078.0,0.333,784.0,0,1,87.7,2.9,12,Low
85,Services,Nairobi,Q3,Equipment Purchase,Bachelors,8.7,11,388282.0,513763.0,36,14.37,836303.0,0.223,575.0,5,1,56.4,2.9,7,Medium
86,Manufacturing,Other,Q1,Business Expansion,Secondary,4.2,9,4514160.0,12250340.0,36,19.08,14669442.0,0.159,621.0,5,1,53.9,4.9,4,Low
87,Agriculture,Other,Q1,Inventory Financing,Diploma,13.0,7,1083240.0,956068.0,48,11.33,,0.604,707.0,3,1,2.9,3.2,4,Medium
88,Hospitality,Nairobi,Q2,Inventory Financing,Certificate,11.9,8,2048962.0,2953136.0,48,17.37,,0.252,573.0,1,0,78.2,2.6,4,Medium
89,Hospitality,Eldoret,Q4,Working Capital,Diploma,5.7,6,3338594.0,2852097.0,36,17.85,4880067.0,0.311,731.0,2,0,34.8,5.0,6,Low
90,Retail,Other,Q4,Inventory Financing,Masters,5.9,6,6487019.0,3605833.0,24,14.59,4068779.0,0.226,671.0,0,1,52.6,3.0,4,Low
91,Retail,Nakuru,Q3,Working Capital,Secondary,2.8,8,837485.0,2750232.0,18,14.28,,0.328,705.0,1,1,46.4,3.6,9,Medium
92,Services,Nairobi,Q3,Working Capital,Diploma,2.8,8,1431824.0,3989225.0,12,16.74,7050376.0,0.261,597.0,1,0,55.8,3.3,6,Low
93,Agriculture,Nakuru,Q4,Working Capital,Diploma,5.1,5,2983928.0,7158678.0,12,11.15,10146936.0,0.346,570.0,3,0,73.1,4.2,7,Low
94,Agriculture,Other,Q2,Working Capital,Masters,4.1,9,1625692.0,1459032.0,18,13.56,910298.0,0.173,653.0,1,2,55.9,2.2,4,Low
95,Hospitality,Nairobi,Q2,Inventory Financing,Secondary,13.9,6,1114877.0,1904237.0,48,11.4,900201.0,0.902,581.0,0,1,22.4,3.0,5,High
96,Services,Mombasa,Q3,Equipment Purchase,Diploma,3.0,4,2969204.0,5894729.0,18,17.02,3859198.0,0.479,651.0,4,1,57.3,3.7,9,Low
97,Retail,Nairobi,Q3,Equipment Purchase,Primary,7.5,10,570045.0,694781.0,24,12.64,739675.0,0.61,835.0,1,0,85.7,4.4,10,Low
98,Hospitality,Other,Q3,Inventory Financing,Diploma,4.3,7,3096973.0,4219424.0,36,14.62,,0.406,705.0,1,0,68.1,2.9,5,Medium
99,Retail,Eldoret,Q1,Inventory Financing,Masters,5.4,12,1614843.0,2863888.0,18,9.41,,0.625,641.0,0,1,67.6,5.0,7,Medium
100,Retail,Nairobi,Q3,Business Expansion,Bachelors,6.5,9,1685425.0,5665821.0,48,13.87,2740208.0,0.531,658.0,0,0,33.7,3.7,4,Low
101,Technology,Eldoret,Q2,Business Expansion,Primary,1.9,11,1010829.0,3285356.0,48,18.72,2284118.0,0.508,744.0,1,1,52.9,3.2,8,Low
102,Manufacturing,Nakuru,Q1,Inventory Financing,Masters,8.2,5,1469472.0,829010.0,24,16.88,,0.214,551.0,1,0,66.5,3.4,2,Low
103,Hospitality,Nairobi,Q4,Working Capital,Diploma,10.9,9,3520766.0,2082947.0,24,19.65,1178635.0,0.266,424.0,1,2,54.1,3.8,4,Medium
104,Agriculture,Kisumu,Q1,Inventory Financing,Diploma,10.0,7,2076892.0,4670180.0,60,8.0,2005119.0,0.325,604.0,2,0,87.4,3.6,10,Low
105,Services,Nakuru,Q1,Working Capital,Masters,4.4,2,3381679.0,4876368.0,24,8.0,7615070.0,0.534,647.0,0,1,100.0,2.9,3,Low
106,Hospitality,Nairobi,Q1,Working Capital,Diploma,2.5,10,2320393.0,5091987.0,24,20.92,3534247.0,0.314,659.0,2,1,49.5,3.3,11,Low
107,Agriculture,Kisumu,Q3,Inventory Financing,Secondary,8.8,4,1356978.0,3203584.0,6,16.96,5388437.0,0.677,631.0,1,0,7.2,4.2,5,Low
108,Manufacturing,Other,Q4,Working Capital,Certificate,3.3,7,1349511.0,4510668.0,24,11.58,,0.478,538.0,1,0,0.0,1.3,6,High
109,Hospitality,Nakuru,Q2,Working Capital,Bachelors,5.8,9,1720810.0,5415228.0,36,18.24,8683346.0,0.636,643.0,2,0,54.2,3.8,8,Low
110,Agriculture,Kisumu,Q1,Equipment Purchase,Certificate,0.9,7,1162018.0,2049249.0,24,17.16,2163361.0,0.122,821.0,1,2,41.8,3.2,3,Low
111,Services,Nairobi,Q2,Working Capital,Secondary,1.3,8,3857483.0,5745812.0,24,16.93,4074951.0,0.31,613.0,3,1,48.6,2.3,6,Low
112,Technology,Nairobi,Q2,Equipment Purchase,Certificate,4.3,11,774134.0,2038974.0,60,17.26,1884488.0,0.34,688.0,1,0,54.0,3.5,3,Low
113,Retail,Other,Q1,Equipment Purchase,Secondary,4.2,9,4938013.0,10932102.0,12,18.36,13364000.0,0.466,547.0,2,0,56.4,4.4,9,Low
114,Technology,Eldoret,Q3,Working Capital,Primary,2.2,7,1009455.0,598896.0,60,17.63,,0.376,602.0,3,1,60.1,4.3,8,Medium
115,Retail,Other,Q3,Business Expansion,Secondary,1.0,3,876660.0,730732.0,60,16.6,436695.0,0.377,626.0,1,0,42.1,3.7,7,Low
116,Services,Kisumu,Q2,Equipment Purchase,Diploma,6.3,5,1647271.0,4907655.0,18,17.3,2754785.0,0.257,704.0,1,0,71.5,3.8,7,Low
117,Services,Kisumu,Q2,Working Capital,Secondary,1.1,7,676938.0,1080118.0,24,16.58,,0.182,657.0,3,0,89.5,4.3,9,Low
118,Retail,Kisumu,Q4,Inventory Financing,Secondary,2.8,8,4674041.0,14881097.0,12,16.06,,0.135,623.0,3,1,19.7,3.3,3,Medium
119,Hospitality,Eldoret,Q3,Equipment Purchase,Bachelors,8.0,10,4943283.0,9152945.0,24,15.89,6015639.0,0.494,674.0,2,0,44.4,3.6,12,Low
120,Services,Nairobi,Q1,Working Capital,Diploma,4.8,15,4145263.0,7788582.0,48,14.93,,0.521,589.0,3,0,60.0,3.8,4,High
121,Retail,Mombasa,Q4,Inventory Financing,Bachelors,6.2,12,5236062.0,13759721.0,60,16.35,9752716.0,0.534,787.0,1,1,29.4,4.4,4,Low
122,Manufacturing,Mombasa,Q1,Equipment Purchase,Secondary,5.4,7,3720571.0,10279399.0,36,17.89,14598339.0,0.471,656.0,3,0,45.7,2.9,9,Low
123,Services,Nakuru,Q4,Working Capital,Diploma,5.5,10,508820.0,1128463.0,60,15.42,,0.679,645.0,2,0,48.0,3.8,5,High
124,Agriculture,Nairobi,Q1,Working Capital,Secondary,4.3,12,2516230.0,3749702.0,12,15.43,5376914.0,0.091,591.0,5,0,59.8,4.1,5,Low
125,Manufacturing,Nairobi,Q3,Working Capital,Certificate,2.2,9,997462.0,3272881.0,36,20.89,,0.457,684.0,1,0,98.6,3.6,5,Medium
126,Retail,Nairobi,Q2,Working Capital,Certificate,9.9,7,3071443.0,8260820.0,24,21.23,,0.809,657.0,0,0,63.7,4.1,10,High
127,Retail,Nairobi,Q4,Working Capital,Diploma,5.6,7,1387978.0,1979803.0,6,16.19,1128029.0,0.541,581.0,3,1,42.2,3.7,8,Medium
128,Hospitality,Other,Q2,Working Capital,Diploma,5.3,15,1239519.0,1528243.0,6,13.61,2120885.0,0.403,612.0,0,1,74.1,2.8,8,Low
129,Retail,Nakuru,Q1,Working Capital,Bachelors,24.5,6,1156580.0,3865188.0,24,20.12,,0.38,386.0,0,0,97.7,3.3,3,High
130,Hospitality,Eldoret,Q2,Business Expansion,Diploma,2.1,11,2297809.0,5688903.0,6,11.12,9692086.0,0.304,,0,0,80.4,3.2,8,Low
131,Technology,Mombasa,Q2,Working Capital,Certificate,9.9,5,3580278.0,5217504.0,36,20.42,,0.395,629.0,4,1,41.1,2.1,6,Low
132,Agriculture,Nairobi,Q3,Working Capital,Bachelors,5.7,9,825441.0,1628017.0,12,19.61,,0.233,487.0,1,0,36.3,3.0,3,Medium
133,Hospitality,Mombasa,Q1,Working Capital,Secondary,1.6,7,2000798.0,3449616.0,24,14.32,4425196.0,0.783,585.0,1,2,54.6,,5,Low
134,Hospitality,Other,Q2,Working Capital,Bachelors,3.1,8,2149736.0,6794033.0,18,15.37,3726903.0,0.66,749.0,1,1,39.3,3.2,3,Low
135,Technology,Kisumu,Q4,Working Capital,Diploma,3.6,9,1504260.0,3199614.0,12,12.62,,0.474,586.0,1,1,47.1,3.1,4,Medium
136,Agriculture,Nakuru,Q3,Business Expansion,Secondary,1.4,7,1377346.0,2253597.0,24,16.31,1760324.0,0.325,745.0,2,1,0.0,4.2,2,Low
137,Technology,Mombasa,Q1,Inventory Financing,Bachelors,3.3,8,3460784.0,6741913.0,12,12.45,7434702.0,0.344,478.0,4,0,58.0,3.4,3,Low
138,Agriculture,Nairobi,Q1,Inventory Financing,Secondary,8.4,16,4046006.0,13974857.0,48,11.53,,0.74,662.0,3,0,27.3,4.1,5,High
139,Agriculture,Nakuru,Q3,Equipment Purchase,Primary,11.1,4,2878984.0,5141762.0,48,16.28,2436600.0,0.02,556.0,3,1,29.6,,7,Low
140,Services,Mombasa,Q3,Inventory Financing,Secondary,6.1,16,2643231.0,4117831.0,18,13.83,1852022.0,0.527,549.0,0,0,43.8,1.7,1,Medium
141,Services,Nairobi,Q1,Inventory Financing,Diploma,5.4,5,2712770.0,4944867.0,36,15.37,2721064.0,0.221,675.0,2,1,42.7,4.3,5,Low
142,Agriculture,Nairobi,Q4,Business Expansion,Diploma,4.4,12,1125572.0,3894131.0,60,14.82,2869583.0,0.241,684.0,0,1,48.1,3.5,10,Low
143,Hospitality,Nakuru,Q1,Inventory Financing,Secondary,2.8,11,1532569.0,1388842.0,24,13.4,1219917.0,0.172,493.0,1,0,68.2,5.0,4,Medium
144,Services,Nairobi,Q4,Equipment Purchase,Diploma,3.7,7,1662325.0,2049878.0,36,16.29,1878197.0,0.357,510.0,2,0,59.4,5.0,7,Low
145,Hospitality,Kisumu,Q1,Business Expansion,Masters,6.3,12,926231.0,2723298.0,12,12.89,3182088.0,0.134,689.0,1,1,100.0,3.5,5,Low
146,Technology,Nairobi,Q3,Equipment Purchase,Doctorate,1.4,5,2622145.0,3149572.0,24,17.08,1669377.0,0.716,604.0,1,1,35.6,2.8,6,Medium
147,Retail,Eldoret,Q4,Business Expansion,Bachelors,4.2,10,5520143.0,12085414.0,36,13.99,7337179.0,0.157,712.0,2,1,63.8,3.5,8,Low
148,Hospitality,Mombasa,Q4,Business Expansion,Secondary,5.3,8,6181638.0,20739899.0,36,19.27,12915439.0,0.287,655.0,2,1,60.3,4.3,8,Low
149,Agriculture,Mombasa,Q4,Working Capital,Certificate,5.8,14,1446486.0,2272880.0,36,14.22,1418436.0,0.586,740.0,1,0,8.0,5.0,3,Low
150,Technology,Other,Q1,Inventory Financing,Bachelors,1.3,10,1155935.0,3697022.0,48,17.65,,0.197,735.0,1,0,77.3,5.0,6,Low
151,Retail,Nakuru,Q3,Working Capital,Bachelors,12.4,11,1085117.0,1850817.0,36,18.3,2447221.0,0.203,551.0,1,1,72.4,4.1,8,Low
152,Services,Eldoret,Q2,Equipment Purchase,Masters,7.1,8,2645279.0,5473406.0,24,15.35,2697989.0,0.579,696.0,1,0,35.7,3.9,6,Low
153,Manufacturing,Nairobi,Q2,Business Expansion,Certificate,2.5,9,1519938.0,3416004.0,60,11.9,4228296.0,0.863,648.0,1,0,59.4,4.3,7,Low
154,Manufacturing,Other,Q2,Inventory Financing,Secondary,3.5,6,3423637.0,3559385.0,24,17.83,5905426.0,0.101,647.0,3,0,50.7,2.8,6,Low
155,Manufacturing,Mombasa,Q2,Working Capital,Secondary,8.2,7,852792.0,1316428.0,60,11.75,615497.0,0.43,675.0,1,0,83.9,4.3,7,Low
156,Technology,Other,Q3,Business Expansion,Bachelors,9.1,4,1935664.0,3579689.0,24,16.83,3105563.0,0.288,696.0,1,0,35.9,3.7,5,Low
157,Hospitality,Other,Q1,Working Capital,Masters,2.7,5,1085481.0,3338396.0,18,11.1,,0.568,440.0,3,1,51.0,3.2,3,High
158,Hospitality,Nakuru,Q4,Working Capital,Diploma,2.2,8,1878273.0,1079007.0,18,14.36,,0.725,679.0,1,1,29.9,3.1,6,Medium
159,Retail,Other,Q2,Working Capital,Certificate,10.8,7,1553747.0,3936300.0,12,15.21,,0.704,610.0,3,0,55.4,2.4,5,High
160,Retail,Kisumu,Q2,Business Expansion,Diploma,6.9,7,515368.0,483484.0,6,13.82,218575.0,0.523,741.0,3,1,31.9,3.1,6,Low
161,Retail,Eldoret,Q4,Working Capital,Certificate,4.7,7,2802752.0,3390208.0,6,16.26,1739603.0,0.659,811.0,2,2,0.0,3.6,2,Low
162,Technology,Nairobi,Q1,Inventory Financing,Diploma,3.4,9,1674143.0,919460.0,6,17.29,,0.377,638.0,2,0,26.6,3.2,10,Medium
163,Services,Other,Q3,Working Capital,Secondary,4.4,8,1826010.0,1983424.0,48,15.98,,0.469,625.0,0,1,8.0,2.7,6,Medium
164,Retail,Other,Q3,Working Capital,Primary,2.3,9,1508136.0,2879352.0,36,16.2,,0.608,,1,1,66.6,3.3,6,High
165,Manufacturing,Nairobi,Q4,Working Capital,Certificate,9.1,6,949600.0,815482.0,48,19.64,554857.0,0.531,593.0,5,0,52.3,3.0,11,Medium
166,Agriculture,Nairobi,Q1,Working Capital,Secondary,5.7,5,1705200.0,1134761.0,24,17.84,,0.298,746.0,0,1,45.2,3.4,3,Low
167,Agriculture,Kisumu,Q1,Inventory Financing,Secondary,6.2,15,2782009.0,2477829.0,60,16.74,,0.559,691.0,2,0,49.6,1.6,5,Medium
168,Manufacturing,Eldoret,Q4,Inventory Financing,Masters,19.6,6,5836811.0,4599768.0,48,13.99,7456896.0,0.679,621.0,0,2,52.9,4.3,5,Low
169,Hospitality,Nairobi,Q3,Inventory Financing,Diploma,6.4,6,1939027.0,6069704.0,48,12.2,,0.682,538.0,2,0,32.5,3.5,10,High
170,Technology,Other,Q1,Working Capital,Certificate,2.1,11,1125935.0,3278131.0,48,13.73,,0.255,737.0,0,3,56.4,3.2,10,Medium
171,Agriculture,Nairobi,Q4,Inventory Financing,Doctorate,3.1,8,3437245.0,6382539.0,60,18.32,4514700.0,0.324,668.0,2,2,77.5,2.9,5,Low
172,Manufacturing,Other,Q2,Working Capital,Secondary,9.7,10,1546102.0,3499115.0,12,15.93,,0.336,748.0,1,0,34.7,3.6,5,Medium
173,Manufacturing,Eldoret,Q2,Working Capital,Secondary,11.0,12,1544433.0,1352405.0,12,17.73,2330830.0,0.237,489.0,2,1,26.6,4.4,6,Low
174,Retail,Mombasa,Q1,Business Expansion,Bachelors,5.8,14,1666172.0,5262362.0,24,11.49,3847288.0,0.035,701.0,1,1,82.2,3.6,10,Low
175,Retail,Mombasa,Q3,Working Capital,Masters,3.9,12,2424628.0,5060504.0,24,10.0,,0.28,619.0,0,0,59.6,2.3,9,Medium
176,Hospitality,Nairobi,Q2,Working Capital,Bachelors,8.8,11,801263.0,1994979.0,18,15.97,,0.41,,1,0,87.2,2.4,5,Medium
177,Services,Nairobi,Q3,Inventory Financing,Secondary,2.1,10,1711257.0,5754538.0,36,8.0,,0.804,681.0,2,0,67.8,4.3,5,High
178,Services,Nakuru,Q3,Equipment Purchase,Diploma,2.4,9,1545989.0,4559373.0,24,14.62,7569895.0,0.55,786.0,1,2,43.6,3.8,7,Low
179,Manufacturing,Eldoret,Q3,Inventory Financing,Primary,4.4,11,1245241.0,2681280.0,24,10.66,,1.031,607.0,1,1,89.1,4.4,6,High
180,Retail,Other,Q2,Equipment Purchase,Primary,6.7,9,5002517.0,15129414.0,24,15.79,20602372.0,0.456,635.0,2,1,86.8,3.6,5,Low
181,Technology,Mombasa,Q2,Working Capital,Bachelors,5.6,7,608996.0,1718783.0,12,16.83,2776195.0,0.513,528.0,0,0,5.1,4.3,11,Medium
182,Services,Other,Q1,Equipment Purchase,Primary,6.0,13,1647942.0,5250290.0,48,11.68,3370176.0,0.277,670.0,2,2,63.7,2.7,8,Low
183,Services,Nairobi,Q2,Working Capital,Primary,1.7,9,1800024.0,5637867.0,6,18.83,3571350.0,0.417,576.0,1,2,63.5,1.5,4,Low
184,Agriculture,Other,Q3,Working Capital,Secondary,3.7,8,1863642.0,2406891.0,12,16.5,1036063.0,0.65,664.0,2,1,59.2,3.4,5,Medium
185,Technology,Other,Q4,Working Capital,Bachelors,4.7,12,4281576.0,12512970.0,36,15.01,,0.952,724.0,2,0,74.3,5.0,3,High
186,Retail,Nairobi,Q3,Equipment Purchase,Diploma,3.7,9,424685.0,1297490.0,24,12.53,2238853.0,0.336,707.0,2,0,49.4,3.7,4,Low
187,Retail,Other,Q1,Working Capital,Secondary,3.1,11,1301450.0,800329.0,18,12.74,813709.0,0.719,703.0,1,1,42.6,3.9,9,Medium
188,Retail,Nakuru,Q1,Working Capital,Certificate,7.2,6,976601.0,1683826.0,12,14.57,,0.099,850.0,2,1,66.3,3.9,3,Low
189,Retail,Nakuru,Q4,Inventory Financing,Masters,3.9,10,660408.0,2112439.0,36,18.17,1093157.0,0.39,589.0,3,0,58.3,4.1,8,Medium
190,Retail,Other,Q2,Inventory Financing,Secondary,2.5,4,1089612.0,2233556.0,60,15.19,3644457.0,0.259,559.0,2,2,9.3,3.1,3,Low
191,Retail,Kisumu,Q2,Business Expansion,Primary,9.8,7,2299183.0,4082110.0,60,10.45,3053387.0,0.188,717.0,3,2,58.9,3.7,3,Low
192,Agriculture,Kisumu,Q1,Working Capital,Diploma,5.4,8,1390021.0,1074786.0,36,10.34,,0.439,656.0,1,1,15.4,3.0,4,Medium
193,Retail,Mombasa,Q1,Business Expansion,Secondary,1.1,10,5435340.0,16843482.0,18,16.23,19387687.0,0.269,511.0,3,1,70.4,3.2,2,Low
194,Agriculture,Other,Q1,Business Expansion,Diploma,6.6,9,639548.0,1854434.0,60,14.66,845950.0,0.282,,2,0,32.8,2.6,10,Medium
195,Retail,Other,Q2,Equipment Purchase,Secondary,15.8,9,2371727.0,3210545.0,48,18.08,2941692.0,0.465,801.0,3,1,48.1,3.3,4,Low
196,Manufacturing,Nairobi,Q2,Working Capital,Primary,9.0,12,2133560.0,6161711.0,18,17.07,4321443.0,0.456,502.0,4,2,31.8,5.0,5,Medium
197,Retail,Eldoret,Q2,Working Capital,Diploma,10.4,5,1937545.0,6720690.0,60,18.13,10651835.0,0.791,657.0,0,1,29.9,,7,Low
198,Hospitality,Nairobi,Q2,Equipment Purchase,Bachelors,11.3,7,2737225.0,9498550.0,36,19.08,13752281.0,0.664,555.0,1,0,100.0,3.9,6,Low
199,Technology,Nairobi,Q2,Working Capital,Secondary,6.6,5,1459453.0,3003466.0,6,18.2,,0.617,757.0,2,0,54.7,3.8,4,Medium
200,Agriculture,Nairobi,Q4,Inventory Financing,Secondary,2.9,6,2251170.0,3961412.0,36,16.57,,0.233,714.0,4,0,59.9,4.1,5,Low
201,Services,Kisumu,Q4,Equipment Purchase,Masters,9.7,15,1530820.0,2965829.0,48,9.67,4291508.0,0.496,665.0,0,1,81.4,4.6,3,Low
202,Manufacturing,Nairobi,Q1,Business Expansion,Secondary,1.9,11,1179996.0,1913970.0,12,17.7,3100248.0,0.224,,2,0,70.9,2.1,3,Low
203,Manufacturing,Nairobi,Q1,Inventory Financing,Secondary,5.3,2,939389.0,3108750.0,48,18.24,2935836.0,0.122,553.0,1,1,26.2,4.1,4,Low
204,Retail,Nairobi,Q3,Business Expansion,Certificate,7.5,4,1332941.0,2436910.0,12,17.26,960540.0,0.688,656.0,3,0,32.4,4.1,6,Medium
205,Agriculture,Nairobi,Q2,Working Capital,Secondary,6.1,8,2718518.0,8257598.0,36,12.0,10589929.0,0.771,605.0,3,2,15.4,3.8,9,Low
206,Retail,Eldoret,Q3,Working Capital,Secondary,3.7,10,1215393.0,1641623.0,24,17.03,,0.445,542.0,2,0,31.3,4.0,2,High
207,Services,Nairobi,Q1,Inventory Financing,Masters,1.9,9,2572377.0,8329138.0,6,18.79,,0.592,796.0,1,1,44.1,4.2,6,Medium
208,Technology,Mombasa,Q2,Working Capital,Primary,15.3,13,1720966.0,3827987.0,36,17.0,,0.429,589.0,0,0,79.2,2.5,10,Medium
209,Services,Kisumu,Q4,Working Capital,Bachelors,8.1,12,1769422.0,1395640.0,48,14.59,,0.113,590.0,0,1,57.1,3.2,11,Medium
210,Retail,Nairobi,Q3,Business Expansion,Diploma,3.2,8,3794871.0,5648800.0,60,9.47,5888478.0,0.175,571.0,0,0,67.5,4.0,1,Low
211,Hospitality,Nairobi,Q4,Inventory Financing,Primary,2.1,10,776209.0,1140433.0,12,13.1,1948900.0,0.365,700.0,2,1,33.1,2.5,5,Low
212,Hospitality,Other,Q1,Inventory Financing,Secondary,5.5,8,1629888.0,4451959.0,18,21.14,,0.302,601.0,3,2,54.2,3.6,7,High
213,Retail,Other,Q1,Business Expansion,Diploma,5.3,6,3049180.0,8232408.0,36,15.89,10974487.0,0.251,694.0,0,0,90.2,1.5,3,Low
214,Manufacturing,Other,Q2,Business Expansion,Diploma,5.7,10,2483303.0,4644280.0,24,18.67,6905104.0,0.137,622.0,1,0,40.3,4.2,2,Low
215,Services,Nairobi,Q3,Equipment Purchase,Secondary,11.9,11,2398883.0,5179859.0,36,15.12,6423732.0,0.329,571.0,0,1,57.7,3.2,3,Low
216,Hospitality,Eldoret,Q1,Working Capital,Secondary,2.8,6,4057533.0,11663702.0,12,12.24,,0.892,521.0,2,0,68.2,4.3,7,High
217,Services,Mombasa,Q1,Business Expansion,Masters,6.7,5,1329243.0,1895877.0,60,19.66,1880060.0,0.191,532.0,2,0,33.7,3.8,6,Low
218,Services,Nairobi,Q4,Working Capital,Bachelors,1.2,8,1767960.0,5843478.0,12,17.23,,0.451,393.0,1,2,55.4,3.6,10,High
219,Retail,Mombasa,Q3,Inventory Financing,Diploma,4.1,9,5257712.0,12135784.0,60,19.34,,0.54,581.0,0,0,90.8,,6,Medium
220,Services,Other,Q1,Working Capital,Masters,12.3,19,912889.0,2407692.0,24,16.0,,0.405,,4,0,47.1,1.9,9,Medium
221,Services,Other,Q3,Working Capital,Secondary,1.7,7,2356693.0,7888499.0,12,12.22,,0.293,702.0,1,1,80.4,3.9,8,Medium
222,Retail,Mombasa,Q1,Inventory Financing,Secondary,8.5,11,2672640.0,5266867.0,6,20.11,,0.454,717.0,2,3,46.9,3.4,4,Medium
223,Agriculture,Nairobi,Q4,Working Capital,Bachelors,3.7,6,2106894.0,6364153.0,36,14.78,4210610.0,0.447,560.0,4,1,58.2,2.4,6,Low
224,Manufacturing,Other,Q3,Business Expansion,Certificate,4.4,12,2277688.0,4263348.0,36,16.74,3755530.0,0.359,504.0,2,2,66.2,3.6,6,Low
225,Manufacturing,Other,Q4,Working Capital,Certificate,3.3,6,1005191.0,2405383.0,36,16.7,,0.181,654.0,2,0,46.6,3.4,4,Medium
226,Retail,Kisumu,Q2,Inventory Financing,Bachelors,7.0,5,1987969.0,4459049.0,12,18.37,,0.086,609.0,1,2,51.0,3.8,3,Medium
227,Manufacturing,Nairobi,Q1,Working Capital,Doctorate,7.4,14,1686099.0,1134973.0,18,17.18,381818.0,0.446,686.0,0,2,60.1,3.7,8,Medium
228,Manufacturing,Kisumu,Q3,Business Expansion,Bachelors,9.2,5,2362833.0,1215032.0,12,19.87,1201611.0,0.825,633.0,2,0,52.8,3.5,7,Medium
229,Services,Nakuru,Q3,Inventory Financing,Bachelors,3.8,8,1918547.0,1632805.0,48,15.39,,0.303,666.0,1,1,61.5,2.6,7,Low
230,Services,Mombasa,Q2,Working Capital,Certificate,2.8,5,5522476.0,14841060.0,48,18.94,,0.175,563.0,3,0,48.5,5.0,3,Medium
231,Hospitality,Mombasa,Q1,Working Capital,Bachelors,10.5,5,3593498.0,9231455.0,24,20.5,,0.486,676.0,3,2,74.5,3.3,8,Medium
232,Manufacturing,Nairobi,Q1,Working Capital,Secondary,3.1,8,6624232.0,6931841.0,18,14.94,,0.571,547.0,0,0,38.6,2.7,8,Medium
233,Services,Nairobi,Q4,Working Capital,Secondary,7.3,6,3474198.0,11716057.0,60,12.44,10770992.0,0.578,797.0,0,1,34.5,3.6,8,Low
234,Services,Nairobi,Q4,Business Expansion,Secondary,3.0,2,2275086.0,7894005.0,18,15.44,5392907.0,0.235,618.0,1,1,74.9,3.3,5,Low
235,Retail,Nairobi,Q1,Equipment Purchase,Diploma,7.2,8,2945182.0,10002008.0,6,19.59,12342996.0,0.4,617.0,0,0,81.1,2.9,12,Low
236,Retail,Other,Q1,Inventory Financing,Masters,24.2,5,5236876.0,3492167.0,36,16.68,5115467.0,0.392,556.0,1,1,49.9,2.9,7,Low
237,Manufacturing,Nairobi,Q4,Business Expansion,Bachelors,8.5,13,1125359.0,3068127.0,24,18.78,3648193.0,0.336,561.0,2,0,61.2,2.9,7,Low
238,Retail,Eldoret,Q2,Business Expansion,Secondary,2.9,8,673197.0,353322.0,12,15.76,435050.0,0.281,662.0,0,1,69.1,3.6,4,Low
239,Agriculture,Eldoret,Q2,Working Capital,Diploma,5.3,10,724309.0,382303.0,18,10.09,,0.444,762.0,2,1,68.5,3.6,4,Low
240,Technology,Mombasa,Q4,Working Capital,Certificate,6.0,7,2933813.0,6171651.0,48,13.07,,0.106,651.0,2,0,32.4,3.9,8,Medium
241,Hospitality,Kisumu,Q1,Inventory Financing,Bachelors,4.8,5,1434358.0,4144192.0,36,11.52,,0.196,623.0,2,0,56.0,2.0,3,Medium
242,Retail,Nairobi,Q2,Inventory Financing,Certificate,8.5,7,1558818.0,1150019.0,24,9.99,,0.232,573.0,1,1,59.3,2.1,7,Medium
243,Agriculture,Nakuru,Q1,Equipment Purchase,Secondary,8.5,11,2013699.0,4675729.0,24,14.87,3434497.0,0.3,616.0,2,1,27.5,4.1,3,Low
244,Manufacturing,Nakuru,Q4,Inventory Financing,Secondary,6.0,8,2995725.0,2455877.0,24,18.98,,0.404,794.0,2,1,92.2,4.6,8,Low
245,Retail,Eldoret,Q4,Business Expansion,Primary,13.6,6,1560425.0,2539401.0,18,17.43,1675311.0,0.331,570.0,2,0,69.8,3.8,4,Low
246,Hospitality,Mombasa,Q1,Working Capital,Certificate,2.5,12,1031580.0,2266047.0,12,16.96,,0.681,,0,3,86.1,4.5,7,High
247,Retail,Other,Q2,Working Capital,Secondary,3.1,11,1270172.0,4319552.0,12,17.19,6292741.0,0.173,628.0,2,0,70.5,2.9,6,Low
248,Manufacturing,Other,Q3,Business Expansion,Certificate,0.5,6,2703883.0,6210233.0,12,14.72,5152073.0,0.047,682.0,3,1,68.0,2.6,3,Low
249,Services,Kisumu,Q1,Inventory Financing,Diploma,5.8,8,1602061.0,1954336.0,48,20.59,,0.376,588.0,1,0,47.6,4.7,4,Medium
250,Hospitality,Nakuru,Q3,Inventory Financing,Masters,4.1,13,2570848.0,3128011.0,24,18.09,1962598.0,0.223,499.0,1,1,33.9,4.0,7,Medium
251,Hospitality,Nairobi,Q4,Equipment Purchase,Bachelors,6.7,8,3465173.0,8408037.0,18,17.6,2870391.0,0.096,586.0,1,0,53.8,3.6,7,Low
252,Agriculture,Other,Q3,Working Capital,Diploma,2.8,7,1458703.0,3217129.0,6,9.22,,0.139,574.0,0,3,5.4,2.4,8,Medium
253,Retail,Nakuru,Q1,Working Capital,Certificate,2.6,5,1024138.0,740569.0,36,18.75,,0.491,596.0,0,0,81.1,4.5,7,Medium
254,Retail,Other,Q4,Working Capital,Secondary,5.3,9,820636.0,636373.0,12,19.18,617261.0,0.341,489.0,0,0,63.7,2.7,4,Medium
255,Hospitality,Nairobi,Q2,Inventory Financing,Diploma,3.1,6,1235038.0,3535112.0,36,15.52,,0.346,659.0,3,0,40.7,2.9,7,Medium
256,Agriculture,Other,Q1,Working Capital,Primary,6.3,8,935403.0,2157039.0,24,10.66,,0.142,506.0,0,1,43.1,2.7,4,Medium
257,Retail,Nairobi,Q2,Inventory Financing,Primary,6.2,5,2034743.0,4180218.0,48,18.53,7448758.0,0.243,771.0,0,1,48.3,1.5,2,Low
258,Services,Kisumu,Q3,Working Capital,Diploma,4.7,8,769676.0,2357572.0,24,14.36,,1.034,725.0,1,0,54.9,2.9,6,High
259,Agriculture,Nairobi,Q2,Inventory Financing,Secondary,8.2,7,2046655.0,6035066.0,60,14.81,,0.631,702.0,0,0,23.1,4.3,5,Medium
260,Hospitality,Nairobi,Q4,Equipment Purchase,Bachelors,5.5,10,1360412.0,3300506.0,18,14.62,5663606.0,0.386,671.0,3,3,21.2,4.3,7,Low
261,Retail,Eldoret,Q3,Inventory Financing,Diploma,3.8,9,2834342.0,3872483.0,12,14.93,2658863.0,0.202,623.0,2,0,81.8,1.7,6,Low
262,Services,Nairobi,Q1,Business Expansion,Diploma,2.4,6,844888.0,615496.0,60,12.55,601553.0,0.715,768.0,3,3,36.7,4.3,9,Medium
263,Retail,Mombasa,Q4,Business Expansion,Masters,6.6,11,1899445.0,1220202.0,12,16.79,2003866.0,0.335,661.0,2,0,52.4,4.1,7,Low
264,Retail,Nairobi,Q3,Working Capital,Secondary,2.8,7,2655971.0,2168455.0,12,19.52,3345326.0,0.356,663.0,2,1,80.5,3.3,9,Low
265,Retail,Other,Q3,Working Capital,Secondary,9.5,10,676504.0,828153.0,12,15.54,,0.399,616.0,1,0,39.4,3.2,3,Medium
266,Retail,Nairobi,Q2,Equipment Purchase,Diploma,6.4,9,2211621.0,6584046.0,18,12.23,9474283.0,0.166,570.0,2,0,79.7,3.4,2,Low
267,Technology,Nairobi,Q2,Inventory Financing,Masters,3.4,6,1199041.0,2101498.0,24,14.57,3536943.0,0.395,638.0,0,3,62.7,2.0,8,Low
268,Retail,Other,Q2,Inventory Financing,Primary,2.1,4,929722.0,2153966.0,12,15.09,,0.808,497.0,2,0,65.4,4.3,4,High
269,Hospitality,Nakuru,Q2,Business Expansion,Diploma,1.8,10,637671.0,857214.0,24,14.95,1237291.0,0.55,466.0,3,0,17.2,4.3,10,Medium
270,Services,Nakuru,Q3,Business Expansion,Bachelors,11.8,8,1965673.0,6797175.0,60,16.63,12001991.0,0.533,,3,0,33.8,,9,Low
271,Manufacturing,Other,Q1,Working Capital,Secondary,0.6,9,1108387.0,1440627.0,24,15.32,,0.714,532.0,0,1,43.0,2.7,7,High
272,Retail,Nairobi,Q3,Inventory Financing,Bachelors,2.7,12,1315837.0,1773462.0,24,15.63,,0.295,613.0,1,0,75.7,4.6,7,Medium
273,Hospitality,Nakuru,Q3,Business Expansion,Diploma,22.4,5,3408169.0,7609961.0,18,15.77,9086894.0,0.381,560.0,4,1,42.3,3.5,6,Low
274,Services,Eldoret,Q3,Business Expansion,Certificate,9.1,7,267106.0,940007.0,18,12.04,1315270.0,0.635,773.0,3,1,44.3,3.6,4,Medium
275,Hospitality,Eldoret,Q3,Inventory Financing,Diploma,14.0,5,3389980.0,12023804.0,18,16.88,,0.518,543.0,3,0,65.4,3.2,10,High
276,Manufacturing,Nakuru,Q4,Working Capital,Masters,7.5,8,7468982.0,21325109.0,36,18.54,22832787.0,0.268,657.0,1,1,100.0,2.9,5,Low
277,Retail,Nairobi,Q2,Business Expansion,Certificate,5.6,12,1651205.0,993016.0,36,16.59,1446061.0,0.413,714.0,1,1,69.5,3.4,8,Low
278,Manufacturing,Nairobi,Q3,Business Expansion,Certificate,7.0,8,1367393.0,2202003.0,48,16.11,2289150.0,0.352,447.0,2,1,63.4,3.2,6,Medium
279,Services,Eldoret,Q4,Business Expansion,Diploma,1.7,7,1521675.0,3984223.0,24,24.11,6930744.0,0.385,729.0,4,1,53.8,3.0,11,Low
280,Services,Kisumu,Q4,Working Capital,Primary,2.8,10,2917505.0,4282642.0,24,16.83,2871986.0,0.892,628.0,2,2,27.9,3.8,7,Medium
281,Manufacturing,Nairobi,Q2,Business Expansion,Bachelors,2.2,13,7758591.0,17634669.0,24,22.03,13557990.0,0.724,,1,1,67.3,,3,Low
282,Hospitality,Nairobi,Q3,Inventory Financing,Primary,1.9,5,971944.0,2340602.0,60,13.39,,0.745,724.0,1,0,31.9,2.8,5,High
283,Retail,Kisumu,Q3,Business Expansion,Masters,21.5,12,305251.0,350404.0,18,13.12,419667.0,0.278,558.0,0,0,0.0,3.5,3,Medium
284,Agriculture,Nairobi,Q2,Working Capital,Masters,2.5,7,1990307.0,6702038.0,36,11.26,,0.402,579.0,2,1,47.9,3.3,3,High
285,Services,Eldoret,Q3,Inventory Financing,Bachelors,9.5,6,1722372.0,4068676.0,48,12.49,4274519.0,0.298,747.0,1,1,76.8,4.0,5,Low
286,Retail,Nairobi,Q1,Working Capital,Bachelors,0.8,9,1446556.0,2178750.0,24,12.82,1727799.0,0.624,649.0,3,0,40.6,3.1,4,Low
287,Retail,Other,Q3,Working Capital,Diploma,0.6,7,1387899.0,934202.0,12,15.4,789795.0,0.28,577.0,2,1,60.7,3.5,4,Medium
288,Agriculture,Nairobi,Q1,Inventory Financing,Secondary,5.3,9,428584.0,755661.0,60,16.3,,0.413,750.0,0,0,67.0,4.6,9,Medium
289,Services,Mombasa,Q2,Business Expansion,Diploma,7.8,8,2150806.0,2075095.0,18,14.59,3324787.0,0.461,,2,1,78.9,4.2,10,Low
290,Services,Nairobi,Q2,Working Capital,Diploma,1.9,5,1028606.0,2782255.0,6,15.7,4303573.0,0.685,751.0,0,2,60.5,3.5,5,Low
291,Retail,Eldoret,Q3,Inventory Financing,Secondary,4.2,8,2018991.0,4353500.0,60,13.5,3025306.0,0.473,762.0,2,0,47.6,4.6,7,Low
292,Retail,Kisumu,Q1,Business Expansion,Bachelors,11.9,6,1369983.0,2324969.0,24,12.85,3264293.0,0.378,679.0,0,1,68.6,3.9,3,Low
293,Services,Nairobi,Q3,Working Capital,Secondary,11.0,6,1037797.0,1176636.0,6,12.54,1532946.0,0.471,770.0,3,1,49.8,5.0,7,Low
294,Manufacturing,Other,Q3,Working Capital,Diploma,2.5,13,515154.0,1231868.0,48,14.37,1165070.0,0.336,660.0,3,0,70.9,3.8,6,Medium
295,Manufacturing,Nakuru,Q2,Inventory Financing,Secondary,15.1,6,4672629.0,15390284.0,48,19.47,,0.389,601.0,0,1,61.0,3.1,5,Medium
296,Technology,Nairobi,Q3,Inventory Financing,Secondary,13.3,10,1799705.0,5821832.0,6,8.39,,0.735,609.0,1,0,69.5,4.1,6,High
297,Technology,Other,Q3,Working Capital,Bachelors,9.7,8,2260975.0,1321680.0,24,17.64,903537.0,0.263,637.0,0,1,38.8,2.8,3,Low
298,Services,Mombasa,Q3,Equipment Purchase,Bachelors,1.3,6,4288290.0,9130434.0,48,17.71,15460815.0,0.505,658.0,3,2,67.2,4.1,4,Low
299,Services,Other,Q1,Business Expansion,Primary,2.9,13,2269032.0,5075667.0,48,14.36,4574280.0,0.281,639.0,1,0,68.2,3.9,3,Low
300,Hospitality,Nairobi,Q2,Working Capital,Bachelors,6.8,3,2031045.0,6639883.0,18,17.36,5161424.0,0.542,805.0,3,1,48.4,2.1,8,Low
301,Manufacturing,Other,Q2,Working Capital,Masters,4.8,9,391266.0,503280.0,18,19.92,,0.477,594.0,1,0,29.1,2.6,5,Medium
302,Retail,Nairobi,Q2,Equipment Purchase,Bachelors,5.4,11,3528102.0,4053280.0,36,13.47,3383436.0,0.316,611.0,3,0,17.0,3.4,9,Low
303,Services,Eldoret,Q4,Inventory Financing,Diploma,7.0,10,3054929.0,3151972.0,24,16.46,,0.448,713.0,1,0,16.9,3.8,8,Low
304,Services,Nairobi,Q2,Business Expansion,Secondary,6.0,8,845285.0,2949420.0,48,14.17,4411639.0,0.144,599.0,1,0,65.3,3.3,5,Low
305,Manufacturing,Mombasa,Q2,Working Capital,Diploma,8.5,11,674821.0,1978349.0,48,14.81,2577771.0,0.504,721.0,0,1,53.6,4.1,6,Low
306,Agriculture,Nakuru,Q4,Inventory Financing,Certificate,13.6,8,2421440.0,6974320.0,12,15.48,,0.901,738.0,1,2,57.2,2.9,2,High
307,Hospitality,Nairobi,Q2,Business Expansion,Masters,6.1,10,1542885.0,3945275.0,60,15.48,3113081.0,0.344,564.0,3,0,71.3,3.7,1,Low
308,Hospitality,Nairobi,Q1,Working Capital,Bachelors,3.9,7,4171725.0,7764129.0,24,13.71,,0.286,574.0,1,0,49.0,3.1,6,Medium
309,Retail,Nairobi,Q3,Working Capital,Secondary,5.1,7,732668.0,886699.0,36,14.11,,0.681,632.0,1,0,33.6,3.4,3,High
310,Services,Eldoret,Q2,Working Capital,Bachelors,1.9,7,1549573.0,1605328.0,18,19.17,,0.096,664.0,0,2,71.0,1.9,6,Medium
311,Agriculture,Nairobi,Q3,Equipment Purchase,Bachelors,5.6,6,2563988.0,3241825.0,6,20.31,2729151.0,0.156,592.0,0,0,4.8,2.1,6,Low
312,Hospitality,Mombasa,Q3,Equipment Purchase,Secondary,11.0,9,2440592.0,7039623.0,6,16.73,12532955.0,0.595,568.0,2,1,17.7,2.6,8,Low
313,Agriculture,Nairobi,Q2,Working Capital,Secondary,0.7,7,723613.0,498995.0,12,18.31,,0.811,490.0,0,0,75.8,2.6,5,High
314,Manufacturing,Nairobi,Q1,Inventory Financing,Primary,0.9,10,642650.0,547408.0,36,14.68,,0.676,619.0,0,0,26.3,3.7,7,Medium
315,Hospitality,Other,Q4,Business Expansion,Bachelors,9.8,8,1342282.0,2862381.0,12,14.29,1268842.0,0.334,703.0,1,2,30.1,3.0,4,Low
316,Services,Kisumu,Q4,Equipment Purchase,Primary,3.1,11,6376633.0,5736167.0,36,16.34,2966399.0,0.533,672.0,1,2,45.2,2.7,9,Low
317,Technology,Nakuru,Q2,Inventory Financing,Secondary,4.7,7,1007929.0,2043277.0,6,19.13,2546644.0,0.134,610.0,3,1,36.8,4.0,5,Low
318,Hospitality,Nakuru,Q2,Business Expansion,Bachelors,7.0,11,1298314.0,2058275.0,36,16.4,2564262.0,0.396,780.0,1,0,53.5,4.0,6,Low
319,Retail,Other,Q3,Inventory Financing,Secondary,15.1,5,3343402.0,7359968.0,6,11.7,,0.421,,0,0,48.6,3.6,4,Low
320,Services,Nairobi,Q2,Inventory Financing,Secondary,9.6,9,2401973.0,6704314.0,12,18.53,5779724.0,0.112,698.0,4,1,0.0,4.0,7,Low
321,Technology,Nairobi,Q3,Business Expansion,Primary,9.7,9,4305546.0,4770217.0,6,22.21,1733619.0,0.29,673.0,1,0,77.1,3.6,5,Low
322,Retail,Mombasa,Q1,Business Expansion,Primary,8.2,7,1143991.0,2611710.0,6,16.85,3798308.0,0.332,617.0,1,2,60.9,3.4,4,Low
323,Manufacturing,Nairobi,Q4,Inventory Financing,Diploma,2.6,9,1069966.0,1688586.0,18,10.71,1056244.0,0.439,760.0,2,1,52.8,3.4,9,Low
324,Services,Nairobi,Q2,Business Expansion,Secondary,7.0,5,2927809.0,5926742.0,12,16.39,3396250.0,0.191,671.0,1,0,20.0,,3,Low
325,Technology,Other,Q2,Inventory Financing,Masters,13.2,5,1627234.0,3626839.0,18,21.62,2901720.0,0.449,656.0,0,0,83.2,2.8,7,Low
326,Retail,Nakuru,Q3,Working Capital,Primary,0.3,3,1565712.0,948130.0,12,14.94,,0.582,645.0,3,1,47.9,3.6,5,Medium
327,Retail,Mombasa,Q1,Equipment Purchase,Secondary,0.7,6,830149.0,729578.0,6,16.93,1271073.0,0.503,728.0,3,0,91.7,2.5,2,Low
328,Technology,Nairobi,Q2,Working Capital,Secondary,7.7,8,1072444.0,2221936.0,36,14.9,3943678.0,0.252,,1,1,100.0,3.0,5,Low
329,Retail,Eldoret,Q2,Inventory Financing,Bachelors,1.9,6,981848.0,1554332.0,12,17.09,,0.309,702.0,1,2,86.1,3.7,5,Medium
330,Retail,Kisumu,Q1,Inventory Financing,Bachelors,4.1,7,1119072.0,2596787.0,24,9.31,4199149.0,0.589,665.0,2,0,98.8,4.2,7,Low
331,Agriculture,Nairobi,Q2,Equipment Purchase,Secondary,6.3,7,1095771.0,2223038.0,12,13.41,1999996.0,0.283,788.0,2,0,42.3,1.5,6,Low
332,Agriculture,Other,Q3,Equipment Purchase,Primary,14.5,8,1560043.0,2749573.0,6,14.58,979287.0,0.615,703.0,0,1,0.0,,12,Low
333,Services,Other,Q1,Working Capital,Primary,5.1,6,1355368.0,1113916.0,18,17.15,1889751.0,0.227,580.0,1,0,50.7,3.9,5,Low
334,Retail,Other,Q2,Inventory Financing,Bachelors,6.1,9,3386038.0,11434700.0,60,16.07,7454113.0,0.679,608.0,2,1,84.1,3.4,7,Low
335,Technology,Other,Q4,Business Expansion,Bachelors,11.9,5,5677285.0,14209795.0,36,13.17,6877428.0,0.081,723.0,1,0,66.7,4.2,7,Low
336,Retail,Kisumu,Q4,Inventory Financing,Diploma,2.9,6,1326386.0,3702420.0,36,14.72,,0.401,629.0,2,0,20.0,3.1,3,Medium
337,Services,Nairobi,Q1,Business Expansion,Certificate,1.5,8,4321422.0,3357375.0,36,12.05,1199668.0,0.512,709.0,1,2,77.2,3.9,6,Medium
338,Retail,Nakuru,Q3,Equipment Purchase,Certificate,11.8,12,2519793.0,6991620.0,12,13.0,4619602.0,0.263,697.0,1,0,55.8,,1,Low
339,Agriculture,Nairobi,Q3,Business Expansion,Diploma,0.6,8,383038.0,1115218.0,48,14.01,1071973.0,0.644,537.0,2,1,59.7,2.8,2,High
340,Retail,Kisumu,Q3,Inventory Financing,Secondary,1.2,4,1899483.0,6366411.0,6,16.6,,0.492,738.0,3,0,44.3,3.6,5,Medium
341,Hospitality,Nairobi,Q1,Inventory Financing,Bachelors,1.7,4,646884.0,346096.0,48,20.79,,0.238,723.0,0,0,55.3,4.5,1,Low
342,Hospitality,Nairobi,Q4,Working Capital,Bachelors,8.5,10,3542438.0,2788701.0,24,14.72,3081890.0,0.629,640.0,1,2,25.7,3.8,7,Low
343,Manufacturing,Nakuru,Q3,Equipment Purchase,Diploma,8.7,13,1274865.0,968756.0,6,14.06,1050003.0,0.633,704.0,3,1,34.9,2.9,9,Low
344,Agriculture,Nairobi,Q4,Inventory Financing,Secondary,7.4,11,4732597.0,7858716.0,12,15.86,,0.583,629.0,2,0,79.6,2.7,4,Medium
345,Retail,Nakuru,Q4,Equipment Purchase,Secondary,10.2,12,4454070.0,2291225.0,24,8.73,3126052.0,0.059,748.0,3,0,84.0,3.6,5,Low
346,Technology,Eldoret,Q2,Inventory Financing,Masters,2.7,6,1198061.0,3568707.0,12,17.71,,0.031,545.0,2,1,30.8,3.7,4,Medium
347,Services,Other,Q1,Equipment Purchase,Masters,4.3,9,902280.0,1757847.0,24,18.59,2498469.0,0.427,655.0,2,0,35.5,3.0,8,Low
348,Technology,Kisumu,Q3,Inventory Financing,Bachelors,3.2,4,3253258.0,9339238.0,36,12.9,,0.824,599.0,3,0,63.5,4.7,8,High
349,Retail,Other,Q2,Working Capital,Bachelors,5.2,3,974094.0,624886.0,60,14.0,385932.0,0.279,609.0,4,1,55.1,4.9,7,Medium
350,Hospitality,Nakuru,Q2,Working Capital,Certificate,5.1,10,1606959.0,2499758.0,36,20.95,,0.474,786.0,3,1,99.4,4.5,5,Low
351,Retail,Other,Q1,Working Capital,Bachelors,1.8,5,3024300.0,8794548.0,6,15.85,,0.848,746.0,4,1,49.5,3.1,4,High
352,Retail,Other,Q1,Equipment Purchase,Diploma,6.5,4,1597965.0,3110104.0,18,14.22,3279869.0,0.608,639.0,2,1,16.0,4.2,3,Low
353,Retail,Nairobi,Q4,Equipment Purchase,Certificate,7.7,6,2769919.0,1668087.0,6,13.61,2859714.0,0.473,600.0,3,0,29.2,2.6,8,Low
354,Agriculture,Nairobi,Q1,Inventory Financing,Diploma,8.3,6,6044179.0,13588961.0,6,20.65,23630520.0,0.53,,1,1,87.3,2.4,6,Low
355,Retail,Mombasa,Q4,Inventory Financing,Primary,4.5,6,2100009.0,6552133.0,60,15.35,3570846.0,0.17,563.0,2,1,55.0,2.7,6,Low
356,Retail,Nairobi,Q1,Working Capital,Certificate,5.9,6,2685229.0,6554388.0,24,13.33,,0.121,578.0,3,0,54.7,4.6,2,Medium
357,Services,Nairobi,Q4,Inventory Financing,Bachelors,4.0,8,1161855.0,3909611.0,6,16.8,,0.427,566.0,2,0,33.1,3.1,5,High
358,Agriculture,Other,Q1,Equipment Purchase,Certificate,0.9,3,293273.0,931780.0,12,21.1,1511195.0,0.693,664.0,3,4,41.9,2.2,5,High
359,Retail,Nairobi,Q4,Inventory Financing,Diploma,11.0,8,2041740.0,2393249.0,60,12.63,,0.547,647.0,4,0,64.5,4.4,9,Medium
360,Manufacturing,Nairobi,Q1,Equipment Purchase,Diploma,11.2,8,1875115.0,3934264.0,36,10.23,1297629.0,0.477,,2,1,48.5,,6,Medium
361,Retail,Eldoret,Q1,Inventory Financing,Masters,2.3,8,2312674.0,2645161.0,60,20.47,4335343.0,0.653,589.0,1,0,65.1,4.8,3,Low
362,Agriculture,Nairobi,Q3,Working Capital,Secondary,4.1,11,1728925.0,4323980.0,6,15.8,1404272.0,0.875,651.0,2,0,32.7,3.8,2,Medium
363,Hospitality,Nairobi,Q1,Equipment Purchase,Diploma,6.0,11,1176178.0,3898598.0,36,19.17,3482229.0,0.989,652.0,0,0,59.3,4.0,2,Low
364,Agriculture,Other,Q2,Working Capital,Certificate,6.9,5,1198149.0,3766321.0,18,18.25,,0.326,710.0,0,0,83.4,4.8,8,Medium
365,Manufacturing,Eldoret,Q3,Working Capital,Secondary,5.6,6,1805393.0,1693752.0,18,11.91,1816182.0,0.867,639.0,4,0,74.9,4.3,8,Medium
366,Agriculture,Mombasa,Q1,Working Capital,Primary,5.0,9,968788.0,2320406.0,18,10.96,3929509.0,0.583,658.0,4,1,49.5,2.9,8,Low
367,Hospitality,Nairobi,Q2,Equipment Purchase,Diploma,6.2,5,726800.0,1034543.0,36,19.45,1081955.0,0.748,606.0,4,1,45.4,3.5,5,Medium
368,Services,Nairobi,Q2,Equipment Purchase,Secondary,1.4,9,1905691.0,3305151.0,6,13.92,5191602.0,0.296,628.0,0,0,32.5,3.2,4,Low
369,Services,Other,Q3,Equipment Purchase,Diploma,6.0,10,1698764.0,2032532.0,24,16.79,2027393.0,0.071,759.0,3,0,62.4,,3,Low
370,Retail,Eldoret,Q1,Business Expansion,Certificate,4.4,10,2422099.0,5973205.0,36,12.43,9227203.0,0.089,682.0,2,0,30.6,1.0,5,Low
371,Retail,Nairobi,Q3,Inventory Financing,Certificate,17.0,8,1413918.0,825103.0,36,18.06,1305760.0,0.516,700.0,3,0,76.7,4.3,7,Low
372,Retail,Nakuru,Q3,Inventory Financing,Bachelors,14.4,8,1766055.0,869899.0,24,13.29,1010761.0,0.303,596.0,2,0,71.0,2.4,10,Low
373,Technology,Mombasa,Q2,Business Expansion,Primary,6.9,9,975858.0,1532550.0,48,12.62,2275685.0,0.583,496.0,1,0,70.2,4.9,10,Medium
374,Technology,Nakuru,Q1,Working Capital,Diploma,3.9,9,1307650.0,3817876.0,24,18.99,,0.22,569.0,3,1,100.0,,9,Medium
375,Retail,Nairobi,Q2,Business Expansion,Certificate,8.8,5,3054736.0,9951753.0,18,17.77,9819832.0,0.189,620.0,3,0,98.4,4.2,7,Low
376,Technology,Nairobi,Q3,Equipment Purchase,Secondary,2.5,9,4870273.0,13158871.0,48,15.27,16559032.0,0.81,733.0,2,0,80.5,2.9,5,Low
377,Retail,Nairobi,Q1,Working Capital,Certificate,12.3,4,1571830.0,880808.0,36,18.96,,0.348,661.0,2,1,53.8,4.3,5,Medium
378,Agriculture,Nairobi,Q1,Working Capital,Bachelors,4.1,5,2235836.0,6469361.0,36,11.77,,0.299,613.0,3,1,32.4,,4,Medium
379,Agriculture,Other,Q1,Working Capital,Secondary,5.5,10,1079338.0,2503531.0,6,18.81,,0.595,653.0,3,0,68.4,3.8,7,Medium
380,Technology,Other,Q2,Equipment Purchase,Diploma,2.4,5,653080.0,1248661.0,48,20.07,1846243.0,0.468,677.0,1,1,45.0,3.2,5,Low
381,Retail,Nakuru,Q4,Working Capital,Secondary,2.8,9,1156712.0,1216818.0,60,17.73,,0.341,674.0,0,1,39.4,3.7,1,Low
382,Hospitality,Eldoret,Q4,Equipment Purchase,Diploma,15.2,9,1677070.0,2788388.0,6,14.91,879322.0,0.115,726.0,2,1,38.3,4.9,4,Low
383,Agriculture,Nairobi,Q3,Equipment Purchase,Diploma,7.4,9,1451425.0,4974149.0,12,13.05,2165926.0,0.652,670.0,3,0,61.4,3.7,11,Medium
384,Retail,Mombasa,Q2,Working Capital,Primary,4.1,9,1015755.0,1955183.0,18,16.09,,0.7,576.0,2,0,88.4,5.0,8,High
385,Retail,Other,Q1,Working Capital,Bachelors,10.1,8,2045281.0,2571833.0,60,12.42,3908138.0,0.244,527.0,2,1,41.9,2.5,8,Low
386,Agriculture,Other,Q3,Inventory Financing,Certificate,4.4,7,3463076.0,6091050.0,24,16.31,,0.621,563.0,1,0,65.6,4.6,10,Medium
387,Services,Mombasa,Q1,Business Expansion,Secondary,6.1,8,1233700.0,4131620.0,18,14.81,5881890.0,0.157,719.0,2,0,73.2,4.9,5,Low
388,Services,Eldoret,Q2,Working Capital,Secondary,6.6,8,2253944.0,7072734.0,24,15.17,,0.625,769.0,3,0,93.0,4.4,7,Medium
389,Services,Other,Q3,Business Expansion,Masters,2.9,13,2383928.0,4715484.0,12,16.47,6565959.0,0.691,597.0,1,0,14.2,4.5,5,Low
390,Services,Other,Q1,Business Expansion,Masters,5.1,9,3213535.0,8086656.0,48,12.83,3218923.0,0.35,789.0,1,0,55.5,3.6,5,Low
391,Manufacturing,Nairobi,Q1,Working Capital,Certificate,9.1,7,2735564.0,9180133.0,12,15.75,,0.201,668.0,2,1,37.8,3.7,5,Medium
392,Services,Nakuru,Q1,Equipment Purchase,Secondary,7.0,8,3290555.0,4967217.0,36,16.03,8812829.0,0.421,644.0,1,0,58.8,2.9,8,Low
393,Manufacturing,Mombasa,Q4,Working Capital,Bachelors,1.5,7,1707301.0,2353556.0,24,11.0,838619.0,0.341,660.0,1,0,33.7,2.6,6,Low
394,Services,Mombasa,Q4,Equipment Purchase,Primary,4.1,6,757138.0,416827.0,12,20.26,412047.0,0.106,686.0,7,0,27.9,3.2,8,Low
395,Hospitality,Mombasa,Q1,Inventory Financing,Bachelors,20.2,7,1050310.0,2490811.0,48,14.99,,0.577,599.0,0,1,100.0,5.0,4,Medium
396,Retail,Nairobi,Q2,Working Capital,Primary,2.4,6,1247026.0,3630960.0,48,15.17,,0.134,,3,1,57.9,4.5,3,Medium
397,Services,Nairobi,Q3,Working Capital,Primary,3.1,14,905250.0,1270210.0,18,18.62,,0.529,634.0,3,0,43.2,3.7,4,Medium
398,Retail,Eldoret,Q3,Working Capital,Secondary,5.4,7,1067191.0,1994729.0,36,18.02,,0.499,431.0,1,0,87.2,3.5,8,High
399,Technology,Nakuru,Q2,Business Expansion,Certificate,1.7,7,1444824.0,4773602.0,18,9.84,2862833.0,0.552,617.0,0,1,56.8,3.3,4,Low
400,Agriculture,Other,Q2,Working Capital,Primary,0.9,8,1586858.0,3912331.0,6,21.4,2127868.0,0.174,768.0,1,1,11.2,4.2,9,Low
401,Hospitality,Nairobi,Q3,Equipment Purchase,Secondary,11.8,10,1447925.0,2987979.0,24,20.61,2043027.0,0.32,705.0,2,0,76.4,3.6,8,Low
402,Technology,Nairobi,Q4,Inventory Financing,Masters,1.2,9,2021987.0,4373518.0,18,14.25,4263486.0,0.472,597.0,0,0,45.1,5.0,8,Low
403,Retail,Kisumu,Q1,Business Expansion,Bachelors,10.4,12,6218825.0,18249934.0,24,17.36,26002487.0,0.724,655.0,0,2,81.5,4.1,7,Low
404,Agriculture,Other,Q1,Business Expansion,Primary,5.9,7,936253.0,2108815.0,36,17.33,2654307.0,0.263,695.0,2,0,61.5,3.6,3,Low
405,Retail,Mombasa,Q3,Working Capital,Bachelors,6.5,7,1241533.0,717177.0,18,12.75,727844.0,0.385,605.0,3,0,79.8,3.4,1,Medium
406,Technology,Nairobi,Q2,Equipment Purchase,Certificate,16.0,8,954152.0,557307.0,48,16.33,958328.0,0.121,696.0,2,0,93.0,4.0,10,Low
407,Agriculture,Kisumu,Q1,Working Capital,Masters,2.1,7,3347990.0,8187846.0,12,16.66,8955204.0,0.089,624.0,0,2,54.8,3.5,4,Low
408,Services,Other,Q3,Equipment Purchase,Secondary,1.3,12,2825381.0,2377521.0,18,20.4,3218422.0,0.366,537.0,1,1,9.6,4.4,7,Low
409,Hospitality,Other,Q1,Working Capital,Secondary,10.4,7,803250.0,2127793.0,36,9.05,2517514.0,0.241,633.0,2,0,25.3,4.8,4,Low
410,Services,Other,Q4,Working Capital,Diploma,10.6,7,2501432.0,6834235.0,6,14.66,9833999.0,0.22,478.0,3,1,53.9,2.6,5,Low
411,Manufacturing,Mombasa,Q2,Inventory Financing,Certificate,6.7,9,733858.0,1781024.0,24,12.6,,0.52,610.0,3,1,53.0,2.3,6,High
412,Manufacturing,Nairobi,Q1,Inventory Financing,Secondary,2.6,7,2121317.0,6314890.0,24,19.83,,0.619,537.0,1,0,70.2,3.1,5,High
413,Technology,Other,Q4,Working Capital,Diploma,1.7,5,1662796.0,3126733.0,48,12.73,2418616.0,0.415,731.0,3,1,76.4,3.2,5,Low
414,Hospitality,Eldoret,Q2,Inventory Financing,Diploma,4.3,8,1773684.0,1523338.0,36,12.64,2251208.0,0.184,492.0,2,0,73.7,4.4,8,Low
415,Hospitality,Other,Q4,Working Capital,Secondary,6.7,9,581691.0,1884349.0,36,13.1,,0.513,652.0,3,0,42.4,4.2,8,High
416,Manufacturing,Mombasa,Q2,Working Capital,Bachelors,1.9,10,1860778.0,4448139.0,36,16.08,1762988.0,0.38,704.0,1,3,44.8,2.2,5,Low
417,Services,Nairobi,Q1,Inventory Financing,Bachelors,10.2,10,2085529.0,4155677.0,36,16.53,7525925.0,0.293,692.0,1,0,28.0,2.8,4,Low
418,Hospitality,Nairobi,Q3,Inventory Financing,Bachelors,3.1,7,3850184.0,11242437.0,18,16.87,,0.15,537.0,0,2,5.6,4.5,9,High
419,Manufacturing,Other,Q1,Equipment Purchase,Diploma,4.0,9,1847360.0,5071759.0,12,14.58,7811294.0,0.259,511.0,0,0,18.5,3.8,3,Low
420,Retail,Other,Q1,Business Expansion,Secondary,10.3,5,1805763.0,4143228.0,48,15.39,1310253.0,0.316,723.0,2,0,48.7,3.6,6,Low
421,Agriculture,Mombasa,Q4,Equipment Purchase,Bachelors,3.7,12,1094831.0,3425279.0,48,13.22,5551565.0,0.286,610.0,2,0,46.9,2.2,7,Low
422,Services,Other,Q3,Inventory Financing,Secondary,9.9,11,2597313.0,2373765.0,18,13.5,,0.243,603.0,2,1,100.0,4.4,5,Medium
423,Retail,Mombasa,Q2,Working Capital,Secondary,6.0,7,2939643.0,2653051.0,24,13.67,2900877.0,0.549,659.0,1,1,30.0,3.1,7,Low
424,Manufacturing,Mombasa,Q3,Working Capital,Diploma,2.8,5,2698481.0,5961775.0,60,12.37,8208729.0,0.668,616.0,1,0,56.6,4.7,7,Low
425,Retail,Kisumu,Q3,Working Capital,Secondary,3.1,8,2984384.0,3326038.0,12,21.85,,0.347,626.0,3,0,35.9,4.2,6,Medium
426,Technology,Nairobi,Q3,Business Expansion,Secondary,7.1,8,1616630.0,2789164.0,60,15.69,4564212.0,0.215,600.0,1,1,40.2,2.4,6,Low
427,Agriculture,Nairobi,Q3,Equipment Purchase,Diploma,8.4,4,753518.0,2680286.0,60,15.73,4379743.0,0.689,614.0,0,0,48.7,4.0,6,Low
428,Hospitality,Nairobi,Q1,Inventory Financing,Masters,8.6,8,1920396.0,4975551.0,6,14.56,,0.116,437.0,0,1,35.4,2.9,5,High
429,Manufacturing,Nairobi,Q2,Working Capital,Primary,11.4,7,4732966.0,4385051.0,12,14.91,,0.797,588.0,1,0,35.3,3.9,7,High
430,Agriculture,Kisumu,Q2,Inventory Financing,Certificate,8.3,9,3984487.0,11501967.0,12,20.58,,0.243,665.0,2,1,64.5,3.2,4,Medium
431,Services,Nairobi,Q1,Inventory Financing,Primary,7.6,9,1179509.0,2007693.0,6,21.1,1375178.0,1.019,576.0,1,0,90.6,2.6,3,Medium
432,Retail,Eldoret,Q2,Business Expansion,Diploma,4.3,12,6317749.0,19852586.0,12,14.32,9848466.0,0.085,605.0,1,2,39.4,3.3,8,Low
433,Agriculture,Nairobi,Q3,Working Capital,Diploma,5.0,11,4160787.0,2038182.0,36,15.41,1860773.0,0.597,712.0,4,0,64.8,2.6,6,Low
434,Agriculture,Mombasa,Q2,Working Capital,Certificate,2.2,5,2850686.0,4941184.0,36,21.4,,0.902,573.0,3,1,34.9,1.8,6,High
435,Technology,Nakuru,Q2,Working Capital,Primary,3.3,7,921453.0,501888.0,12,12.31,465239.0,0.74,702.0,1,0,17.3,4.1,5,Medium
436,Retail,Nairobi,Q2,Working Capital,Bachelors,5.1,8,2696511.0,4522018.0,18,15.94,4621849.0,0.35,711.0,1,0,48.6,2.7,6,Low
437,Agriculture,Mombasa,Q1,Business Expansion,Diploma,3.9,13,3131834.0,9077055.0,36,17.9,4029281.0,0.299,707.0,2,1,0.0,4.0,5,Low
438,Manufacturing,Kisumu,Q4,Working Capital,Diploma,0.8,4,6606868.0,16331708.0,12,13.83,5803821.0,0.486,694.0,2,0,15.0,3.7,5,Low
439,Agriculture,Kisumu,Q3,Equipment Purchase,Diploma,1.9,8,1281683.0,1356637.0,24,18.64,2048592.0,0.664,565.0,1,0,74.0,4.5,6,Medium
440,Retail,Other,Q1,Working Capital,Bachelors,12.6,5,1638774.0,2700199.0,18,11.42,,0.517,549.0,0,1,86.2,3.8,6,Medium
441,Agriculture,Eldoret,Q4,Business Expansion,Certificate,1.7,8,3558683.0,10258830.0,12,17.89,9977382.0,0.568,720.0,2,0,52.3,3.8,4,Low
442,Retail,Nairobi,Q4,Working Capital,Bachelors,11.3,11,3953293.0,10631631.0,48,20.29,,0.372,654.0,3,1,35.8,2.8,6,Medium
443,Retail,Other,Q4,Inventory Financing,Secondary,6.5,5,3151061.0,4202280.0,12,12.28,,0.302,816.0,2,0,67.3,2.4,9,Low
444,Services,Kisumu,Q1,Business Expansion,Certificate,7.7,12,1333407.0,2065054.0,24,17.31,1043982.0,0.22,742.0,1,0,68.1,,4,Low
445,Retail,Nakuru,Q1,Working Capital,Secondary,7.8,7,1229278.0,2460461.0,24,20.56,,0.694,692.0,3,0,62.2,,4,Medium
446,Agriculture,Nairobi,Q1,Business Expansion,Certificate,3.6,8,2040716.0,4704237.0,36,14.4,1813723.0,0.297,660.0,1,0,52.0,3.8,7,Low
447,Services,Mombasa,Q1,Working Capital,Bachelors,2.7,10,2304692.0,7439020.0,24,15.89,11809114.0,0.732,634.0,0,1,40.8,2.3,6,Low
448,Manufacturing,Nakuru,Q1,Equipment Purchase,Masters,3.5,6,3070665.0,3742866.0,36,15.46,3446938.0,0.447,656.0,3,0,70.1,3.1,4,Low
449,Agriculture,Eldoret,Q4,Equipment Purchase,Certificate,8.2,8,1172808.0,749835.0,60,11.57,1104569.0,0.521,619.0,2,0,66.7,3.6,4,Low
450,Services,Other,Q2,Working Capital,Secondary,2.1,11,628805.0,2100339.0,60,15.63,,0.263,638.0,1,0,43.6,3.7,5,Medium
451,Agriculture,Nairobi,Q3,Equipment Purchase,Secondary,5.3,11,3545244.0,10083569.0,24,20.93,11539247.0,0.458,690.0,2,0,80.2,3.5,11,Low
452,Manufacturing,Other,Q4,Inventory Financing,Bachelors,6.2,9,1696477.0,4824420.0,18,15.42,,0.909,677.0,1,0,52.9,5.0,6,High
453,Services,Kisumu,Q4,Inventory Financing,Certificate,7.3,7,1672555.0,3012007.0,48,19.76,3478677.0,0.195,666.0,5,1,57.9,3.3,4,Low
454,Manufacturing,Nakuru,Q4,Inventory Financing,Secondary,6.7,11,3311879.0,4377724.0,36,8.0,3003669.0,0.73,527.0,0,1,11.1,4.9,3,Medium
455,Manufacturing,Other,Q1,Equipment Purchase,Bachelors,1.6,11,682669.0,2266809.0,60,15.24,1356994.0,0.314,,2,0,50.2,5.0,6,Medium
456,Hospitality,Mombasa,Q4,Inventory Financing,Diploma,15.2,7,1995139.0,1114398.0,18,8.53,,0.141,567.0,1,3,34.5,2.9,7,Medium
457,Agriculture,Other,Q3,Working Capital,Certificate,3.2,7,1383671.0,3110938.0,6,12.19,,0.571,484.0,2,1,46.6,3.9,8,High
458,Hospitality,Other,Q2,Inventory Financing,Bachelors,8.1,6,2464026.0,3935407.0,18,16.46,7022674.0,0.777,547.0,4,0,46.4,4.7,4,Low
459,Services,Other,Q3,Working Capital,Bachelors,4.8,6,1718271.0,2263181.0,18,19.98,,0.382,583.0,0,1,58.0,1.7,4,Medium
460,Hospitality,Mombasa,Q1,Inventory Financing,Primary,4.5,8,2682085.0,4035399.0,24,14.38,3448598.0,0.352,520.0,1,3,32.2,3.9,8,Low
461,Agriculture,Kisumu,Q3,Inventory Financing,Masters,3.3,7,768617.0,1565207.0,60,20.21,,0.823,593.0,2,2,34.7,2.7,5,High
462,Services,Nairobi,Q3,Equipment Purchase,Certificate,12.8,12,1496714.0,2851789.0,48,15.47,1937593.0,0.189,,2,1,64.0,3.1,5,Low
463,Agriculture,Eldoret,Q1,Inventory Financing,Secondary,3.9,7,1005248.0,3349343.0,48,14.98,,0.532,508.0,0,1,29.3,3.3,4,High
464,Hospitality,Other,Q4,Inventory Financing,Bachelors,1.8,6,3329484.0,4959330.0,36,11.22,2452580.0,0.487,631.0,1,0,50.5,,8,Low
465,Services,Nairobi,Q1,Working Capital,Certificate,1.7,9,3759729.0,5967362.0,12,12.01,,0.41,536.0,2,1,80.0,3.9,12,High
466,Hospitality,Eldoret,Q1,Business Expansion,Diploma,3.2,8,1822751.0,3261495.0,12,13.53,3371436.0,0.423,644.0,1,1,36.1,3.7,6,Low
467,Services,Nakuru,Q2,Working Capital,Bachelors,10.0,3,2945710.0,6643221.0,24,15.34,,0.855,529.0,1,0,3.6,2.9,5,High
468,Services,Nairobi,Q4,Business Expansion,Secondary,3.9,7,1526173.0,4995749.0,18,21.01,3913129.0,0.273,588.0,4,1,30.7,3.7,8,Low
469,Agriculture,Other,Q2,Working Capital,Masters,5.4,7,1196132.0,3088798.0,24,21.0,,0.258,694.0,0,1,19.7,3.7,7,Low
470,Manufacturing,Mombasa,Q1,Business Expansion,Diploma,10.3,7,4515824.0,6588844.0,18,19.01,3024487.0,0.404,,2,2,28.4,3.5,5,Low
471,Retail,Nairobi,Q3,Working Capital,Primary,8.7,10,1757569.0,3606196.0,12,16.03,3525404.0,0.145,687.0,2,0,69.9,4.5,6,Low
472,Hospitality,Nairobi,Q3,Equipment Purchase,Diploma,9.2,8,4426530.0,6429086.0,12,17.16,10963656.0,0.672,780.0,1,2,13.3,3.3,5,Low
473,Services,Eldoret,Q2,Inventory Financing,Primary,7.8,7,8368359.0,12175196.0,12,19.62,,0.733,722.0,2,0,31.3,4.4,4,Medium
474,Agriculture,Nairobi,Q2,Working Capital,Masters,5.3,6,856241.0,1731481.0,12,11.45,1891480.0,0.171,532.0,2,1,46.5,4.0,3,Low
475,Agriculture,Kisumu,Q4,Inventory Financing,Diploma,6.0,6,2610671.0,4561130.0,24,15.32,,0.088,741.0,2,2,51.9,3.4,6,Low
476,Manufacturing,Nairobi,Q4,Equipment Purchase,Certificate,7.3,4,1500878.0,2828075.0,36,18.2,3071386.0,0.613,779.0,1,2,60.1,1.3,8,Low
477,Manufacturing,Kisumu,Q3,Working Capital,Bachelors,6.1,9,2331407.0,5172608.0,24,12.61,3693538.0,0.93,669.0,2,0,55.0,3.9,6,Low
478,Agriculture,Mombasa,Q4,Inventory Financing,Bachelors,5.6,9,419380.0,255060.0,18,20.6,130327.0,0.956,,5,0,36.3,3.9,4,High
479,Hospitality,Other,Q1,Working Capital,Bachelors,3.5,7,2558774.0,2930850.0,24,17.19,1634983.0,0.403,774.0,2,1,38.6,3.0,3,Low
480,Retail,Nakuru,Q1,Business Expansion,Secondary,2.5,7,1004139.0,2920193.0,18,16.81,3241609.0,0.598,507.0,3,0,19.2,4.0,8,Medium
481,Hospitality,Eldoret,Q3,Inventory Financing,Primary,4.3,9,2131363.0,4447837.0,24,16.55,7116817.0,0.271,690.0,0,1,71.3,3.7,7,Low
482,Hospitality,Nairobi,Q2,Inventory Financing,Bachelors,2.8,7,2282316.0,7913412.0,18,14.43,,0.293,683.0,2,1,43.8,3.3,2,Medium
483,Hospitality,Nairobi,Q1,Equipment Purchase,Bachelors,1.4,5,2872396.0,2743490.0,60,17.12,2987158.0,0.237,621.0,2,0,91.9,3.8,5,Low
484,Technology,Other,Q1,Working Capital,Secondary,9.4,13,1917846.0,2246719.0,48,14.49,2237378.0,0.313,618.0,7,2,50.9,4.0,4,Low
485,Hospitality,Other,Q2,Equipment Purchase,Certificate,2.2,4,2097971.0,3694913.0,18,14.1,5263704.0,0.448,693.0,1,2,8.0,3.8,8,Low
486,Agriculture,Nakuru,Q2,Working Capital,Certificate,9.2,12,1578333.0,4954495.0,18,15.43,,0.555,850.0,1,0,70.0,3.6,12,Medium
487,Hospitality,Other,Q3,Working Capital,Secondary,7.7,10,715222.0,582832.0,18,19.71,552400.0,0.187,629.0,1,1,42.2,4.7,10,Low
488,Agriculture,Nakuru,Q1,Working Capital,Masters,5.1,9,1217855.0,1649743.0,24,12.6,2892340.0,0.239,736.0,1,0,51.7,4.5,7,Low
489,Technology,Kisumu,Q1,Working Capital,Diploma,13.4,3,1462836.0,4892891.0,12,18.09,,0.407,580.0,0,0,56.1,4.5,4,Medium
490,Services,Mombasa,Q2,Working Capital,Bachelors,1.5,10,1381460.0,2052827.0,48,18.86,2703435.0,0.584,698.0,2,2,24.9,3.5,9,Low
491,Hospitality,Mombasa,Q4,Business Expansion,Diploma,5.4,8,1983775.0,4951705.0,18,15.26,8751625.0,0.282,712.0,3,0,63.8,4.2,2,Low
492,Retail,Mombasa,Q2,Working Capital,Primary,11.9,10,2270295.0,7537899.0,6,14.52,2509023.0,0.167,541.0,1,0,43.1,1.3,8,Low
493,Services,Nairobi,Q2,Business Expansion,Primary,6.4,9,3568858.0,11597714.0,48,17.36,7513765.0,0.705,544.0,1,0,77.8,4.9,5,Low
494,Agriculture,Mombasa,Q1,Equipment Purchase,Secondary,2.8,8,6040132.0,12868310.0,24,13.83,17736511.0,0.119,730.0,1,0,24.8,3.0,8,Low
495,Manufacturing,Kisumu,Q4,Business Expansion,Certificate,1.7,14,889314.0,670061.0,6,10.7,659549.0,0.784,698.0,0,0,23.7,3.5,7,Medium
496,Retail,Nairobi,Q2,Business Expansion,Diploma,5.5,8,1984280.0,5764378.0,24,20.1,4104718.0,0.302,714.0,3,0,65.0,3.6,6,Low
497,Services,Mombasa,Q4,Equipment Purchase,Doctorate,1.4,7,2241189.0,5219506.0,24,11.5,2478756.0,0.583,,2,0,33.2,3.2,6,Low
498,Hospitality,Nairobi,Q4,Inventory Financing,Bachelors,8.7,4,1614122.0,2042869.0,18,13.86,626230.0,0.41,636.0,2,1,47.5,3.8,3,Medium
499,Agriculture,Nakuru,Q1,Business Expansion,Bachelors,7.7,4,2855872.0,2682185.0,12,13.44,2308187.0,0.153,750.0,0,2,68.8,3.6,4,Low
500,Retail,Other,Q1,Inventory Financing,Certificate,0.5,11,406667.0,1220964.0,36,15.19,,0.405,663.0,4,1,39.9,3.7,5,Medium
501,Hospitality,Kisumu,Q1,Business Expansion,Secondary,3.5,13,2675321.0,6529756.0,6,18.32,6526332.0,0.246,597.0,1,1,25.8,,4,Low
502,Services,Nakuru,Q4,Inventory Financing,Diploma,12.0,3,1725254.0,2532714.0,24,14.25,,0.308,621.0,3,1,50.6,4.3,5,Medium
503,Services,Kisumu,Q2,Inventory Financing,Secondary,8.3,6,571114.0,703949.0,48,14.74,949761.0,0.102,704.0,0,1,49.0,3.7,5,Low
504,Agriculture,Nairobi,Q2,Business Expansion,Bachelors,2.2,11,1460959.0,4065810.0,48,16.59,3154922.0,0.537,592.0,1,0,48.7,1.8,7,Low
505,Services,Mombasa,Q1,Working Capital,Bachelors,1.8,7,5773446.0,3085113.0,48,13.8,,0.184,618.0,0,0,40.8,4.7,6,Low
506,Agriculture,Other,Q1,Equipment Purchase,Secondary,1.8,9,1599900.0,4043295.0,12,17.18,2880137.0,0.41,795.0,3,0,31.4,4.3,5,Low
507,Hospitality,Other,Q1,Working Capital,Bachelors,2.6,3,6357506.0,16471911.0,18,19.47,9147135.0,0.372,626.0,3,0,47.3,4.3,10,Low
508,Agriculture,Nairobi,Q4,Business Expansion,Primary,7.0,5,7467694.0,7439559.0,24,17.14,2430219.0,0.032,706.0,2,2,50.7,4.4,10,Low
509,Retail,Nairobi,Q3,Business Expansion,Secondary,6.0,10,2199568.0,3191395.0,24,21.34,5544601.0,0.403,727.0,1,0,52.3,3.0,9,Low
510,Hospitality,Other,Q2,Inventory Financing,Masters,12.3,5,1638271.0,3517742.0,18,17.66,,0.404,633.0,2,0,100.0,2.6,7,Medium
511,Manufacturing,Other,Q3,Working Capital,Diploma,6.9,12,2869026.0,2207083.0,24,17.59,,0.399,640.0,1,2,47.1,3.3,6,Medium
512,Services,Kisumu,Q2,Working Capital,Bachelors,9.9,9,4837280.0,5302981.0,36,8.0,,0.323,592.0,0,0,50.4,2.8,6,Medium
513,Retail,Other,Q1,Business Expansion,Masters,4.4,5,5589134.0,3915630.0,36,14.03,2710790.0,0.545,559.0,2,1,63.4,5.0,5,Low
514,Services,Kisumu,Q2,Business Expansion,Secondary,3.5,14,2205996.0,2785706.0,12,18.63,4294721.0,0.594,712.0,1,2,40.9,3.3,5,Low
515,Services,Other,Q4,Working Capital,Bachelors,2.9,9,1014444.0,2461136.0,18,11.96,,0.175,732.0,0,0,21.8,4.7,8,Medium
516,Agriculture,Nairobi,Q4,Working Capital,Certificate,1.8,8,4548820.0,11955376.0,6,15.03,,0.671,604.0,1,1,25.9,3.5,5,High
517,Retail,Mombasa,Q4,Working Capital,Primary,15.4,6,656899.0,2100281.0,6,18.2,3723478.0,0.146,766.0,1,2,26.3,4.0,10,Low
518,Manufacturing,Nakuru,Q1,Working Capital,Secondary,2.4,3,1517914.0,5345898.0,12,19.07,7756902.0,0.808,661.0,0,0,55.4,3.1,7,Low
519,Retail,Nairobi,Q4,Working Capital,Secondary,10.1,6,2029711.0,6846395.0,12,16.25,,0.31,535.0,1,2,62.8,3.9,5,High
520,Manufacturing,Nakuru,Q1,Working Capital,Diploma,3.7,8,2456237.0,5087714.0,18,15.69,7852804.0,0.286,578.0,1,4,67.5,4.3,8,Low
521,Hospitality,Nairobi,Q1,Working Capital,Diploma,7.3,7,1283018.0,4122567.0,12,16.9,7332158.0,0.216,706.0,1,0,73.5,3.4,8,Low
522,Manufacturing,Nakuru,Q2,Working Capital,Bachelors,7.7,3,2076809.0,3171906.0,6,9.57,,0.398,479.0,3,3,61.1,3.1,5,High
523,Retail,Other,Q2,Working Capital,Secondary,11.6,9,3529807.0,5038802.0,36,16.34,9032053.0,0.703,695.0,1,1,78.3,4.0,5,Low
524,Agriculture,Mombasa,Q1,Working Capital,Bachelors,3.1,3,1820683.0,1859399.0,12,13.08,1210366.0,0.203,691.0,1,2,68.9,2.1,5,Low
525,Agriculture,Other,Q3,Equipment Purchase,Secondary,5.9,8,1083585.0,3549651.0,60,14.78,3773310.0,0.262,747.0,2,0,68.1,3.6,7,Low
526,Manufacturing,Nakuru,Q4,Business Expansion,Secondary,3.7,6,2939073.0,8880827.0,12,11.4,6090821.0,0.432,525.0,0,1,58.0,3.3,2,Low
527,Retail,Eldoret,Q4,Business Expansion,Diploma,7.8,3,2101832.0,4803740.0,24,9.81,3469218.0,0.508,735.0,5,2,84.7,3.1,6,Low
528,Technology,Nairobi,Q2,Business Expansion,Certificate,10.8,9,1057864.0,2380844.0,6,14.95,1576864.0,0.416,740.0,2,0,100.0,3.4,2,Low
529,Hospitality,Nairobi,Q2,Equipment Purchase,Doctorate,2.5,10,1116213.0,1162780.0,18,17.06,1719876.0,0.73,571.0,2,2,12.5,5.0,3,Medium
530,Hospitality,Nakuru,Q3,Working Capital,Secondary,8.8,8,6305875.0,5493229.0,48,16.82,,0.813,691.0,1,0,56.5,3.9,4,Medium
531,Retail,Other,Q2,Working Capital,Secondary,3.9,7,1606413.0,2859102.0,36,11.35,1086144.0,0.344,657.0,4,0,64.4,3.5,7,Medium
532,Retail,Nakuru,Q4,Working Capital,Bachelors,1.2,5,2428169.0,6997472.0,48,13.2,10329131.0,0.406,533.0,0,0,39.2,2.4,4,Low
533,Hospitality,Other,Q2,Inventory Financing,Bachelors,2.4,6,1293954.0,3768627.0,18,12.49,,0.258,,1,0,48.4,4.0,4,Medium
534,Services,Nairobi,Q2,Inventory Financing,Secondary,7.0,14,1699116.0,2901162.0,18,16.77,4481617.0,0.247,637.0,1,0,36.9,3.7,4,Low
535,Manufacturing,Other,Q3,Equipment Purchase,Secondary,5.7,8,1787186.0,3264303.0,6,18.42,2484062.0,0.384,526.0,4,1,45.7,3.5,11,Medium
536,Retail,Other,Q2,Business Expansion,Diploma,2.8,11,1283576.0,3489689.0,6,17.19,1274062.0,0.163,674.0,1,2,40.0,2.0,5,Low
537,Retail,Nakuru,Q4,Business Expansion,Primary,3.9,8,2913824.0,8220638.0,36,17.23,4397718.0,0.256,637.0,0,0,76.7,3.2,3,Low
538,Hospitality,Mombasa,Q3,Inventory Financing,Certificate,5.4,7,3600775.0,3749108.0,18,20.62,4127876.0,0.403,696.0,2,1,41.9,,7,Low
539,Services,Nakuru,Q1,Working Capital,Bachelors,8.7,14,3225132.0,8829418.0,36,15.38,,0.856,680.0,2,2,27.6,5.0,5,High
540,Agriculture,Nairobi,Q3,Inventory Financing,Bachelors,2.3,11,1361357.0,4106519.0,12,15.3,,0.341,605.0,0,2,66.8,2.6,7,Medium
541,Technology,Nakuru,Q2,Business Expansion,Secondary,2.0,9,1168443.0,1182422.0,18,18.58,876525.0,0.324,555.0,1,2,35.0,3.1,4,Medium
542,Manufacturing,Nakuru,Q2,Working Capital,Secondary,9.9,10,546021.0,399082.0,18,11.51,746797.0,0.818,740.0,2,2,61.0,4.0,6,Medium
543,Manufacturing,Kisumu,Q1,Working Capital,Secondary,4.1,9,3570086.0,3783982.0,24,12.0,,0.885,755.0,1,2,94.1,3.6,3,Medium
544,Services,Nairobi,Q1,Working Capital,Diploma,2.1,2,1434477.0,4738751.0,18,15.84,,0.385,577.0,1,3,28.3,3.6,5,High
545,Services,Nairobi,Q3,Equipment Purchase,Secondary,10.7,6,908914.0,1546757.0,12,21.32,962376.0,0.496,707.0,0,0,75.2,3.4,7,Low
546,Hospitality,Nairobi,Q2,Inventory Financing,Masters,6.6,11,897503.0,2613793.0,24,12.86,,0.086,671.0,2,1,79.0,4.0,9,Low
547,Retail,Other,Q3,Inventory Financing,Secondary,3.0,10,2939569.0,9279559.0,18,15.94,,0.101,647.0,2,2,22.5,2.3,4,Medium
548,Hospitality,Nairobi,Q3,Working Capital,Diploma,4.7,10,1512852.0,3701954.0,18,13.47,4652136.0,0.156,705.0,3,1,90.1,3.4,10,Low
549,Agriculture,Nairobi,Q2,Working Capital,Bachelors,5.3,5,2955628.0,5960144.0,36,17.8,,0.56,637.0,2,0,100.0,3.7,9,Medium
550,Retail,Nairobi,Q1,Working Capital,Masters,2.1,4,1966708.0,1517908.0,36,16.94,,0.553,850.0,1,0,66.0,3.7,2,Low
551,Agriculture,Kisumu,Q3,Working Capital,Diploma,2.5,10,3193894.0,9705439.0,18,15.94,,0.282,596.0,2,1,56.7,3.2,7,High
552,Manufacturing,Kisumu,Q4,Working Capital,Bachelors,12.3,11,2363229.0,7979292.0,48,13.86,,0.326,672.0,2,1,77.3,3.6,6,Medium
553,Retail,Other,Q4,Business Expansion,Diploma,6.4,7,301465.0,362096.0,24,14.56,176883.0,0.305,497.0,0,1,62.4,4.8,2,Medium
554,Retail,Other,Q1,Working Capital,Secondary,5.6,6,4353132.0,8165303.0,36,10.55,,0.552,675.0,2,0,69.2,3.5,8,Medium
555,Retail,Other,Q4,Equipment Purchase,Certificate,5.6,8,809201.0,2717419.0,12,12.4,2330403.0,0.336,573.0,2,0,62.5,4.9,6,Medium
556,Hospitality,Other,Q2,Working Capital,Diploma,4.1,9,4699451.0,10777791.0,24,17.26,,0.381,418.0,1,0,52.5,2.0,8,High
557,Technology,Mombasa,Q1,Inventory Financing,Diploma,5.1,3,1996168.0,5590442.0,12,8.0,,0.601,623.0,0,0,29.0,4.8,7,High
558,Retail,Nairobi,Q1,Business Expansion,Bachelors,9.6,9,1181503.0,1757198.0,24,20.16,2733476.0,0.312,689.0,2,1,88.1,1.9,2,Low
559,Retail,Other,Q4,Working Capital,Diploma,4.0,15,1292087.0,4319699.0,36,12.74,3654448.0,0.507,587.0,0,0,41.6,3.9,7,Low
560,Retail,Nairobi,Q2,Inventory Financing,Certificate,7.8,11,1118579.0,2717588.0,24,17.03,4252632.0,0.547,651.0,2,2,66.1,1.9,5,Low
561,Agriculture,Nakuru,Q4,Working Capital,Diploma,1.0,7,2173867.0,5375262.0,18,20.36,8712253.0,0.378,,1,1,75.7,3.8,6,Low
562,Retail,Nairobi,Q2,Equipment Purchase,Diploma,4.8,7,2517088.0,4312116.0,6,8.0,4959127.0,0.212,651.0,3,0,30.8,4.3,8,Low
563,Agriculture,Other,Q1,Working Capital,Primary,8.1,9,813635.0,1453504.0,48,11.19,,0.415,461.0,3,0,61.5,4.1,4,High
564,Retail,Nairobi,Q3,Equipment Purchase,Secondary,6.0,7,569793.0,483305.0,48,13.07,472791.0,0.157,678.0,4,1,63.3,4.2,3,Low
565,Retail,Mombasa,Q3,Working Capital,Diploma,2.8,9,3990580.0,3681385.0,12,15.67,,0.63,546.0,3,2,58.8,2.0,9,High
566,Services,Nairobi,Q4,Working Capital,Bachelors,7.1,6,2386379.0,2934473.0,60,19.03,,0.304,640.0,2,0,85.2,3.1,4,Low
567,Retail,Other,Q4,Working Capital,Certificate,12.8,9,866055.0,1474415.0,12,21.38,,0.205,637.0,1,1,59.2,3.0,7,Low
568,Manufacturing,Kisumu,Q1,Inventory Financing,Bachelors,0.5,7,3246075.0,2518091.0,36,14.41,2895658.0,0.328,620.0,4,3,42.5,3.5,4,Low
569,Hospitality,Nakuru,Q1,Working Capital,Diploma,5.7,10,3921534.0,5900082.0,36,19.88,,0.503,702.0,1,2,68.4,2.2,7,Medium
570,Hospitality,Nairobi,Q4,Working Capital,Certificate,5.4,7,2480327.0,3436584.0,12,15.07,3700849.0,0.224,561.0,2,1,88.6,3.4,7,Low
571,Services,Nairobi,Q2,Equipment Purchase,Secondary,5.8,8,2554959.0,8710517.0,18,14.65,13403275.0,0.756,607.0,0,0,43.6,2.9,9,Low
572,Retail,Other,Q2,Working Capital,Bachelors,2.1,5,1239059.0,1035096.0,36,18.6,831385.0,0.31,832.0,2,1,30.6,4.1,4,Low
573,Technology,Eldoret,Q1,Working Capital,Masters,11.5,6,304117.0,323309.0,6,13.06,404603.0,0.416,758.0,1,1,73.8,5.0,4,Low
574,Services,Eldoret,Q2,Equipment Purchase,Bachelors,2.2,10,2770312.0,6780755.0,6,11.75,10255776.0,0.317,690.0,1,2,67.7,4.1,5,Low
575,Manufacturing,Other,Q2,Business Expansion,Secondary,4.8,2,1087714.0,654618.0,6,19.23,679342.0,0.616,676.0,3,0,25.7,5.0,8,Medium
576,Retail,Kisumu,Q1,Equipment Purchase,Bachelors,7.8,4,6767754.0,4919963.0,6,16.6,4216518.0,0.298,732.0,3,1,19.6,2.1,4,Low
577,Manufacturing,Nairobi,Q1,Equipment Purchase,Diploma,8.7,7,1467535.0,800945.0,24,15.83,633092.0,0.64,605.0,1,1,28.0,4.6,5,Medium
578,Manufacturing,Kisumu,Q4,Business Expansion,Masters,12.8,10,2895823.0,4718626.0,18,16.46,5273298.0,0.093,544.0,2,0,47.0,2.8,6,Low
579,Services,Nairobi,Q1,Business Expansion,Primary,2.1,9,1067126.0,2939928.0,36,9.59,1450968.0,0.182,627.0,0,1,67.2,3.1,4,Medium
580,Retail,Kisumu,Q2,Working Capital,Bachelors,2.9,7,694906.0,2237289.0,24,17.5,,0.799,574.0,3,0,88.0,3.5,7,High
581,Technology,Mombasa,Q2,Working Capital,Certificate,8.4,9,1357653.0,3021051.0,36,21.36,3040461.0,0.463,679.0,0,1,97.2,3.5,13,Low
582,Services,Kisumu,Q3,Business Expansion,Bachelors,7.4,6,7247479.0,12288461.0,18,15.72,21859855.0,0.799,538.0,1,0,85.1,3.5,9,Low
583,Retail,Other,Q2,Equipment Purchase,Diploma,4.7,13,1830469.0,3528114.0,60,17.56,6153685.0,0.721,638.0,2,1,54.6,3.0,3,Low
584,Hospitality,Other,Q1,Inventory Financing,Primary,0.4,9,477777.0,1058901.0,12,16.44,1074493.0,0.665,638.0,4,1,91.0,3.6,3,Medium
585,Retail,Mombasa,Q3,Working Capital,Diploma,4.8,13,3517075.0,7908798.0,12,19.49,5298978.0,0.179,732.0,1,1,74.6,4.6,1,Low
586,Services,Other,Q3,Equipment Purchase,Diploma,4.5,5,3851048.0,5554500.0,48,17.7,9104071.0,0.151,678.0,2,2,29.7,2.5,2,Low
587,Technology,Other,Q3,Working Capital,Secondary,4.2,13,1059968.0,3124820.0,48,9.12,,0.126,630.0,2,0,91.2,3.7,6,Medium
588,Technology,Eldoret,Q1,Working Capital,Secondary,1.2,8,1837379.0,1659098.0,6,18.23,2010427.0,0.167,574.0,2,1,39.7,3.5,12,Low
589,Manufacturing,Kisumu,Q4,Inventory Financing,Certificate,11.1,10,1957289.0,6590911.0,36,18.78,8511407.0,0.561,798.0,0,1,36.3,3.6,4,Low
590,Manufacturing,Other,Q2,Working Capital,Diploma,1.4,7,1043006.0,1359795.0,36,9.84,,0.253,648.0,2,0,30.7,4.8,6,Low
591,Manufacturing,Mombasa,Q3,Inventory Financing,Certificate,6.8,11,1960569.0,3324042.0,12,15.07,3580741.0,0.154,671.0,1,2,30.8,4.6,8,Low
592,Agriculture,Nairobi,Q3,Inventory Financing,Primary,3.0,8,632133.0,2247411.0,18,18.53,,0.6,641.0,1,2,56.8,3.3,2,High
593,Technology,Nairobi,Q1,Inventory Financing,Secondary,10.7,7,2454696.0,5809196.0,36,20.1,,0.367,657.0,1,0,67.4,2.8,1,Medium
594,Manufacturing,Nakuru,Q1,Working Capital,Diploma,2.7,9,3323795.0,9553725.0,48,13.92,,0.264,600.0,0,0,33.8,4.5,9,Medium
595,Hospitality,Mombasa,Q1,Working Capital,Diploma,2.7,7,1005715.0,1475421.0,36,23.55,,0.751,751.0,2,0,47.6,4.7,7,Medium
596,Agriculture,Mombasa,Q3,Working Capital,Bachelors,9.0,12,2925502.0,7714322.0,6,17.35,9153478.0,0.876,768.0,2,3,83.4,3.1,7,Low
597,Retail,Mombasa,Q2,Working Capital,Certificate,2.2,9,2844895.0,5531536.0,6,16.18,5283691.0,0.628,637.0,3,0,26.8,4.5,5,Low
598,Manufacturing,Nairobi,Q4,Inventory Financing,Secondary,7.8,6,2696994.0,9190178.0,18,17.3,12545371.0,0.543,734.0,3,1,63.3,1.9,7,Low
599,Manufacturing,Nairobi,Q4,Business Expansion,Bachelors,3.5,7,4487132.0,12202949.0,12,17.56,14296166.0,0.072,642.0,4,0,27.8,3.2,6,Low
600,Hospitality,Nairobi,Q1,Working Capital,Secondary,4.7,9,1792092.0,1369520.0,36,18.49,624032.0,0.13,583.0,1,0,78.6,3.2,10,Low
601,Services,Nakuru,Q3,Working Capital,Primary,9.8,10,1173959.0,2638021.0,18,12.89,,0.561,669.0,6,2,58.4,2.1,4,Medium
602,Services,Nairobi,Q2,Business Expansion,Certificate,8.8,10,3153388.0,8745195.0,36,17.81,14022563.0,0.802,785.0,3,1,60.5,3.7,9,Low
603,Hospitality,Mombasa,Q1,Business Expansion,Certificate,3.4,6,2464057.0,4071415.0,24,17.38,2425139.0,0.78,,3,0,25.3,5.0,3,Medium
604,Retail,Other,Q1,Working Capital,Secondary,6.9,11,458469.0,1263255.0,24,24.92,,0.203,548.0,0,1,86.1,2.3,1,Medium
605,Retail,Nakuru,Q4,Business Expansion,Masters,7.1,9,1932205.0,3929008.0,60,17.23,1306608.0,0.937,738.0,4,1,65.9,3.9,7,Medium
606,Retail,Other,Q1,Working Capital,Secondary,8.1,6,1145786.0,1213329.0,18,15.33,,0.266,707.0,2,1,100.0,4.6,7,Low
607,Hospitality,Eldoret,Q2,Working Capital,Secondary,3.3,5,1370668.0,4585833.0,6,13.95,,0.606,670.0,3,2,47.0,2.6,5,High
608,Agriculture,Other,Q2,Working Capital,Diploma,14.4,8,2152107.0,5627312.0,24,16.47,7781853.0,0.135,723.0,7,0,40.8,,8,Low
609,Technology,Nairobi,Q4,Inventory Financing,Secondary,2.8,7,4671523.0,12715516.0,48,15.2,,0.49,588.0,0,0,58.0,3.8,6,Medium
610,Hospitality,Mombasa,Q2,Equipment Purchase,Secondary,1.6,4,2229070.0,4472479.0,18,11.65,7646852.0,0.667,670.0,2,2,59.6,3.1,2,Low
611,Services,Other,Q3,Business Expansion,Certificate,3.9,3,1137261.0,3136086.0,36,12.08,2941205.0,0.167,700.0,2,0,65.2,3.1,7,Low
612,Manufacturing,Mombasa,Q3,Working Capital,Secondary,5.3,9,1244943.0,2021330.0,18,15.11,,0.206,607.0,4,1,37.8,1.7,5,Medium
613,Services,Other,Q2,Equipment Purchase,Diploma,19.6,3,2462912.0,1501359.0,24,14.71,772106.0,0.697,577.0,2,1,25.6,3.7,4,Medium
614,Hospitality,Nairobi,Q4,Business Expansion,Secondary,2.4,7,2235903.0,3521801.0,24,20.46,4476290.0,0.608,696.0,2,1,51.7,2.8,7,Low
615,Retail,Nairobi,Q3,Business Expansion,Diploma,4.6,13,10350496.0,28092682.0,36,18.73,34419186.0,0.314,,1,2,58.1,2.1,6,Low
616,Services,Other,Q3,Inventory Financing,Secondary,3.0,7,939054.0,1408144.0,18,16.08,715343.0,0.1,495.0,2,1,67.3,3.6,10,Medium
617,Retail,Mombasa,Q4,Working Capital,Diploma,5.2,6,1243765.0,3368013.0,60,18.86,3913277.0,0.582,620.0,3,2,67.3,4.0,2,Low
618,Retail,Kisumu,Q2,Working Capital,Masters,4.1,6,3302862.0,5681021.0,24,15.03,5897017.0,0.948,503.0,1,1,100.0,4.8,5,Low
619,Services,Other,Q3,Equipment Purchase,Bachelors,10.8,5,1541275.0,3899251.0,36,12.59,6456316.0,0.526,622.0,2,0,76.0,3.5,6,Low
620,Manufacturing,Nairobi,Q2,Working Capital,Masters,2.5,13,1939330.0,1561325.0,6,10.65,,0.545,530.0,1,0,61.7,3.5,6,Medium
621,Retail,Other,Q2,Inventory Financing,Diploma,3.0,9,609381.0,2004420.0,60,16.08,1283350.0,0.714,635.0,0,0,71.6,4.9,5,Medium
622,Retail,Mombasa,Q3,Equipment Purchase,Secondary,6.9,5,636907.0,1060575.0,48,17.36,1153749.0,0.473,550.0,2,1,72.8,3.2,5,Medium
623,Technology,Nairobi,Q1,Equipment Purchase,Certificate,5.0,5,2780599.0,5918812.0,12,18.92,3754062.0,0.297,596.0,0,0,57.6,4.2,5,Low
624,Retail,Nairobi,Q4,Equipment Purchase,Bachelors,9.8,5,989096.0,845642.0,36,8.04,1007116.0,0.448,550.0,4,1,12.8,3.4,8,Medium
625,Manufacturing,Kisumu,Q4,Equipment Purchase,Secondary,3.2,9,2856882.0,5996049.0,18,13.11,10474500.0,0.476,756.0,3,0,43.5,3.6,7,Low
626,Retail,Mombasa,Q3,Equipment Purchase,Diploma,9.0,11,1381825.0,2356240.0,6,15.82,3984050.0,0.192,633.0,1,1,49.0,3.4,9,Low
627,Services,Other,Q2,Working Capital,Secondary,3.3,7,2134897.0,4920170.0,24,15.15,,0.352,652.0,1,1,50.6,4.7,3,Medium
628,Retail,Nairobi,Q3,Business Expansion,Bachelors,2.6,9,3727968.0,8597924.0,24,9.46,15229811.0,0.169,610.0,2,0,37.3,3.7,8,Low
629,Agriculture,Nairobi,Q2,Working Capital,Certificate,8.6,8,1118621.0,1572453.0,36,15.58,,0.52,645.0,0,0,13.4,4.5,5,Medium
630,Retail,Nairobi,Q1,Inventory Financing,Secondary,5.9,8,1085997.0,730188.0,24,14.57,1024708.0,0.665,590.0,1,1,55.1,3.5,6,Medium
631,Agriculture,Kisumu,Q4,Working Capital,Secondary,5.8,12,3790298.0,7616195.0,60,18.6,4067295.0,0.213,645.0,1,0,89.6,2.8,6,Low
632,Services,Eldoret,Q4,Working Capital,Diploma,2.0,4,1729083.0,925103.0,24,12.37,,0.663,531.0,2,0,52.1,3.2,7,High
633,Retail,Mombasa,Q3,Equipment Purchase,Masters,3.1,8,1578347.0,4179487.0,12,20.55,3600147.0,0.484,730.0,0,0,82.6,3.7,5,Low
634,Hospitality,Kisumu,Q2,Inventory Financing,Diploma,6.0,6,3224062.0,8546964.0,12,12.53,5847542.0,0.457,625.0,3,0,33.5,3.4,3,Low
635,Services,Nakuru,Q4,Equipment Purchase,Bachelors,3.0,7,918251.0,1277319.0,60,20.92,1558122.0,0.116,607.0,0,0,44.5,3.6,8,Low
636,Manufacturing,Nairobi,Q2,Equipment Purchase,Diploma,2.1,7,1673335.0,3557747.0,36,15.69,1897617.0,0.768,686.0,0,0,36.7,5.0,5,Low
637,Hospitality,Nairobi,Q3,Equipment Purchase,Primary,2.9,10,765462.0,2358155.0,36,18.59,1868229.0,0.371,668.0,1,0,35.3,3.3,3,Low
638,Manufacturing,Other,Q4,Working Capital,Diploma,4.7,11,751459.0,2015260.0,18,14.97,,0.508,731.0,1,1,66.1,2.9,4,Medium
639,Agriculture,Nairobi,Q1,Working Capital,Diploma,1.7,9,2597941.0,3588022.0,18,12.21,5498338.0,0.432,567.0,1,1,43.8,4.6,7,Low
640,Services,Other,Q1,Inventory Financing,Diploma,8.7,6,4099920.0,12871113.0,12,19.69,,0.362,588.0,2,2,53.4,2.8,7,Medium
641,Hospitality,Mombasa,Q3,Inventory Financing,Secondary,1.5,7,1912758.0,2572077.0,18,14.62,,0.356,549.0,1,0,17.4,3.9,10,Medium
642,Services,Nairobi,Q4,Working Capital,Secondary,4.1,13,682214.0,1069975.0,36,19.02,,0.32,459.0,1,0,48.6,3.2,2,High
643,Manufacturing,Nairobi,Q4,Inventory Financing,Secondary,5.4,9,1647276.0,2421729.0,36,13.11,4135858.0,0.393,598.0,3,0,35.6,4.9,5,Low
644,Services,Nairobi,Q1,Working Capital,Primary,3.1,6,2136863.0,4924959.0,36,13.06,,0.742,520.0,1,1,47.3,3.6,5,High
645,Hospitality,Nairobi,Q4,Business Expansion,Secondary,4.6,10,1734419.0,3497832.0,6,15.41,5647720.0,0.669,656.0,1,0,83.9,3.2,9,Low
646,Manufacturing,Mombasa,Q1,Working Capital,Secondary,0.9,8,3555010.0,11679673.0,36,19.78,,0.327,,1,1,49.7,4.0,0,Medium
647,Manufacturing,Mombasa,Q3,Equipment Purchase,Diploma,3.2,8,1017432.0,2355627.0,36,14.32,1328523.0,0.296,669.0,2,1,56.6,2.8,8,Low
648,Hospitality,Kisumu,Q3,Equipment Purchase,Bachelors,7.2,10,2242329.0,7507852.0,24,22.76,7336215.0,0.597,694.0,0,0,58.6,3.6,11,Low
649,Retail,Mombasa,Q4,Equipment Purchase,Bachelors,5.6,10,1428241.0,821522.0,12,16.01,974647.0,0.542,525.0,3,2,27.1,3.9,12,Medium
650,Technology,Nairobi,Q4,Inventory Financing,Diploma,3.8,5,1650301.0,2017220.0,24,20.65,2861127.0,0.329,698.0,2,0,35.8,5.0,3,Low
651,Manufacturing,Nairobi,Q1,Equipment Purchase,Bachelors,6.3,12,1446256.0,3474900.0,18,11.53,2620288.0,0.467,614.0,0,2,73.6,2.8,8,Low
652,Retail,Other,Q2,Working Capital,Certificate,3.7,6,2391867.0,5877574.0,36,14.92,8143250.0,0.446,665.0,3,1,67.4,4.1,2,Low
653,Services,Nairobi,Q1,Working Capital,Primary,3.5,7,793461.0,1706593.0,36,18.7,,0.23,603.0,1,3,58.8,3.6,2,Medium
654,Hospitality,Eldoret,Q4,Business Expansion,Diploma,8.0,7,1518801.0,1167506.0,24,19.7,793045.0,0.449,394.0,1,0,45.7,4.7,6,Medium
655,Agriculture,Mombasa,Q1,Working Capital,Bachelors,3.6,8,2171831.0,3359189.0,12,14.84,,0.33,539.0,2,2,46.3,3.7,7,High
656,Services,Nakuru,Q2,Working Capital,Diploma,2.8,6,3001146.0,6494712.0,36,22.79,,0.486,761.0,1,2,32.2,3.0,9,Medium
657,Agriculture,Nairobi,Q3,Working Capital,Bachelors,8.2,11,3707215.0,9255658.0,24,12.96,6344019.0,0.555,670.0,1,0,94.2,3.9,9,Low
658,Hospitality,Mombasa,Q4,Inventory Financing,Bachelors,16.9,4,2330869.0,7297987.0,12,16.84,7416477.0,0.342,596.0,0,2,48.2,,4,Low
659,Hospitality,Kisumu,Q4,Equipment Purchase,Bachelors,0.7,9,3484631.0,4116423.0,12,20.52,6937996.0,0.645,627.0,3,0,85.7,2.0,8,Low
660,Retail,Other,Q1,Working Capital,Primary,11.1,6,4379402.0,13644649.0,36,18.91,19711891.0,0.422,639.0,1,1,53.5,2.3,4,Low
661,Retail,Nairobi,Q2,Business Expansion,Doctorate,13.2,7,1825128.0,6058733.0,6,17.04,8197878.0,0.193,675.0,0,0,16.3,3.6,8,Low
662,Hospitality,Nairobi,Q2,Equipment Purchase,Diploma,2.8,8,6130877.0,13426164.0,48,19.41,12821682.0,0.728,659.0,0,0,73.7,4.3,9,Low
663,Retail,Nairobi,Q2,Equipment Purchase,Diploma,1.6,10,4544480.0,5815343.0,24,13.99,2127446.0,0.804,608.0,3,0,0.0,4.9,7,Medium
664,Retail,Other,Q1,Inventory Financing,Diploma,2.2,11,1414700.0,4603402.0,36,18.77,6316196.0,1.015,725.0,1,0,23.1,3.1,5,Low
665,Agriculture,Nairobi,Q3,Business Expansion,Secondary,7.5,9,1698124.0,2473194.0,24,11.8,1582685.0,0.317,697.0,3,0,19.9,4.2,8,Low
666,Retail,Nairobi,Q3,Equipment Purchase,Secondary,2.6,8,1265925.0,1809104.0,18,13.09,1622901.0,0.306,581.0,3,0,8.7,4.0,10,Low
667,Services,Kisumu,Q2,Inventory Financing,Bachelors,1.0,15,1553054.0,4786453.0,6,19.19,,0.116,624.0,1,0,50.9,2.9,3,Medium
668,Technology,Other,Q2,Equipment Purchase,Diploma,1.1,12,2104479.0,1996783.0,12,18.74,2659423.0,0.603,559.0,3,2,47.9,4.8,7,Medium
669,Hospitality,Kisumu,Q4,Equipment Purchase,Masters,6.6,5,2162081.0,3426439.0,24,15.4,4920743.0,0.741,643.0,3,1,84.3,2.7,9,Low
670,Agriculture,Nairobi,Q3,Inventory Financing,Secondary,4.8,9,1367783.0,4589320.0,24,12.79,,0.375,507.0,0,0,42.4,3.6,6,High
671,Agriculture,Mombasa,Q1,Inventory Financing,Diploma,4.8,13,2421250.0,2012298.0,24,15.36,3085022.0,0.06,669.0,1,1,46.7,3.4,7,Low
672,Retail,Nairobi,Q1,Business Expansion,Diploma,3.9,10,3803375.0,6191492.0,18,14.05,8291613.0,0.793,850.0,6,1,45.9,4.0,2,Low
673,Retail,Nairobi,Q3,Equipment Purchase,Primary,10.1,11,3401668.0,5529652.0,6,20.67,5626896.0,0.414,,3,0,25.7,3.3,6,Low
674,Services,Other,Q3,Equipment Purchase,Diploma,3.8,10,2670007.0,6986540.0,24,23.23,3045134.0,0.588,618.0,4,0,32.7,4.3,8,Medium
675,Agriculture,Mombasa,Q4,Working Capital,Certificate,5.0,7,1431429.0,3918915.0,48,13.4,,0.353,549.0,2,0,6.5,3.9,7,Medium
676,Services,Nairobi,Q4,Working Capital,Certificate,9.8,6,1557887.0,2145580.0,24,17.17,1420058.0,0.306,479.0,2,0,72.8,3.7,5,Medium
677,Retail,Other,Q3,Inventory Financing,Secondary,6.8,4,5309516.0,10042017.0,12,17.28,17463699.0,0.071,476.0,1,1,20.2,2.5,3,Low
678,Agriculture,Other,Q1,Equipment Purchase,Diploma,1.5,10,1738902.0,1830647.0,18,17.74,719007.0,0.468,555.0,3,0,48.4,3.0,3,Medium
679,Services,Other,Q3,Inventory Financing,Diploma,12.8,6,1208340.0,1647390.0,60,17.13,,0.36,564.0,3,0,30.6,3.5,8,Medium
680,Services,Nairobi,Q2,Business Expansion,Bachelors,2.4,9,3062171.0,8677505.0,6,18.69,15258242.0,0.468,691.0,0,1,62.9,3.8,10,Low
681,Retail,Nairobi,Q1,Equipment Purchase,Bachelors,1.8,9,4898289.0,7381071.0,18,9.33,7782277.0,0.584,538.0,2,0,75.8,3.1,8,Low
682,Agriculture,Kisumu,Q4,Inventory Financing,Masters,6.5,7,689658.0,1006149.0,24,14.45,,0.451,579.0,2,0,32.5,,6,Medium
683,Hospitality,Kisumu,Q4,Equipment Purchase,Masters,1.4,7,4873093.0,8649962.0,60,14.07,6737327.0,0.662,576.0,3,0,86.9,5.0,6,Low
684,Services,Other,Q4,Business Expansion,Bachelors,3.0,3,919036.0,2207036.0,36,14.81,2860316.0,0.501,694.0,2,0,62.5,4.1,6,Low
685,Retail,Other,Q1,Equipment Purchase,Secondary,8.8,10,3251564.0,6452246.0,12,12.1,2290786.0,0.047,620.0,5,0,42.3,3.9,5,Low
686,Retail,Other,Q4,Equipment Purchase,Diploma,6.6,8,1907368.0,2206950.0,6,14.31,1087306.0,0.433,662.0,1,0,49.1,2.4,5,Low
687,Services,Nairobi,Q4,Business Expansion,Primary,4.8,12,1194575.0,1127294.0,6,14.64,620616.0,0.768,690.0,1,1,61.7,4.1,5,Medium
688,Agriculture,Kisumu,Q1,Working Capital,Diploma,10.7,7,1039382.0,3383623.0,24,17.41,,0.102,752.0,2,2,94.4,3.6,8,Medium
689,Agriculture,Nairobi,Q3,Inventory Financing,Secondary,3.3,9,898609.0,1672586.0,36,16.93,700330.0,0.9,648.0,2,0,35.4,3.4,5,High
690,Technology,Kisumu,Q3,Inventory Financing,Diploma,2.1,5,763061.0,352291.0,36,12.64,,0.441,605.0,2,1,7.1,4.1,7,Medium
691,Hospitality,Nairobi,Q2,Inventory Financing,Bachelors,10.1,9,1494423.0,3512560.0,24,12.24,2212906.0,0.631,652.0,0,1,30.2,3.3,8,Medium
692,Retail,Nairobi,Q1,Equipment Purchase,Primary,11.7,14,3708456.0,12240115.0,18,11.0,4308735.0,0.689,717.0,3,1,53.0,2.9,11,Low
693,Hospitality,Nairobi,Q1,Equipment Purchase,Bachelors,5.1,11,1504756.0,4405354.0,24,14.15,7965836.0,0.452,626.0,6,0,37.0,5.0,5,Low
694,Retail,Nairobi,Q2,Equipment Purchase,Primary,6.7,8,6289821.0,9650659.0,6,14.07,3177619.0,0.467,773.0,2,0,23.4,3.8,3,Low
695,Retail,Nairobi,Q2,Equipment Purchase,Certificate,7.3,11,1560030.0,3269812.0,12,14.18,5949461.0,0.446,714.0,4,0,17.7,4.6,7,Low
696,Agriculture,Nakuru,Q3,Working Capital,Secondary,4.3,5,1122063.0,1506580.0,6,18.1,2258008.0,0.228,600.0,1,1,71.9,3.2,6,Low
697,Technology,Nairobi,Q3,Inventory Financing,Primary,0.6,8,1653850.0,4225931.0,6,16.38,,0.133,661.0,0,0,52.3,,6,Medium
698,Agriculture,Nairobi,Q2,Inventory Financing,Certificate,7.3,7,5278536.0,2679205.0,36,18.45,3165227.0,0.486,597.0,2,0,57.5,3.0,5,Low
699,Manufacturing,Nakuru,Q2,Equipment Purchase,Secondary,3.7,5,1082730.0,2978731.0,12,16.77,5132547.0,0.103,663.0,4,1,40.2,2.8,2,Low
700,Hospitality,Nakuru,Q2,Inventory Financing,Primary,5.8,10,1779760.0,3082778.0,36,17.16,1693430.0,0.281,,3,2,52.4,2.6,3,Low
701,Agriculture,Nakuru,Q4,Working Capital,Bachelors,4.6,4,3361931.0,5091604.0,24,18.85,,0.474,624.0,2,0,0.0,5.0,5,Medium
702,Services,Eldoret,Q2,Inventory Financing,Secondary,10.0,8,1372525.0,2262477.0,12,18.96,2563771.0,0.721,715.0,1,0,64.2,5.0,12,Low
703,Agriculture,Nakuru,Q3,Inventory Financing,Masters,6.4,8,2504235.0,3471896.0,6,23.55,,0.467,419.0,3,2,56.6,4.5,3,High
704,Services,Kisumu,Q1,Business Expansion,Diploma,4.8,5,1580020.0,3732788.0,6,15.83,2860471.0,0.504,629.0,1,1,100.0,2.7,4,Low
705,Agriculture,Eldoret,Q2,Inventory Financing,Certificate,0.6,14,1456413.0,4295565.0,60,14.39,1686512.0,0.217,635.0,6,0,48.8,3.8,6,Low
706,Retail,Nairobi,Q1,Business Expansion,Primary,3.4,4,1586334.0,2617971.0,18,10.59,2741976.0,0.774,472.0,0,0,100.0,4.0,8,Medium
707,Agriculture,Nairobi,Q1,Business Expansion,Bachelors,12.2,7,1654906.0,3395432.0,18,18.99,4495767.0,0.508,610.0,3,1,65.4,4.1,10,Low
708,Agriculture,Eldoret,Q4,Equipment Purchase,Secondary,14.7,6,3251250.0,4746167.0,36,21.13,5807451.0,0.632,544.0,3,0,33.0,2.9,5,Low
709,Retail,Nairobi,Q1,Working Capital,Bachelors,8.2,7,672114.0,624844.0,18,16.09,,0.299,586.0,0,0,29.3,4.3,10,Medium
710,Manufacturing,Kisumu,Q1,Working Capital,Diploma,5.3,9,777993.0,678760.0,36,14.94,653811.0,0.408,611.0,0,0,29.1,5.0,4,Low
711,Services,Nairobi,Q4,Inventory Financing,Certificate,4.1,3,1281121.0,3499479.0,18,13.13,3490904.0,0.135,776.0,0,0,79.8,4.6,5,Low
712,Retail,Mombasa,Q4,Working Capital,Primary,0.7,7,617340.0,1744761.0,24,15.92,2719643.0,0.454,565.0,2,0,68.0,4.2,6,Medium
713,Agriculture,Other,Q1,Business Expansion,Certificate,2.5,8,919291.0,678181.0,48,8.39,363401.0,0.671,534.0,3,0,48.3,3.8,3,Medium
714,Services,Nakuru,Q4,Working Capital,Primary,6.4,8,819591.0,2406280.0,12,18.2,,0.686,715.0,0,0,73.6,3.1,7,Medium
715,Hospitality,Mombasa,Q4,Business Expansion,Bachelors,3.6,9,1580125.0,4387996.0,12,13.48,6313279.0,0.515,724.0,3,2,45.9,3.6,5,Low
716,Hospitality,Nairobi,Q4,Inventory Financing,Bachelors,7.1,8,605150.0,764863.0,12,17.42,,0.411,711.0,1,0,46.2,5.0,8,Medium
717,Hospitality,Other,Q2,Business Expansion,Secondary,6.7,2,1472550.0,4749853.0,12,21.2,5324157.0,0.092,498.0,1,1,44.0,,8,Low
718,Agriculture,Nakuru,Q4,Working Capital,Diploma,11.7,7,1246674.0,1190357.0,60,10.68,,0.216,651.0,1,1,14.9,3.9,5,Medium
719,Manufacturing,Mombasa,Q1,Business Expansion,Secondary,10.4,8,3593160.0,12165049.0,24,14.75,5645339.0,0.927,647.0,2,1,45.9,4.4,7,Low
720,Agriculture,Other,Q1,Equipment Purchase,Bachelors,7.1,5,637195.0,192639.0,6,12.98,140762.0,0.146,734.0,0,0,47.9,4.1,6,Low
721,Retail,Nakuru,Q1,Inventory Financing,Secondary,7.8,6,621475.0,861755.0,12,12.83,630850.0,0.267,592.0,1,1,60.1,4.7,7,Medium
722,Services,Other,Q1,Working Capital,Secondary,11.1,6,680201.0,2175143.0,24,18.69,1294086.0,0.172,677.0,2,1,36.4,2.8,9,Low
723,Technology,Nakuru,Q4,Working Capital,Secondary,7.8,12,865344.0,2085111.0,18,18.63,,0.383,373.0,3,1,35.8,3.8,5,High
724,Retail,Other,Q2,Inventory Financing,Masters,2.7,12,922623.0,1512043.0,48,17.64,,0.298,557.0,3,0,81.6,3.2,8,Medium
725,Retail,Kisumu,Q2,Inventory Financing,Bachelors,5.1,15,2495524.0,5458493.0,6,17.36,9154708.0,0.369,619.0,1,1,40.6,3.3,13,Low
726,Retail,Nakuru,Q1,Inventory Financing,Certificate,6.8,5,1031469.0,2184253.0,12,14.71,,0.235,563.0,2,1,44.1,3.5,6,Medium
727,Services,Other,Q3,Equipment Purchase,Bachelors,14.0,5,1663160.0,5593685.0,24,16.56,6637899.0,0.704,688.0,3,2,37.5,3.7,5,Low
728,Technology,Nairobi,Q1,Business Expansion,Certificate,5.0,7,1546935.0,1855399.0,12,18.37,1124987.0,0.352,568.0,2,2,66.0,4.2,5,Medium
729,Retail,Mombasa,Q1,Inventory Financing,Secondary,2.1,7,2296110.0,7636040.0,12,18.48,13475572.0,0.256,614.0,1,2,66.0,3.1,4,Low
730,Hospitality,Kisumu,Q4,Business Expansion,Bachelors,13.8,9,769452.0,1577933.0,18,14.78,1618692.0,0.136,680.0,1,0,47.1,3.9,4,Low
731,Retail,Nairobi,Q4,Working Capital,Primary,1.1,7,937758.0,2957291.0,12,17.28,,0.561,628.0,4,0,27.0,3.9,6,High
732,Agriculture,Eldoret,Q4,Working Capital,Bachelors,5.5,7,1660860.0,1233187.0,12,13.97,,0.631,424.0,1,0,48.7,4.5,4,High
733,Technology,Nakuru,Q2,Working Capital,Masters,3.9,5,3925523.0,8382591.0,6,11.53,14006778.0,0.72,612.0,2,0,94.4,3.6,9,Low
734,Retail,Other,Q4,Working Capital,Primary,4.4,8,1076976.0,1048584.0,6,21.66,739044.0,0.412,632.0,1,0,38.2,4.3,6,Low
735,Retail,Mombasa,Q1,Working Capital,Bachelors,14.6,8,1178439.0,644025.0,18,16.06,448882.0,0.34,,4,0,43.3,4.0,6,Low
736,Agriculture,Mombasa,Q2,Equipment Purchase,Bachelors,2.8,10,2579224.0,4971800.0,12,15.87,2908612.0,0.421,850.0,2,0,74.1,2.0,4,Low
737,Agriculture,Other,Q2,Business Expansion,Primary,1.6,10,1679433.0,1385006.0,36,13.7,1536869.0,0.278,625.0,1,1,70.4,4.5,4,Low
738,Services,Mombasa,Q4,Inventory Financing,Certificate,4.4,15,1656547.0,975665.0,24,16.25,,0.395,714.0,1,1,43.7,,9,Medium
739,Hospitality,Other,Q4,Equipment Purchase,Secondary,4.0,10,5261957.0,11205203.0,48,14.36,7640895.0,0.715,650.0,0,2,38.7,2.9,1,Low
740,Retail,Mombasa,Q4,Working Capital,Certificate,6.6,9,1069857.0,3242234.0,36,18.1,5020972.0,0.522,627.0,2,0,81.2,3.3,8,Low
741,Hospitality,Nairobi,Q2,Inventory Financing,Certificate,3.5,8,2652714.0,3355741.0,48,20.33,4038120.0,0.069,813.0,2,0,56.2,3.6,9,Low
742,Technology,Nairobi,Q2,Inventory Financing,Certificate,2.8,12,5474366.0,3234303.0,12,14.34,3391602.0,0.28,594.0,1,1,43.4,3.1,5,Low
743,Services,Nairobi,Q4,Inventory Financing,Primary,4.7,7,1256654.0,1371820.0,12,13.42,,0.119,714.0,1,2,55.8,3.6,13,Medium
744,Retail,Mombasa,Q1,Working Capital,Secondary,4.2,12,7138179.0,18857495.0,36,15.73,,0.322,583.0,1,1,28.7,1.2,6,Medium
745,Services,Nairobi,Q2,Business Expansion,Secondary,2.3,9,2588965.0,6501122.0,24,16.33,2144104.0,0.251,655.0,3,0,28.5,2.7,6,Low
746,Hospitality,Other,Q1,Business Expansion,Diploma,2.2,6,2013005.0,6550436.0,12,14.66,8715929.0,0.629,617.0,3,0,84.9,3.7,7,Low
747,Services,Other,Q3,Equipment Purchase,Diploma,4.8,7,4307214.0,13890339.0,6,11.62,8612521.0,0.849,710.0,3,0,50.5,4.9,9,Low
748,Retail,Nairobi,Q2,Working Capital,Bachelors,8.3,7,2057007.0,2749757.0,12,16.87,,0.291,639.0,5,0,27.2,5.0,9,Medium
749,Services,Nairobi,Q3,Inventory Financing,Diploma,5.2,7,346793.0,689657.0,36,16.22,,0.66,758.0,0,0,78.7,3.3,1,Medium
750,Retail,Nairobi,Q4,Equipment Purchase,Bachelors,2.7,5,1960493.0,2223190.0,36,15.7,965276.0,0.114,,1,1,55.1,3.7,9,Low
751,Agriculture,Other,Q1,Working Capital,Diploma,2.7,6,1492086.0,4143595.0,36,14.07,,0.378,604.0,2,1,73.4,2.6,9,Medium
752,Manufacturing,Nairobi,Q1,Working Capital,Secondary,2.9,8,656601.0,2018832.0,12,15.96,,0.499,641.0,2,2,46.4,3.6,7,High
753,Agriculture,Nakuru,Q1,Business Expansion,Primary,3.4,6,2643617.0,5918201.0,24,15.26,7274916.0,0.276,752.0,1,1,67.3,4.0,5,Low
754,Retail,Nairobi,Q2,Working Capital,Bachelors,16.2,10,1399647.0,4903427.0,6,13.31,,0.808,707.0,1,0,65.6,2.1,3,Medium
755,Retail,Nairobi,Q4,Inventory Financing,Diploma,7.1,7,1008560.0,3397783.0,48,16.19,,0.298,540.0,1,0,29.5,4.1,6,Medium
756,Hospitality,Nairobi,Q2,Working Capital,Secondary,3.8,8,6860030.0,8058546.0,36,15.26,10174543.0,0.076,737.0,2,1,60.8,3.9,8,Low
757,Retail,Nakuru,Q4,Equipment Purchase,Diploma,1.5,9,3422977.0,3078732.0,36,16.97,1828276.0,0.417,427.0,4,1,75.5,2.3,4,Medium
758,Retail,Nairobi,Q4,Working Capital,Masters,10.5,7,4963503.0,4627309.0,12,15.22,8305653.0,0.143,682.0,3,0,36.4,3.9,10,Low
759,Retail,Other,Q4,Working Capital,Diploma,5.7,8,5443553.0,6080937.0,18,17.25,,0.662,693.0,2,0,38.6,2.0,2,Medium
760,Agriculture,Kisumu,Q1,Inventory Financing,Secondary,13.3,12,846912.0,1298904.0,18,11.22,2309490.0,0.366,647.0,2,0,22.1,1.7,5,Low
761,Hospitality,Nairobi,Q3,Working Capital,Bachelors,10.4,9,6130734.0,5099765.0,6,15.8,2361285.0,0.541,,3,0,50.5,4.0,13,Low
762,Agriculture,Nairobi,Q3,Business Expansion,Certificate,3.9,8,884205.0,997398.0,18,11.03,480819.0,0.399,636.0,3,2,46.6,4.2,8,Medium
763,Hospitality,Nakuru,Q3,Inventory Financing,Primary,7.5,6,925568.0,3011067.0,36,20.68,,0.54,597.0,4,3,47.9,,4,High
764,Retail,Nakuru,Q2,Working Capital,Primary,0.7,12,2036513.0,5020062.0,24,15.66,,0.531,525.0,3,2,37.1,3.6,10,High
765,Hospitality,Nairobi,Q2,Working Capital,Masters,4.4,7,1381604.0,2898033.0,60,17.36,,0.193,576.0,3,0,100.0,3.9,4,Medium
766,Services,Nairobi,Q3,Equipment Purchase,Primary,4.7,6,5177043.0,13647518.0,36,15.0,18091289.0,0.323,601.0,1,0,63.4,3.9,7,Low
767,Retail,Mombasa,Q2,Working Capital,Bachelors,4.2,7,1368924.0,3230418.0,24,16.62,,0.555,616.0,2,0,29.1,3.7,6,Medium
768,Hospitality,Other,Q4,Inventory Financing,Primary,2.5,6,2545235.0,6788548.0,12,16.54,4334484.0,0.152,480.0,0,1,70.4,4.8,9,Low
769,Services,Kisumu,Q1,Working Capital,Certificate,3.3,8,1683471.0,1229171.0,36,14.91,,0.484,757.0,5,1,17.8,4.0,5,Medium
770,Hospitality,Other,Q4,Business Expansion,Secondary,1.2,8,1023113.0,2403457.0,24,11.24,1911322.0,0.379,741.0,2,1,71.2,3.5,5,Low
771,Services,Nakuru,Q3,Working Capital,Secondary,11.0,10,1590705.0,1323869.0,24,13.32,1875662.0,0.354,810.0,3,0,84.3,3.6,14,Low
772,Technology,Kisumu,Q4,Working Capital,Primary,1.5,7,1260322.0,2148884.0,60,16.67,,0.423,657.0,0,0,1.4,5.0,7,Medium
773,Hospitality,Mombasa,Q1,Working Capital,Certificate,2.3,4,1864741.0,3087775.0,24,17.77,1432495.0,0.157,747.0,2,1,66.0,,11,Low
774,Services,Nakuru,Q2,Inventory Financing,Bachelors,18.3,7,1886007.0,2948698.0,48,14.62,4678407.0,0.452,601.0,2,1,32.4,3.6,5,Low
775,Retail,Mombasa,Q4,Business Expansion,Diploma,3.2,7,2930100.0,6155774.0,12,13.63,2110460.0,0.277,676.0,2,1,45.4,2.9,11,Low
776,Retail,Eldoret,Q2,Business Expansion,Secondary,10.8,6,1578397.0,4036760.0,12,15.57,4781723.0,0.161,652.0,2,1,71.2,3.5,1,Low
777,Hospitality,Nairobi,Q2,Working Capital,Bachelors,10.8,4,2264918.0,1342885.0,24,13.95,1242156.0,0.766,549.0,4,0,26.4,4.2,4,Medium
778,Manufacturing,Nairobi,Q1,Working Capital,Bachelors,2.8,7,4818140.0,12680357.0,36,17.21,20392759.0,0.389,619.0,1,1,100.0,3.3,5,Low
779,Technology,Other,Q4,Inventory Financing,Certificate,4.4,9,2368270.0,5212012.0,48,9.7,5392740.0,0.296,636.0,1,1,36.4,2.9,9,Low
780,Retail,Mombasa,Q2,Business Expansion,Certificate,1.4,8,9829869.0,9638357.0,36,12.13,13950444.0,0.389,554.0,2,0,84.8,4.3,9,Low
781,Manufacturing,Other,Q4,Business Expansion,Primary,7.1,6,1948871.0,2220778.0,6,18.49,2254920.0,0.263,677.0,1,1,82.0,4.4,6,Low
782,Agriculture,Other,Q1,Equipment Purchase,Primary,14.9,9,2448528.0,5242258.0,48,16.29,4609118.0,0.312,659.0,2,1,62.5,3.4,5,Low
783,Retail,Kisumu,Q4,Working Capital,Certificate,8.0,10,2700595.0,7271549.0,48,22.81,,0.361,575.0,0,1,53.8,2.8,7,Medium
784,Technology,Nairobi,Q4,Inventory Financing,Secondary,1.3,8,3506495.0,8471074.0,24,12.72,13127544.0,0.507,537.0,1,0,61.3,2.6,0,Low
785,Manufacturing,Eldoret,Q1,Working Capital,Masters,18.4,12,3429515.0,4414941.0,24,19.63,,0.47,730.0,0,1,63.5,3.1,7,Low
786,Retail,Nakuru,Q1,Working Capital,Diploma,4.4,9,1713688.0,2641279.0,18,16.59,,0.542,707.0,2,0,68.0,4.1,7,Low
787,Technology,Nairobi,Q3,Business Expansion,Secondary,9.8,5,1660370.0,3866376.0,12,20.97,3294960.0,0.196,618.0,2,1,3.3,3.2,7,Low
788,Retail,Other,Q1,Working Capital,Diploma,5.3,12,1375152.0,3977789.0,24,20.48,3086554.0,0.087,690.0,3,0,57.9,3.0,4,Low
789,Retail,Mombasa,Q4,Business Expansion,Secondary,4.7,7,1758747.0,5254079.0,60,12.98,3556300.0,0.423,671.0,1,0,57.9,4.2,7,Low
790,Hospitality,Nairobi,Q4,Business Expansion,Bachelors,11.3,10,725485.0,2091055.0,18,13.74,2166370.0,0.524,553.0,5,1,100.0,4.1,9,Medium
791,Technology,Nairobi,Q3,Equipment Purchase,Diploma,14.9,7,917945.0,1947938.0,36,14.37,1295619.0,0.503,653.0,5,0,49.9,4.3,4,Medium
792,Retail,Nairobi,Q4,Equipment Purchase,Diploma,7.1,7,868904.0,1881150.0,6,23.27,2006867.0,0.684,620.0,3,1,63.9,4.8,5,Medium
793,Technology,Kisumu,Q1,Equipment Purchase,Secondary,11.2,12,4740962.0,16391793.0,6,17.81,21350251.0,0.444,680.0,3,2,11.0,3.7,7,Low
794,Manufacturing,Other,Q4,Working Capital,Certificate,2.3,5,1997147.0,4832978.0,6,12.38,,0.087,577.0,1,0,28.8,2.9,6,Medium
795,Retail,Nairobi,Q4,Working Capital,Bachelors,4.3,8,3355917.0,8421771.0,24,10.66,,0.486,533.0,3,1,36.9,4.6,5,High
796,Agriculture,Nairobi,Q2,Equipment Purchase,Certificate,4.0,11,1494963.0,2337658.0,12,17.31,1682487.0,0.223,559.0,0,1,55.3,3.5,9,Low
797,Agriculture,Nakuru,Q4,Working Capital,Primary,2.6,9,2097119.0,6333699.0,12,16.78,,0.381,540.0,3,0,17.8,3.4,5,High
798,Agriculture,Mombasa,Q1,Working Capital,Certificate,8.6,10,1090257.0,1658168.0,18,14.55,2432714.0,0.561,662.0,1,3,68.0,2.3,3,Low
799,Services,Mombasa,Q2,Equipment Purchase,Bachelors,3.6,10,498302.0,893395.0,18,16.72,462166.0,0.33,512.0,0,0,49.3,3.1,7,Medium
800,Manufacturing,Other,Q4,Business Expansion,Certificate,3.1,6,1452086.0,4663733.0,24,10.81,5099735.0,0.208,697.0,1,0,4.4,2.5,10,Low
801,Technology,Other,Q1,Equipment Purchase,Masters,5.1,7,1273045.0,1570975.0,18,16.33,1507173.0,0.361,639.0,1,1,81.1,3.0,7,Low
802,Retail,Other,Q2,Working Capital,Diploma,3.0,9,1145924.0,3167382.0,6,17.03,,0.217,750.0,1,2,62.2,4.8,8,Medium
803,Services,Eldoret,Q3,Business Expansion,Bachelors,0.7,8,677901.0,693687.0,36,17.11,707202.0,0.078,730.0,1,1,80.6,3.0,10,Low
804,Hospitality,Nairobi,Q4,Inventory Financing,Primary,3.9,8,2504187.0,1741689.0,12,13.91,,0.281,585.0,1,0,27.9,3.3,7,Medium
805,Services,Nairobi,Q4,Business Expansion,Diploma,1.0,11,2715928.0,9299807.0,48,16.49,4020964.0,0.124,714.0,1,1,44.6,5.0,9,Low
806,Services,Kisumu,Q1,Business Expansion,Diploma,11.5,9,2692303.0,6634402.0,18,14.64,7030671.0,0.71,746.0,0,1,83.8,4.7,9,Low
807,Technology,Other,Q2,Working Capital,Certificate,7.7,11,3610476.0,4359416.0,36,8.93,,0.362,703.0,3,1,38.7,5.0,6,Medium
808,Retail,Nairobi,Q1,Inventory Financing,Bachelors,7.0,11,1062078.0,1066696.0,24,8.72,,0.99,687.0,1,0,0.0,2.1,3,High
809,Agriculture,Kisumu,Q2,Business Expansion,Primary,4.8,7,2541955.0,7933492.0,6,18.39,9390993.0,0.303,616.0,0,0,57.7,4.9,7,Low
810,Technology,Mombasa,Q3,Working Capital,Certificate,2.7,5,1623900.0,2334806.0,36,12.66,2825727.0,0.533,652.0,1,0,41.8,2.3,4,Low
811,Technology,Mombasa,Q2,Business Expansion,Secondary,10.2,13,1377514.0,3796108.0,36,17.98,2177996.0,0.475,806.0,3,1,24.2,3.7,6,Low
812,Hospitality,Nairobi,Q3,Business Expansion,Masters,4.4,6,1752310.0,4668057.0,24,13.28,7532733.0,0.36,566.0,1,0,42.9,3.5,9,Low
813,Technology,Nairobi,Q2,Equipment Purchase,Bachelors,8.5,8,999942.0,2545197.0,48,17.4,4205799.0,0.452,711.0,2,0,80.7,3.9,6,Low
814,Hospitality,Nairobi,Q3,Equipment Purchase,Secondary,5.1,12,1417166.0,3553443.0,48,20.06,3095072.0,0.345,,1,2,45.7,2.8,10,Low
815,Hospitality,Nairobi,Q3,Business Expansion,Secondary,6.9,4,1769861.0,5203921.0,60,22.85,8595827.0,0.31,529.0,1,2,88.4,3.0,3,Low
816,Services,Kisumu,Q3,Business Expansion,Primary,6.1,6,574518.0,1617235.0,12,15.18,1954093.0,0.113,705.0,2,0,56.3,3.8,6,Low
817,Agriculture,Mombasa,Q1,Business Expansion,Secondary,2.1,8,4357538.0,13725290.0,24,21.03,4302692.0,0.357,805.0,0,1,68.8,2.4,5,Low
818,Agriculture,Nakuru,Q3,Working Capital,Masters,2.1,13,3113632.0,3598562.0,60,17.23,1907826.0,0.373,751.0,0,2,42.8,1.5,4,Low
819,Hospitality,Nakuru,Q2,Working Capital,Bachelors,5.2,7,2906909.0,2637645.0,36,8.0,1721952.0,0.472,841.0,0,2,41.4,3.7,11,Low
820,Hospitality,Other,Q1,Inventory Financing,Bachelors,1.6,11,4970963.0,2800557.0,18,8.43,1197967.0,0.494,,0,0,11.6,3.5,7,Low
821,Retail,Nairobi,Q3,Equipment Purchase,Certificate,3.4,11,2616957.0,6507270.0,36,17.62,2215850.0,0.361,,1,0,61.0,3.5,5,Low
822,Retail,Other,Q1,Business Expansion,Certificate,3.9,7,2521720.0,8107107.0,24,19.68,8684367.0,0.198,651.0,1,0,63.7,3.4,5,Low
823,Services,Mombasa,Q1,Working Capital,Diploma,5.7,14,5028518.0,8012854.0,36,15.12,2932180.0,0.363,634.0,1,1,49.2,4.0,5,Low
824,Agriculture,Nakuru,Q2,Business Expansion,Bachelors,4.3,8,1277445.0,4118968.0,36,15.66,3720795.0,0.178,652.0,0,0,69.9,1.4,6,Low
825,Manufacturing,Other,Q1,Business Expansion,Primary,9.3,6,793043.0,2388434.0,36,13.7,3709826.0,0.314,654.0,2,1,62.4,4.7,4,Low
826,Services,Mombasa,Q3,Business Expansion,Secondary,4.8,11,3174510.0,2398057.0,18,13.54,2250322.0,0.193,634.0,1,1,63.2,4.2,4,Low
827,Retail,Mombasa,Q3,Inventory Financing,Diploma,1.3,11,1425448.0,2774458.0,18,19.4,3295216.0,0.752,635.0,1,2,48.3,2.0,9,Medium
828,Retail,Nakuru,Q1,Equipment Purchase,Secondary,3.1,12,3281477.0,6379983.0,24,15.24,3721563.0,0.182,,2,0,45.1,4.6,6,Low
829,Hospitality,Nairobi,Q4,Working Capital,Masters,1.2,7,2518327.0,5024630.0,48,13.99,5290482.0,0.193,633.0,4,0,28.7,3.6,12,Low
830,Hospitality,Kisumu,Q1,Working Capital,Primary,6.1,9,1141934.0,2963347.0,36,17.6,,0.386,543.0,2,0,27.4,4.9,5,Medium
831,Services,Nairobi,Q4,Working Capital,Masters,13.0,6,1870974.0,3011890.0,60,13.93,1806404.0,0.245,530.0,2,0,37.3,4.1,2,Low
832,Hospitality,Nairobi,Q2,Equipment Purchase,Secondary,3.6,7,853203.0,1960255.0,6,16.79,2578494.0,0.319,627.0,2,1,77.1,3.1,7,Low
833,Hospitality,Nakuru,Q4,Inventory Financing,Secondary,7.4,6,1863365.0,1851365.0,48,14.53,,0.669,819.0,1,0,84.3,,9,Low
834,Manufacturing,Other,Q2,Equipment Purchase,Certificate,11.5,7,1717342.0,5898444.0,6,16.95,9682742.0,0.542,751.0,3,0,70.6,3.9,3,Low
835,Retail,Other,Q4,Business Expansion,Diploma,4.1,6,2894085.0,7463590.0,24,15.17,8269988.0,0.493,646.0,2,0,0.0,3.7,7,Low
836,Retail,Nairobi,Q2,Business Expansion,Masters,9.1,4,6148525.0,11496890.0,36,10.62,14326769.0,0.814,650.0,1,1,36.4,3.3,1,Low
837,Manufacturing,Nairobi,Q1,Working Capital,Certificate,9.4,9,2214469.0,5066435.0,48,18.87,6789580.0,0.102,728.0,1,0,26.6,4.5,5,Low
838,Services,Kisumu,Q4,Working Capital,Bachelors,7.9,6,1532125.0,2245299.0,60,18.31,,0.301,481.0,1,0,34.4,3.5,7,High
839,Hospitality,Mombasa,Q3,Equipment Purchase,Bachelors,8.0,5,1973310.0,6444981.0,18,16.04,1931253.0,0.137,789.0,1,0,70.6,4.2,7,Low
840,Manufacturing,Mombasa,Q4,Working Capital,Masters,6.6,7,1699918.0,5530058.0,6,14.35,4211208.0,0.287,,5,0,55.9,3.4,4,Low
841,Retail,Eldoret,Q2,Working Capital,Certificate,1.1,13,1244416.0,4109949.0,18,19.65,3474354.0,0.365,675.0,5,0,35.7,2.0,10,Low
842,Hospitality,Nakuru,Q1,Business Expansion,Certificate,1.8,7,1957095.0,5567549.0,24,13.08,5214962.0,0.031,545.0,2,1,49.9,3.5,6,Low
843,Agriculture,Kisumu,Q2,Business Expansion,Primary,3.2,8,839949.0,2253641.0,6,16.96,3628871.0,0.724,803.0,2,0,24.0,1.6,8,Low
844,Retail,Nakuru,Q2,Working Capital,Certificate,2.9,8,1002383.0,739165.0,48,17.46,,0.453,689.0,2,2,67.4,4.4,5,Medium
845,Hospitality,Kisumu,Q3,Working Capital,Certificate,9.7,7,2189860.0,2621473.0,48,17.76,,0.847,751.0,2,2,54.1,2.4,9,Medium
846,Manufacturing,Nakuru,Q1,Inventory Financing,Secondary,8.4,8,3358705.0,4806023.0,18,15.25,,0.65,483.0,1,1,80.4,4.0,0,High
847,Agriculture,Other,Q4,Equipment Purchase,Bachelors,5.5,11,2460077.0,7013064.0,24,14.69,2100197.0,0.589,619.0,1,0,46.7,4.1,7,Low
848,Retail,Other,Q2,Working Capital,Secondary,7.5,14,1527156.0,1183016.0,24,21.58,1097688.0,0.317,748.0,3,0,47.0,3.7,7,Low
849,Manufacturing,Other,Q2,Business Expansion,Secondary,4.4,8,3552475.0,3676834.0,24,13.35,3064355.0,0.322,518.0,1,0,66.3,2.6,7,Low
850,Retail,Other,Q1,Business Expansion,Secondary,3.9,10,2124160.0,4994899.0,60,10.41,4057545.0,0.764,776.0,3,0,47.3,3.9,8,Low
851,Technology,Nairobi,Q2,Inventory Financing,Primary,3.4,7,5165876.0,8451492.0,24,11.26,,0.595,670.0,1,1,31.1,,5,Medium
852,Retail,Mombasa,Q1,Working Capital,Bachelors,4.4,12,2409312.0,8046102.0,6,15.88,,0.382,638.0,3,1,54.0,4.2,9,High
853,Retail,Eldoret,Q3,Business Expansion,Diploma,2.3,10,1685239.0,2794871.0,12,13.34,4401442.0,0.546,828.0,1,1,0.0,2.2,8,Low
854,Retail,Nairobi,Q1,Equipment Purchase,Diploma,3.9,6,806837.0,2578206.0,18,18.13,2705533.0,0.616,577.0,0,0,46.4,3.4,7,Medium
855,Technology,Kisumu,Q2,Working Capital,Certificate,10.3,4,4245470.0,8554129.0,18,19.12,11930306.0,0.458,665.0,0,0,8.4,3.5,8,Low
856,Hospitality,Nairobi,Q1,Equipment Purchase,Masters,0.6,7,3094916.0,4315623.0,24,10.27,3133333.0,0.224,622.0,1,0,47.8,4.6,6,Low
857,Manufacturing,Nairobi,Q1,Working Capital,Certificate,3.4,5,4121432.0,7355315.0,18,10.36,7951670.0,0.173,565.0,1,0,79.8,3.6,4,Low
858,Technology,Mombasa,Q3,Working Capital,Certificate,21.5,7,1530417.0,2396247.0,12,14.87,3392132.0,0.668,811.0,1,1,50.2,3.4,8,Low
859,Technology,Nairobi,Q4,Working Capital,Diploma,7.4,10,916345.0,458100.0,24,16.31,500959.0,0.546,472.0,1,4,63.6,3.9,4,High
860,Retail,Mombasa,Q1,Business Expansion,Masters,5.4,5,4231727.0,12704504.0,12,11.9,13268290.0,0.462,651.0,2,0,46.6,3.8,8,Low
861,Agriculture,Nairobi,Q2,Business Expansion,Bachelors,3.0,9,1709529.0,5444819.0,24,14.19,8495760.0,0.385,715.0,0,0,79.2,4.0,5,Low
862,Manufacturing,Other,Q4,Working Capital,Bachelors,3.4,13,364135.0,495349.0,18,10.08,,0.583,503.0,0,1,93.2,3.2,12,High
863,Manufacturing,Nairobi,Q4,Working Capital,Secondary,13.2,12,2964720.0,2679642.0,48,17.66,,0.047,645.0,2,1,54.1,2.9,3,Low
864,Hospitality,Mombasa,Q4,Inventory Financing,Masters,10.6,8,845318.0,2645713.0,60,19.86,,0.348,623.0,2,0,67.0,3.8,8,Medium
865,Hospitality,Other,Q1,Equipment Purchase,Bachelors,10.1,6,4610863.0,7635572.0,18,16.38,11090244.0,0.382,610.0,2,0,50.8,2.3,6,Low
866,Retail,Kisumu,Q2,Working Capital,Secondary,9.4,11,3736407.0,8852118.0,12,16.95,6634175.0,0.246,565.0,2,2,66.3,1.9,4,Low
867,Retail,Nairobi,Q1,Inventory Financing,Bachelors,4.0,4,493916.0,1588999.0,36,17.6,,0.504,844.0,2,1,39.2,3.9,5,Medium
868,Agriculture,Nairobi,Q3,Equipment Purchase,Masters,5.6,5,2197329.0,2366041.0,60,19.54,2101201.0,0.075,658.0,4,1,100.0,2.5,9,Low
869,Retail,Kisumu,Q2,Equipment Purchase,Bachelors,3.7,12,1710254.0,3093199.0,36,19.03,5099781.0,0.393,679.0,1,1,100.0,1.9,4,Low
870,Retail,Nairobi,Q4,Business Expansion,Bachelors,0.4,9,2430554.0,5583553.0,48,17.95,5048791.0,0.389,388.0,2,0,76.5,4.4,10,Low
871,Hospitality,Nairobi,Q1,Working Capital,Bachelors,3.0,7,789945.0,972048.0,24,18.57,1543368.0,0.788,548.0,2,1,68.1,3.3,12,Medium
872,Retail,Nakuru,Q1,Equipment Purchase,Bachelors,1.0,9,668952.0,1789421.0,60,11.92,1916642.0,0.572,538.0,6,0,43.0,2.9,2,Medium
873,Retail,Mombasa,Q2,Inventory Financing,Bachelors,6.5,9,3179751.0,6123706.0,60,17.51,3202241.0,0.304,583.0,1,2,26.4,,6,Low
874,Technology,Nairobi,Q3,Business Expansion,Primary,11.9,8,547754.0,1548070.0,18,13.78,1567940.0,0.931,612.0,1,0,59.7,2.6,4,High
875,Hospitality,Kisumu,Q2,Inventory Financing,Secondary,9.9,5,1757514.0,5278815.0,6,17.44,7828282.0,0.658,771.0,2,0,18.7,,6,Low
876,Retail,Nakuru,Q2,Working Capital,Secondary,1.5,10,2201394.0,4174475.0,12,16.18,,0.353,608.0,2,0,48.2,2.5,9,Medium
877,Manufacturing,Nairobi,Q2,Equipment Purchase,Certificate,0.9,8,2647118.0,8621051.0,18,16.24,10383426.0,0.556,658.0,3,1,40.0,3.9,5,Low
878,Retail,Nairobi,Q2,Working Capital,Primary,4.3,10,2164738.0,2649070.0,36,17.78,2165681.0,0.414,691.0,0,0,42.9,5.0,4,Low
879,Retail,Nairobi,Q1,Working Capital,Diploma,5.8,8,7648370.0,24299386.0,36,16.73,26070877.0,0.5,850.0,0,1,21.8,2.8,7,Low
880,Technology,Other,Q2,Working Capital,Masters,3.2,6,3682036.0,2663381.0,24,15.12,,0.577,,3,1,64.3,3.9,4,Medium
881,Services,Nairobi,Q2,Working Capital,Masters,6.2,3,1615328.0,1692952.0,18,21.77,,0.642,617.0,2,2,35.7,3.3,6,High
882,Manufacturing,Nairobi,Q1,Working Capital,Primary,2.7,7,1553987.0,3073942.0,18,16.44,3751484.0,0.18,830.0,1,0,27.5,3.1,4,Low
883,Retail,Nairobi,Q2,Equipment Purchase,Diploma,5.9,9,1114345.0,2067438.0,48,17.55,1591254.0,0.226,705.0,3,0,57.4,3.8,1,Low
884,Hospitality,Nakuru,Q3,Equipment Purchase,Secondary,10.5,11,2141407.0,6567593.0,18,15.3,9317887.0,0.967,593.0,4,0,35.7,4.6,4,Low
885,Retail,Other,Q1,Business Expansion,Bachelors,5.6,5,6834096.0,17122854.0,36,14.35,23041681.0,0.275,671.0,1,0,49.9,4.1,5,Low
886,Retail,Nairobi,Q1,Inventory Financing,Primary,5.1,7,2762111.0,5705013.0,36,13.77,9184155.0,0.384,596.0,2,1,67.6,4.0,7,Low
887,Retail,Other,Q4,Equipment Purchase,Secondary,4.1,8,1632999.0,5548421.0,12,16.31,7844775.0,0.877,715.0,0,2,75.9,4.5,1,Low
888,Retail,Nakuru,Q2,Business Expansion,Secondary,9.7,13,873714.0,2779376.0,36,16.1,4857143.0,0.166,528.0,1,0,81.2,3.7,5,Low
889,Manufacturing,Nairobi,Q1,Equipment Purchase,Primary,2.8,9,346816.0,272708.0,6,17.98,452883.0,0.168,588.0,2,1,95.7,3.4,7,Medium
890,Retail,Other,Q4,Working Capital,Diploma,4.9,9,1667016.0,4038285.0,18,14.77,,0.519,477.0,1,0,74.1,5.0,8,High
891,Retail,Nairobi,Q1,Equipment Purchase,Secondary,3.3,9,1049874.0,1577913.0,24,19.77,1866113.0,0.343,746.0,4,1,50.7,4.3,6,Low
892,Technology,Eldoret,Q2,Business Expansion,Bachelors,3.8,12,2188239.0,6407627.0,24,18.9,9504460.0,0.683,769.0,0,0,54.8,3.8,11,Low
893,Hospitality,Nairobi,Q4,Inventory Financing,Masters,4.4,9,851877.0,1163939.0,36,8.86,,0.717,784.0,2,0,75.0,5.0,4,Low
894,Hospitality,Mombasa,Q2,Inventory Financing,Certificate,0.9,8,2660437.0,8694606.0,48,11.57,,0.738,590.0,4,2,55.2,3.9,7,High
895,Retail,Kisumu,Q1,Working Capital,Certificate,7.5,6,1565444.0,4583384.0,6,14.56,7076255.0,0.612,568.0,3,0,86.3,4.2,4,Low
896,Services,Other,Q4,Business Expansion,Doctorate,12.1,10,1298565.0,760351.0,36,16.25,381151.0,0.424,,1,0,27.0,4.6,9,Low
897,Manufacturing,Other,Q4,Working Capital,Secondary,12.8,5,2363155.0,5158544.0,18,17.43,2629830.0,0.401,623.0,1,0,23.5,2.3,5,Low
898,Agriculture,Kisumu,Q3,Business Expansion,Bachelors,14.1,5,1457289.0,2385543.0,18,17.03,3165623.0,0.159,759.0,0,0,50.2,4.0,8,Low
899,Manufacturing,Nairobi,Q1,Inventory Financing,Bachelors,0.6,11,1598543.0,4530167.0,18,14.99,7009824.0,0.09,757.0,2,0,37.5,3.5,3,Low
900,Retail,Mombasa,Q3,Business Expansion,Primary,4.0,9,1074080.0,2562324.0,12,20.84,2008846.0,0.367,436.0,1,1,55.3,3.8,6,Medium
901,Retail,Mombasa,Q1,Working Capital,Secondary,4.2,9,2330198.0,6535563.0,12,12.02,4943805.0,0.412,658.0,4,1,97.3,4.5,5,Low
902,Agriculture,Other,Q1,Equipment Purchase,Bachelors,7.5,10,615975.0,1325359.0,12,14.49,1225821.0,0.624,620.0,2,2,72.0,3.2,5,Medium
903,Technology,Nakuru,Q3,Working Capital,Primary,4.1,12,1616784.0,5616678.0,18,13.78,,0.328,555.0,2,0,55.8,1.9,10,High
904,Services,Mombasa,Q3,Business Expansion,Bachelors,5.1,6,2507876.0,1520332.0,24,16.24,727170.0,0.038,607.0,1,0,66.4,4.2,7,Low
905,Manufacturing,Mombasa,Q2,Business Expansion,Bachelors,2.2,8,2925090.0,6723552.0,12,16.9,8804298.0,0.329,652.0,1,0,30.1,2.9,4,Low
906,Agriculture,Eldoret,Q2,Business Expansion,Bachelors,10.1,12,2651676.0,7703811.0,60,15.9,9799388.0,0.143,652.0,1,0,84.1,3.6,7,Low
907,Retail,Nairobi,Q3,Equipment Purchase,Bachelors,2.0,5,3844751.0,12556144.0,24,17.21,7362709.0,0.292,575.0,0,1,62.4,2.8,6,Low
908,Services,Other,Q3,Business Expansion,Diploma,5.2,12,2053889.0,2594720.0,36,15.8,1153434.0,0.501,411.0,2,1,57.0,3.2,3,High
909,Retail,Nakuru,Q1,Working Capital,Bachelors,17.5,10,10667421.0,13720877.0,24,19.6,11822518.0,0.739,579.0,3,1,61.7,1.6,8,Low
910,Retail,Mombasa,Q2,Inventory Financing,Certificate,5.8,7,1269225.0,2616091.0,12,14.16,1556317.0,0.308,526.0,2,0,65.6,3.3,2,Low
911,Manufacturing,Nakuru,Q3,Inventory Financing,Certificate,4.0,5,472618.0,1522656.0,60,14.29,,0.636,752.0,0,0,54.4,4.0,5,Low
912,Services,Mombasa,Q1,Working Capital,Bachelors,10.5,12,465508.0,752770.0,18,17.44,692566.0,0.347,790.0,2,0,29.5,4.3,2,Low
913,Services,Nairobi,Q3,Equipment Purchase,Certificate,8.8,9,547836.0,900500.0,18,16.88,878276.0,0.258,615.0,2,1,64.3,3.3,6,Medium
914,Agriculture,Mombasa,Q4,Business Expansion,Secondary,4.6,9,1701445.0,2298608.0,48,17.1,1455449.0,0.219,581.0,0,2,27.8,3.2,7,Medium
915,Retail,Nairobi,Q3,Working Capital,Secondary,5.0,9,582035.0,710563.0,60,15.85,,0.464,655.0,1,1,26.2,,7,Medium
916,Retail,Nairobi,Q3,Working Capital,Certificate,6.8,7,694400.0,530022.0,12,11.83,,0.694,764.0,1,0,69.2,2.9,12,Medium
917,Services,Mombasa,Q4,Working Capital,Certificate,13.4,10,3018885.0,8189110.0,6,16.74,5772426.0,0.122,631.0,5,0,68.3,4.1,6,Low
918,Technology,Other,Q4,Business Expansion,Bachelors,3.7,7,540475.0,483175.0,60,13.63,145438.0,0.693,538.0,0,2,71.1,,3,High
919,Retail,Nairobi,Q1,Working Capital,Bachelors,7.3,13,1863076.0,2665127.0,18,17.98,,0.216,709.0,0,0,60.3,3.9,7,Low
920,Services,Kisumu,Q2,Equipment Purchase,Bachelors,3.0,6,2934538.0,7418589.0,6,16.87,6248747.0,0.238,467.0,4,1,56.9,4.5,4,Low
921,Hospitality,Other,Q2,Inventory Financing,Bachelors,1.1,14,3473038.0,11904067.0,12,16.06,13613894.0,0.18,494.0,4,0,10.8,4.6,8,Low
922,Hospitality,Other,Q2,Working Capital,Certificate,6.7,7,2057128.0,4202335.0,24,14.51,,0.459,630.0,1,1,93.7,3.9,8,Medium
923,Agriculture,Other,Q4,Business Expansion,Certificate,2.2,9,680413.0,1319831.0,36,18.69,827734.0,0.358,612.0,1,0,36.0,3.1,4,Medium
924,Retail,Nakuru,Q1,Equipment Purchase,Bachelors,4.3,10,907529.0,2925821.0,36,15.69,4507704.0,1.045,614.0,2,1,64.1,3.6,2,Medium
925,Agriculture,Kisumu,Q1,Equipment Purchase,Secondary,9.5,7,4607578.0,6730987.0,60,11.56,11280036.0,0.315,703.0,0,0,51.3,4.0,8,Low
926,Retail,Kisumu,Q2,Equipment Purchase,Bachelors,2.3,5,4601466.0,10905920.0,36,18.76,5296775.0,0.503,813.0,3,0,43.2,3.9,10,Low
927,Manufacturing,Kisumu,Q4,Equipment Purchase,Diploma,4.4,10,1304067.0,4178003.0,18,21.46,5153682.0,0.647,734.0,2,0,15.6,4.3,3,Low
928,Agriculture,Mombasa,Q2,Inventory Financing,Diploma,4.1,10,2986023.0,4119875.0,18,18.66,,0.436,698.0,1,1,69.6,3.6,5,Medium
929,Services,Mombasa,Q3,Business Expansion,Diploma,1.7,12,2676103.0,8130780.0,24,16.89,12413439.0,0.747,738.0,1,0,51.4,4.5,7,Low
930,Services,Nairobi,Q1,Equipment Purchase,Diploma,4.9,5,1383367.0,935655.0,60,13.5,860352.0,0.332,688.0,5,0,69.3,2.4,6,Low
931,Hospitality,Nairobi,Q2,Working Capital,Secondary,7.3,6,3493552.0,7831476.0,36,14.95,4738932.0,0.237,798.0,4,0,45.7,5.0,10,Low
932,Hospitality,Mombasa,Q2,Equipment Purchase,Primary,1.2,4,924770.0,1749204.0,18,18.09,1509972.0,0.171,646.0,1,0,3.8,3.5,4,Low
933,Technology,Eldoret,Q2,Inventory Financing,Masters,3.5,10,2470747.0,3310633.0,24,18.43,2214981.0,0.713,725.0,3,1,56.5,5.0,6,Low
934,Agriculture,Kisumu,Q2,Inventory Financing,Bachelors,6.2,7,2593656.0,3885978.0,36,16.23,5984357.0,0.581,760.0,0,0,72.2,4.5,7,Low
935,Retail,Nairobi,Q1,Working Capital,Diploma,7.3,14,1622849.0,1272369.0,12,18.93,,0.403,674.0,1,0,61.6,3.6,7,Low
936,Retail,Other,Q4,Equipment Purchase,Diploma,6.0,5,1222963.0,2504172.0,18,21.41,2598540.0,0.518,714.0,3,1,61.6,2.1,8,Low
937,Technology,Nairobi,Q3,Equipment Purchase,Primary,17.7,7,5511278.0,13768301.0,18,16.15,13829975.0,0.374,631.0,1,2,87.1,2.7,6,Low
938,Agriculture,Other,Q2,Equipment Purchase,Certificate,8.1,6,1084922.0,3800917.0,12,17.92,2400419.0,0.466,667.0,3,0,13.1,,11,Low
939,Retail,Nakuru,Q3,Working Capital,Diploma,8.6,13,1027918.0,2402690.0,24,17.56,1646650.0,0.824,501.0,2,0,55.2,,7,High
940,Agriculture,Kisumu,Q4,Working Capital,Diploma,3.7,8,692555.0,500797.0,48,17.9,,0.731,637.0,1,0,78.3,2.9,2,Medium
941,Agriculture,Mombasa,Q1,Equipment Purchase,Secondary,7.0,5,1542497.0,3142034.0,12,19.82,3526501.0,0.235,637.0,1,1,40.3,3.5,4,Low
942,Hospitality,Other,Q1,Business Expansion,Primary,8.8,10,1618914.0,5225069.0,48,14.18,2806528.0,0.185,617.0,1,1,28.0,3.5,2,Low
943,Technology,Nairobi,Q1,Business Expansion,Masters,5.3,11,1032813.0,2521295.0,6,12.8,4313288.0,0.317,499.0,0,0,45.2,2.7,1,Low
944,Technology,Nairobi,Q1,Business Expansion,Bachelors,3.8,11,3505828.0,5899983.0,6,14.59,9647657.0,0.235,520.0,1,0,49.5,5.0,3,Low
945,Retail,Kisumu,Q2,Business Expansion,Secondary,10.8,5,2034524.0,1830367.0,48,14.2,2207146.0,0.549,572.0,2,1,59.3,4.0,7,Low
946,Retail,Nairobi,Q4,Working Capital,Bachelors,3.4,8,2476043.0,1756467.0,12,13.91,2655633.0,0.821,646.0,4,0,65.8,4.5,8,Medium
947,Hospitality,Mombasa,Q1,Working Capital,Bachelors,2.6,10,689592.0,1295961.0,12,18.11,2095855.0,0.237,545.0,2,0,62.8,4.3,3,Low
948,Services,Kisumu,Q1,Working Capital,Secondary,5.9,10,1433517.0,4301193.0,24,18.55,,0.34,572.0,2,2,57.5,4.5,4,High
949,Manufacturing,Nairobi,Q2,Working Capital,Bachelors,7.0,11,4904964.0,5636057.0,24,13.24,3687342.0,0.717,709.0,1,0,79.6,3.7,8,Low
950,Manufacturing,Other,Q1,Equipment Purchase,Certificate,4.6,5,3431388.0,9842881.0,6,9.27,14340828.0,0.464,725.0,4,0,65.6,3.8,6,Low
951,Agriculture,Nakuru,Q3,Equipment Purchase,Secondary,3.0,5,2296058.0,6948584.0,6,10.03,7430580.0,0.757,652.0,1,1,56.4,3.7,7,Low
952,Retail,Nairobi,Q3,Working Capital,Secondary,6.6,6,3758763.0,8861011.0,60,15.55,15144697.0,0.219,500.0,2,0,47.5,3.4,7,Low
953,Services,Eldoret,Q3,Working Capital,Diploma,3.6,6,2766992.0,1406521.0,12,15.47,,0.283,546.0,2,0,31.0,3.3,8,Medium
954,Retail,Kisumu,Q2,Inventory Financing,Diploma,3.5,8,2107515.0,2982531.0,18,12.41,3040242.0,0.241,596.0,2,2,81.8,3.5,6,Low
955,Manufacturing,Nakuru,Q4,Inventory Financing,Diploma,3.9,6,2259922.0,7330029.0,18,15.97,,0.399,561.0,4,2,36.3,4.0,7,High
956,Retail,Eldoret,Q1,Business Expansion,Primary,1.2,10,2287131.0,7606590.0,12,18.55,6929935.0,0.369,660.0,2,1,47.2,2.1,3,Low
957,Agriculture,Other,Q4,Working Capital,Bachelors,2.5,3,1322794.0,3607640.0,24,15.83,,0.339,712.0,2,1,40.1,4.7,5,Medium
958,Technology,Nairobi,Q3,Equipment Purchase,Secondary,1.8,10,5267862.0,15798066.0,12,17.45,18691579.0,0.419,652.0,1,0,60.5,2.6,8,Low
959,Agriculture,Other,Q4,Inventory Financing,Secondary,7.9,8,8796261.0,23620043.0,24,9.83,8380637.0,0.527,726.0,3,2,100.0,2.2,5,Low
960,Retail,Mombasa,Q3,Business Expansion,Diploma,7.1,9,2047993.0,3855910.0,60,17.3,2345476.0,0.814,,1,0,53.7,4.7,4,Medium
961,Hospitality,Nairobi,Q3,Business Expansion,Secondary,1.0,6,1659661.0,831521.0,12,14.05,981657.0,0.091,612.0,2,0,63.4,3.5,7,Low
962,Manufacturing,Mombasa,Q1,Business Expansion,Bachelors,2.2,8,7871665.0,23843439.0,18,16.09,30056110.0,0.295,580.0,1,1,64.9,2.4,6,Low
963,Retail,Mombasa,Q1,Inventory Financing,Diploma,4.6,9,2399101.0,1916796.0,24,11.16,,0.531,724.0,2,0,45.9,3.7,6,Low
964,Retail,Other,Q3,Business Expansion,Bachelors,14.3,6,2975952.0,3168918.0,12,13.51,5407591.0,0.353,646.0,2,0,56.5,2.5,5,Low
965,Retail,Kisumu,Q2,Working Capital,Secondary,5.3,8,2463440.0,4773061.0,36,13.16,,0.285,693.0,2,0,47.9,4.1,4,Medium
966,Agriculture,Nairobi,Q2,Equipment Purchase,Certificate,4.1,7,1904283.0,6347305.0,48,12.7,10602824.0,0.3,664.0,3,0,8.1,3.7,5,Low
967,Hospitality,Nakuru,Q2,Inventory Financing,Secondary,8.7,8,1537175.0,2599841.0,6,16.13,,0.235,571.0,0,0,92.5,3.2,5,Medium
968,Agriculture,Mombasa,Q4,Working Capital,Secondary,5.2,5,3046592.0,6373539.0,6,15.06,10266573.0,0.186,850.0,1,0,59.7,3.0,4,Low
969,Hospitality,Other,Q4,Working Capital,Certificate,3.8,10,696552.0,2180621.0,12,15.41,2939628.0,0.236,726.0,3,0,72.6,4.8,8,Low
970,Manufacturing,Nairobi,Q1,Working Capital,Bachelors,1.1,8,3412602.0,7204923.0,24,19.16,,0.63,694.0,0,1,19.9,3.5,7,Medium
971,Retail,Other,Q3,Working Capital,Diploma,8.6,11,5064594.0,3272530.0,12,17.21,,0.65,594.0,1,0,100.0,4.7,3,Medium
972,Technology,Other,Q1,Working Capital,Bachelors,11.9,9,1733590.0,3800729.0,24,16.89,4667847.0,0.496,490.0,2,1,74.7,3.6,10,Low
973,Technology,Nairobi,Q2,Inventory Financing,Secondary,5.1,5,1436175.0,4013954.0,36,17.71,,0.27,692.0,2,2,30.0,4.0,7,Medium
974,Agriculture,Mombasa,Q3,Business Expansion,Secondary,6.3,8,6634256.0,8844462.0,24,16.36,3064647.0,0.475,764.0,2,0,5.9,3.2,4,Low
975,Agriculture,Nairobi,Q2,Business Expansion,Primary,2.5,5,1586400.0,1769493.0,24,19.04,2943606.0,0.268,672.0,4,1,43.9,2.9,5,Low
976,Services,Kisumu,Q1,Equipment Purchase,Bachelors,8.0,5,1337763.0,4563662.0,12,17.34,7982991.0,0.223,691.0,3,0,56.3,3.7,2,Low
977,Hospitality,Nairobi,Q2,Equipment Purchase,Primary,4.2,8,3324930.0,2984076.0,12,14.73,3406654.0,0.281,656.0,2,0,57.6,3.6,7,Low
978,Services,Other,Q4,Inventory Financing,Diploma,3.1,9,879913.0,1033357.0,12,15.07,,0.372,,0,0,64.4,3.5,4,Medium
979,Hospitality,Nairobi,Q4,Working Capital,Diploma,12.5,7,530365.0,1413477.0,18,17.74,2381602.0,0.325,734.0,1,2,36.3,4.4,10,Low
980,Manufacturing,Nakuru,Q4,Equipment Purchase,Secondary,6.9,7,1890883.0,5058005.0,24,13.58,2189917.0,0.304,645.0,1,1,53.1,3.2,3,Low
981,Hospitality,Nakuru,Q3,Equipment Purchase,Masters,9.7,11,1400506.0,4133433.0,12,15.86,1476691.0,0.107,711.0,1,1,60.8,2.7,10,Low
982,Manufacturing,Nairobi,Q2,Business Expansion,Masters,6.8,6,1136653.0,1805512.0,18,15.76,949704.0,0.35,794.0,2,1,88.8,3.9,6,Low
983,Technology,Nairobi,Q3,Business Expansion,Secondary,1.8,6,1088247.0,2408979.0,24,15.14,1631130.0,0.29,777.0,0,0,43.7,3.4,8,Low
984,Retail,Other,Q4,Equipment Purchase,Secondary,0.9,6,1159651.0,1293135.0,12,15.46,2160221.0,0.514,624.0,2,1,45.9,3.2,2,Low
985,Services,Nairobi,Q2,Business Expansion,Diploma,2.5,5,1456912.0,1627417.0,48,17.15,2726186.0,0.072,707.0,1,1,32.2,2.5,3,Low
986,Agriculture,Nairobi,Q1,Working Capital,Diploma,7.1,6,432878.0,1115693.0,48,18.91,,0.204,577.0,5,1,44.7,,7,High
987,Hospitality,Nairobi,Q2,Business Expansion,Diploma,4.0,6,2989430.0,10050715.0,12,21.18,15173555.0,0.689,561.0,0,0,65.5,3.2,8,Low
988,Hospitality,Kisumu,Q4,Inventory Financing,Diploma,4.2,5,1455969.0,4622252.0,24,17.18,3312649.0,0.719,517.0,1,0,86.9,4.0,3,Medium
989,Retail,Mombasa,Q4,Equipment Purchase,Masters,5.5,10,1443791.0,3461596.0,24,17.91,3981943.0,0.905,645.0,3,2,28.1,3.5,5,Low
990,Retail,Nairobi,Q1,Business Expansion,Bachelors,3.5,5,1462113.0,2907156.0,12,18.62,2501300.0,0.389,753.0,1,1,27.7,3.6,4,Low
991,Manufacturing,Kisumu,Q2,Equipment Purchase,Secondary,3.3,11,3026860.0,4347263.0,24,11.2,1797840.0,0.429,711.0,3,0,63.1,3.4,10,Low
992,Retail,Eldoret,Q1,Equipment Purchase,Bachelors,3.6,7,2174949.0,1326176.0,12,12.15,1983950.0,0.685,543.0,1,0,45.6,3.4,6,Medium
993,Manufacturing,Nakuru,Q4,Business Expansion,Certificate,4.2,6,7563877.0,18499634.0,18,18.1,16773479.0,0.474,724.0,3,2,71.4,3.9,7,Low
994,Technology,Mombasa,Q1,Working Capital,Masters,1.8,8,430534.0,186130.0,48,17.05,115611.0,0.511,674.0,3,0,48.0,3.1,8,Medium
995,Technology,Nairobi,Q1,Working Capital,Certificate,6.9,6,3186654.0,5296462.0,48,14.38,,0.366,665.0,3,0,55.5,3.8,7,Medium
996,Services,Nairobi,Q2,Working Capital,Primary,4.4,5,3389861.0,1984831.0,18,18.01,2892933.0,0.24,838.0,1,0,57.8,2.1,4,Low
997,Services,Kisumu,Q1,Equipment Purchase,Bachelors,5.2,6,279376.0,564134.0,12,13.83,634699.0,0.305,696.0,2,2,54.4,5.0,6,Medium
998,Retail,Nakuru,Q1,Business Expansion,Secondary,3.2,9,2553599.0,4943723.0,24,12.43,3505054.0,0.295,696.0,1,1,76.4,2.1,3,Low
999,Technology,Mombasa,Q1,Business Expansion,Bachelors,8.8,12,1769598.0,2390029.0,36,16.88,2364853.0,0.185,721.0,1,3,54.3,4.5,7,Low
1000,Retail,Other,Q4,Working Capital,Diploma,1.1,9,1569260.0,2059605.0,18,16.95,,0.427,685.0,3,1,87.0,4.0,3,Medium
1001,Services,Nairobi,Q1,Working Capital,Bachelors,3.5,12,1758103.0,1790083.0,6,17.87,2575350.0,0.299,593.0,3,1,66.1,3.8,3,Low
1002,Services,Other,Q3,Working Capital,Bachelors,9.1,12,2470129.0,3472555.0,18,24.0,,0.228,487.0,2,0,46.2,3.4,3,Medium
1003,Manufacturing,Nakuru,Q2,Business Expansion,Bachelors,5.8,6,1424460.0,2638014.0,36,14.53,1449951.0,0.572,616.0,2,0,32.8,3.4,5,Low
1004,Agriculture,Other,Q3,Equipment Purchase,Bachelors,5.6,10,1139219.0,901907.0,60,18.34,671143.0,0.321,632.0,3,1,83.5,4.5,6,Medium
1005,Retail,Other,Q4,Working Capital,Diploma,2.0,8,3234121.0,4032070.0,36,14.18,,0.387,470.0,1,1,45.5,3.8,11,High
1006,Agriculture,Nairobi,Q3,Working Capital,Secondary,1.6,7,1717506.0,4001800.0,18,15.52,,0.156,562.0,3,3,53.2,3.8,5,Medium
1007,Hospitality,Other,Q2,Inventory Financing,Certificate,5.4,6,3121789.0,9263418.0,36,15.82,7263470.0,0.368,678.0,1,1,42.3,3.1,6,Low
1008,Retail,Mombasa,Q2,Equipment Purchase,Secondary,5.0,7,10155646.0,32196011.0,48,20.46,29412891.0,0.338,593.0,0,0,92.4,3.4,7,Low
1009,Retail,Nakuru,Q1,Inventory Financing,Secondary,10.5,5,804216.0,1129925.0,18,15.18,501846.0,0.318,568.0,1,1,64.5,3.1,9,Medium
1010,Services,Other,Q4,Working Capital,Certificate,2.8,6,974628.0,3137845.0,18,10.89,,0.148,627.0,2,0,20.2,3.4,8,Medium
1011,Technology,Kisumu,Q3,Working Capital,Certificate,3.7,6,1112851.0,3073449.0,36,8.0,3065004.0,0.422,586.0,2,0,43.2,3.6,7,Low
1012,Retail,Kisumu,Q3,Business Expansion,Secondary,3.3,7,1638889.0,1718540.0,12,19.64,1609225.0,0.535,628.0,5,2,28.1,4.1,6,Medium
1013,Retail,Nairobi,Q2,Inventory Financing,Secondary,3.2,6,5183961.0,10392761.0,48,16.2,5291034.0,0.458,699.0,1,1,49.5,,2,Low
1014,Retail,Kisumu,Q2,Working Capital,Secondary,4.2,11,2370769.0,3286324.0,36,19.16,,0.634,679.0,1,1,50.0,2.8,3,High
1015,Retail,Nairobi,Q3,Inventory Financing,Secondary,5.1,6,3655765.0,4940874.0,12,14.91,3289459.0,0.275,668.0,0,0,64.6,3.4,2,Low
1016,Retail,Mombasa,Q2,Business Expansion,Diploma,4.7,12,6109826.0,6223838.0,12,12.4,4516011.0,0.659,707.0,5,3,39.2,4.3,7,Low
1017,Agriculture,Mombasa,Q4,Inventory Financing,Primary,6.6,10,504196.0,1807914.0,12,13.44,,0.027,716.0,2,0,35.1,3.8,3,Medium
1018,Hospitality,Other,Q1,Inventory Financing,Secondary,11.1,9,1545526.0,2957844.0,36,19.18,4198071.0,0.244,601.0,2,0,41.3,4.3,3,Low
1019,Hospitality,Nakuru,Q1,Equipment Purchase,Secondary,4.7,6,1144888.0,3027399.0,6,13.36,3647291.0,0.42,694.0,2,0,56.1,3.0,9,Low
1020,Retail,Eldoret,Q2,Inventory Financing,Bachelors,3.4,11,2301932.0,2150369.0,18,17.44,,0.345,712.0,0,2,11.2,4.0,3,Low
1021,Manufacturing,Nairobi,Q3,Working Capital,Secondary,11.2,10,995023.0,2467458.0,24,19.14,,0.556,,1,0,80.4,4.0,4,Medium
1022,Hospitality,Nairobi,Q2,Equipment Purchase,Primary,3.4,8,5025190.0,7854128.0,36,10.71,11111881.0,0.757,,2,1,59.5,3.9,2,Low
1023,Hospitality,Other,Q2,Equipment Purchase,Bachelors,4.2,7,1275852.0,1816719.0,18,20.0,2881315.0,0.823,698.0,2,3,14.7,4.2,12,Low
1024,Agriculture,Nairobi,Q1,Working Capital,Certificate,4.2,3,1071935.0,3504859.0,24,16.71,,0.795,627.0,0,1,32.9,5.0,4,High
1025,Technology,Other,Q1,Equipment Purchase,Bachelors,5.5,8,910386.0,1882495.0,48,16.62,2947016.0,0.288,720.0,3,1,82.2,3.0,4,Low
1026,Retail,Mombasa,Q4,Business Expansion,Secondary,11.7,4,831470.0,2093472.0,6,15.99,3160008.0,0.884,724.0,2,1,98.7,2.5,2,Low
1027,Manufacturing,Mombasa,Q2,Working Capital,Secondary,13.6,6,1939422.0,1679128.0,6,18.71,2769550.0,0.28,619.0,2,0,46.9,4.2,3,Low
1028,Hospitality,Kisumu,Q2,Equipment Purchase,Diploma,7.7,5,1257525.0,3811824.0,24,14.62,5592976.0,0.735,510.0,1,0,55.7,2.8,2,Low
1029,Services,Mombasa,Q1,Equipment Purchase,Primary,4.0,6,2151974.0,1986971.0,24,18.56,3577770.0,0.353,616.0,0,1,64.9,3.0,6,Low
1030,Hospitality,Mombasa,Q3,Working Capital,Masters,13.3,8,1452102.0,4023200.0,60,16.46,6469913.0,0.218,697.0,0,0,37.5,5.0,6,Low
1031,Agriculture,Mombasa,Q3,Business Expansion,Secondary,2.6,9,2313948.0,6986605.0,36,17.39,3677521.0,0.594,582.0,2,0,57.8,3.6,1,Low
1032,Services,Nakuru,Q1,Working Capital,Bachelors,5.2,8,2043700.0,4698915.0,36,14.41,,0.455,611.0,2,1,49.1,4.3,6,Medium
1033,Manufacturing,Nairobi,Q3,Business Expansion,Diploma,13.8,13,4052100.0,7805816.0,18,19.63,6627094.0,0.396,677.0,1,1,36.3,2.3,6,Low
1034,Retail,Nairobi,Q3,Business Expansion,Bachelors,5.9,6,2890650.0,8724255.0,24,17.91,15139881.0,0.106,543.0,1,0,81.1,3.4,6,Low
1035,Retail,Mombasa,Q3,Business Expansion,Secondary,1.6,10,1193901.0,2464296.0,24,14.01,1988127.0,0.158,764.0,2,1,48.9,3.5,4,Low
1036,Technology,Nairobi,Q3,Inventory Financing,Bachelors,5.5,6,3999130.0,7799893.0,36,16.08,4387714.0,0.135,627.0,0,0,95.5,4.3,7,Low
1037,Retail,Mombasa,Q2,Inventory Financing,Diploma,5.9,3,1243198.0,2844092.0,24,15.1,,0.117,729.0,1,2,30.4,4.1,2,Medium
1038,Hospitality,Mombasa,Q1,Equipment Purchase,Certificate,8.9,7,1041426.0,3297904.0,12,17.14,3477356.0,0.151,723.0,1,1,17.7,3.2,10,Low
1039,Technology,Eldoret,Q1,Working Capital,Secondary,1.6,11,2990580.0,5609053.0,12,18.28,,0.289,616.0,0,1,26.2,4.7,2,Medium
1040,Retail,Nairobi,Q4,Working Capital,Secondary,12.8,9,869172.0,737311.0,36,10.63,1083536.0,0.201,628.0,1,0,96.6,4.1,3,Low
1041,Retail,Mombasa,Q1,Inventory Financing,Bachelors,2.1,13,1091368.0,3165458.0,12,17.31,,0.65,772.0,9,0,32.7,,5,Medium
1042,Retail,Eldoret,Q1,Business Expansion,Masters,8.7,8,691946.0,1533310.0,24,18.99,907825.0,0.444,,3,0,96.9,3.6,2,Medium
1043,Retail,Nairobi,Q1,Inventory Financing,Certificate,2.0,7,640960.0,1334818.0,48,17.28,2302538.0,0.456,586.0,2,0,17.5,3.2,8,Medium
1044,Agriculture,Other,Q2,Inventory Financing,Bachelors,2.6,8,2062648.0,5095876.0,6,15.65,,0.126,618.0,0,0,93.0,3.8,6,Medium
1045,Agriculture,Nakuru,Q3,Equipment Purchase,Diploma,6.1,12,980803.0,1149034.0,48,18.16,861724.0,0.57,644.0,1,0,48.1,2.1,4,Medium
1046,Hospitality,Nairobi,Q3,Inventory Financing,Certificate,2.9,9,5061771.0,12820739.0,12,13.17,7378253.0,0.854,584.0,2,1,41.1,2.2,9,Low
1047,Retail,Mombasa,Q3,Business Expansion,Certificate,4.4,9,4471592.0,3319128.0,12,14.27,5316535.0,0.348,775.0,1,0,100.0,4.1,3,Low
1048,Services,Eldoret,Q2,Business Expansion,Diploma,10.0,11,2362401.0,4610517.0,6,13.91,6128668.0,0.184,720.0,2,2,56.1,5.0,6,Low
1049,Services,Kisumu,Q3,Inventory Financing,Secondary,4.2,8,1128686.0,3530521.0,48,12.65,,0.722,777.0,0,1,28.0,3.4,7,Medium
1050,Agriculture,Nakuru,Q4,Business Expansion,Bachelors,2.1,7,1661481.0,4815997.0,12,16.81,4202213.0,0.166,716.0,0,1,22.1,2.6,3,Low
1051,Retail,Other,Q1,Business Expansion,Certificate,9.6,5,1582580.0,5037637.0,18,16.69,5560571.0,0.276,684.0,0,0,38.8,3.2,7,Low
1052,Agriculture,Nakuru,Q1,Inventory Financing,Diploma,4.3,1,3609193.0,12730605.0,24,17.04,13455968.0,0.452,,2,0,52.0,4.4,7,Low
1053,Manufacturing,Kisumu,Q2,Equipment Purchase,Secondary,1.0,12,482697.0,959409.0,18,18.43,542305.0,0.334,850.0,3,1,23.1,4.6,5,Low
1054,Hospitality,Other,Q2,Business Expansion,Masters,6.0,8,1593641.0,1426688.0,24,14.66,1675388.0,0.675,691.0,1,1,43.2,2.9,7,Low
1055,Services,Mombasa,Q4,Working Capital,Primary,5.4,4,1853824.0,2237898.0,60,15.97,,1.077,628.0,1,0,50.2,3.6,7,High
1056,Hospitality,Nairobi,Q3,Equipment Purchase,Bachelors,2.5,7,2194594.0,5071710.0,24,12.35,5257716.0,0.106,587.0,0,1,21.8,4.1,11,Low
1057,Agriculture,Nairobi,Q4,Inventory Financing,Diploma,5.4,5,2764631.0,2199911.0,12,12.92,1762311.0,0.27,564.0,2,3,100.0,4.4,5,Medium
1058,Retail,Kisumu,Q4,Inventory Financing,Secondary,5.0,8,1355476.0,1643684.0,24,11.66,2090633.0,0.441,606.0,3,1,50.0,3.8,4,Low
1059,Agriculture,Other,Q1,Inventory Financing,Masters,4.6,9,2593328.0,1400164.0,12,18.64,,0.407,642.0,2,0,0.0,3.4,5,Medium
1060,Services,Kisumu,Q4,Business Expansion,Primary,4.1,6,802551.0,910410.0,18,16.81,887847.0,0.217,540.0,2,1,74.2,4.9,5,Medium
1061,Services,Nairobi,Q4,Inventory Financing,Secondary,1.2,9,3427201.0,10680174.0,18,12.8,,0.037,517.0,1,1,63.7,4.1,2,Medium
1062,Retail,Other,Q2,Inventory Financing,Secondary,6.8,3,2287770.0,3322900.0,6,14.56,5433975.0,0.527,586.0,2,0,71.0,3.1,7,Low
1063,Technology,Mombasa,Q2,Business Expansion,Diploma,5.5,5,1624912.0,5199043.0,36,12.54,8455352.0,0.271,589.0,2,1,71.8,4.0,9,Low
1064,Manufacturing,Nairobi,Q3,Working Capital,Diploma,2.1,9,3459674.0,3928996.0,24,9.91,,0.791,676.0,1,0,37.8,,6,Medium
1065,Hospitality,Kisumu,Q2,Working Capital,Bachelors,6.4,10,1120419.0,3967687.0,36,18.68,,0.053,704.0,0,0,48.7,3.6,5,Low
1066,Hospitality,Nairobi,Q2,Business Expansion,Bachelors,12.3,9,642506.0,298538.0,18,16.85,137061.0,0.369,720.0,1,0,56.8,2.6,5,Low
1067,Services,Nairobi,Q4,Business Expansion,Primary,1.9,6,2311392.0,5482205.0,60,20.38,6053683.0,0.257,525.0,2,1,62.7,3.0,4,Low
1068,Retail,Nakuru,Q3,Business Expansion,Diploma,6.5,6,1888256.0,3940895.0,24,15.54,6104156.0,0.397,631.0,2,1,39.0,3.5,8,Low
1069,Manufacturing,Nakuru,Q3,Business Expansion,Certificate,0.6,10,1314478.0,738014.0,24,15.51,796729.0,0.258,689.0,2,1,56.6,,7,Low
1070,Manufacturing,Other,Q1,Business Expansion,Diploma,4.6,8,1114769.0,3758397.0,6,14.03,3978601.0,0.412,543.0,1,1,0.0,2.3,3,Low
1071,Agriculture,Nairobi,Q1,Business Expansion,Diploma,11.6,12,2568587.0,5610243.0,24,13.68,7922625.0,0.484,653.0,2,0,55.1,2.5,5,Low
1072,Services,Other,Q4,Equipment Purchase,Secondary,2.0,10,2954812.0,6864610.0,18,14.35,10829246.0,0.064,548.0,3,1,74.5,4.6,8,Low
1073,Agriculture,Eldoret,Q3,Business Expansion,Primary,1.8,8,920807.0,2377323.0,18,13.44,1289771.0,0.283,617.0,4,0,67.3,5.0,5,Medium
1074,Agriculture,Nairobi,Q3,Working Capital,Secondary,6.3,7,717642.0,2206594.0,12,14.74,,0.358,850.0,1,0,88.3,4.0,10,Low
1075,Hospitality,Mombasa,Q2,Equipment Purchase,Certificate,5.9,10,2745057.0,5959382.0,12,16.53,6283899.0,0.54,673.0,1,1,35.4,2.3,7,Low
1076,Technology,Nakuru,Q1,Business Expansion,Secondary,3.2,9,843264.0,1733984.0,18,14.18,1075485.0,0.537,510.0,2,1,60.5,2.6,10,Medium
1077,Hospitality,Nairobi,Q2,Equipment Purchase,Certificate,7.3,6,4098350.0,6762046.0,12,21.06,4139669.0,0.332,596.0,1,1,83.4,1.9,7,Low
1078,Manufacturing,Nairobi,Q2,Working Capital,Diploma,2.7,13,4234052.0,8030529.0,18,14.83,,0.64,663.0,4,1,46.2,3.5,12,High
1079,Hospitality,Other,Q1,Working Capital,Secondary,7.2,11,1239680.0,4316776.0,12,19.16,,0.481,684.0,1,0,50.6,2.9,9,Medium
1080,Technology,Nairobi,Q2,Business Expansion,Bachelors,12.2,11,8611881.0,8483428.0,48,20.95,5360053.0,0.161,581.0,1,1,53.0,3.7,6,Low
1081,Technology,Mombasa,Q3,Working Capital,Certificate,1.9,8,1412161.0,2817681.0,12,14.49,3636252.0,0.532,674.0,1,3,90.2,4.8,4,Low
1082,Retail,Mombasa,Q4,Inventory Financing,Certificate,10.3,11,1774138.0,2705317.0,24,19.6,,0.072,702.0,4,0,51.4,4.1,8,Low
1083,Technology,Other,Q4,Working Capital,Certificate,11.3,7,1776945.0,5293770.0,36,17.47,,0.503,648.0,3,0,33.6,3.9,6,High
1084,Manufacturing,Kisumu,Q2,Inventory Financing,Bachelors,3.7,6,2290388.0,7542682.0,12,12.83,,0.388,498.0,0,1,96.2,3.5,11,High
1085,Retail,Mombasa,Q4,Equipment Purchase,Diploma,10.4,4,3228990.0,3067685.0,12,14.77,1440690.0,0.307,,3,0,23.1,2.6,10,Low
1086,Agriculture,Other,Q3,Inventory Financing,Masters,3.9,4,2159065.0,1535555.0,48,8.0,,0.256,604.0,4,1,0.0,3.1,6,Medium
1087,Retail,Mombasa,Q4,Working Capital,Primary,7.6,8,1154289.0,1391857.0,24,13.73,,0.081,679.0,2,1,37.3,,8,Low
1088,Agriculture,Eldoret,Q4,Working Capital,Masters,15.0,4,1618611.0,4612528.0,6,16.8,,0.168,612.0,0,1,58.1,3.4,3,Medium
1089,Retail,Nairobi,Q4,Business Expansion,Secondary,6.7,12,657509.0,1913794.0,12,13.85,2344755.0,0.201,758.0,2,0,32.4,5.0,6,Low
1090,Hospitality,Eldoret,Q2,Inventory Financing,Bachelors,6.9,9,927906.0,562594.0,48,15.63,,0.454,814.0,0,0,45.7,4.4,5,Low
1091,Hospitality,Eldoret,Q2,Working Capital,Primary,2.5,10,1886145.0,5578237.0,12,14.87,,0.455,582.0,1,0,68.9,3.1,8,Medium
1092,Manufacturing,Other,Q4,Equipment Purchase,Bachelors,1.6,6,1668447.0,1009946.0,24,14.61,853082.0,0.093,611.0,3,0,64.6,2.9,8,Low
1093,Services,Mombasa,Q4,Business Expansion,Diploma,3.9,9,1193095.0,3305817.0,48,15.4,5038818.0,0.577,559.0,1,0,28.9,3.0,8,Low
1094,Technology,Nairobi,Q2,Working Capital,Diploma,3.5,8,1981295.0,2075864.0,12,14.59,,0.542,,3,2,100.0,2.3,4,Medium
1095,Hospitality,Nakuru,Q2,Equipment Purchase,Certificate,6.4,12,1099652.0,2613042.0,6,14.79,4026996.0,0.76,613.0,1,0,64.8,3.5,9,Low
1096,Agriculture,Other,Q1,Equipment Purchase,Certificate,0.6,10,1600131.0,2781677.0,36,17.66,4414778.0,0.388,693.0,3,0,49.8,1.7,5,Low
1097,Retail,Nairobi,Q3,Working Capital,Secondary,7.5,10,1876067.0,3693933.0,24,22.17,3933952.0,0.576,667.0,1,3,75.5,3.2,8,Low
1098,Hospitality,Nairobi,Q1,Working Capital,Secondary,2.4,11,3196566.0,7825548.0,36,13.97,,0.34,601.0,1,0,0.0,2.6,3,Medium
1099,Technology,Nairobi,Q4,Inventory Financing,Diploma,2.5,6,3264593.0,8364060.0,6,15.84,11191242.0,0.598,725.0,1,1,21.2,3.4,1,Low
1100,Retail,Other,Q3,Working Capital,Secondary,13.8,5,1022292.0,730332.0,18,14.82,212941.0,0.351,639.0,1,1,38.3,1.6,2,Low
1101,Services,Nairobi,Q2,Inventory Financing,Primary,2.4,7,1307133.0,3385966.0,48,14.18,2676274.0,0.437,573.0,6,0,76.5,4.0,5,Low
1102,Manufacturing,Nairobi,Q2,Inventory Financing,Secondary,2.0,13,535859.0,1305968.0,24,16.91,1865245.0,0.376,472.0,2,0,37.5,5.0,4,Medium
1103,Hospitality,Nairobi,Q4,Equipment Purchase,Secondary,13.8,9,7122028.0,4842277.0,60,16.21,8372601.0,0.586,575.0,0,0,23.9,3.8,10,Low
1104,Services,Other,Q4,Inventory Financing,Secondary,1.7,10,420594.0,509201.0,60,19.89,150612.0,0.654,724.0,0,0,47.5,2.9,2,Medium
1105,Hospitality,Mombasa,Q4,Working Capital,Certificate,8.1,7,1731382.0,4637443.0,48,19.14,3053642.0,0.309,616.0,1,0,34.5,3.4,5,Low
1106,Services,Nakuru,Q3,Equipment Purchase,Bachelors,8.3,5,664643.0,710036.0,24,14.22,1037961.0,0.54,729.0,1,0,0.0,4.2,5,Low
1107,Retail,Nakuru,Q4,Equipment Purchase,Diploma,2.7,5,1734755.0,1971929.0,6,11.48,2005995.0,0.382,544.0,5,1,47.3,3.0,3,Low
1108,Retail,Mombasa,Q3,Working Capital,Bachelors,8.8,10,2100845.0,4787843.0,12,16.71,2689782.0,0.522,587.0,1,1,72.2,2.9,5,Low
1109,Services,Eldoret,Q4,Inventory Financing,Secondary,2.3,10,2475675.0,5623189.0,48,18.38,,0.113,503.0,2,1,67.6,3.1,6,Medium
1110,Agriculture,Mombasa,Q2,Working Capital,Diploma,3.7,15,1140920.0,3262807.0,24,17.73,,0.14,627.0,3,1,25.2,3.3,6,Medium
1111,Retail,Kisumu,Q3,Inventory Financing,Bachelors,9.2,6,2895865.0,6368456.0,36,16.16,6260992.0,0.324,471.0,0,0,84.3,4.4,9,Low
1112,Agriculture,Nairobi,Q3,Working Capital,Doctorate,8.7,6,1163113.0,2462857.0,24,15.67,,0.218,579.0,1,1,35.9,3.5,8,Medium
1113,Hospitality,Nairobi,Q1,Business Expansion,Bachelors,5.3,12,943883.0,2311898.0,18,15.7,2081936.0,0.074,,2,2,40.7,3.5,6,Low
1114,Agriculture,Kisumu,Q3,Working Capital,Diploma,4.9,13,1029459.0,1754632.0,24,15.13,,0.44,767.0,4,1,35.5,3.5,4,Medium
1115,Services,Nairobi,Q1,Equipment Purchase,Masters,1.0,6,991138.0,3417063.0,18,16.32,2969543.0,0.294,,0,1,55.7,3.5,8,Low
1116,Services,Nairobi,Q2,Inventory Financing,Secondary,4.7,9,5105364.0,5306363.0,36,17.32,,0.41,557.0,1,1,42.5,3.4,6,High
1117,Retail,Other,Q2,Inventory Financing,Bachelors,5.9,5,3119144.0,5843646.0,6,14.83,,0.262,685.0,4,1,46.9,2.9,5,Medium
1118,Agriculture,Mombasa,Q2,Working Capital,Bachelors,3.0,3,2530934.0,1923609.0,36,12.03,3439265.0,0.049,620.0,2,1,74.9,2.7,4,Low
1119,Technology,Nairobi,Q3,Working Capital,Bachelors,1.9,10,449101.0,1437139.0,24,16.87,1641273.0,0.372,622.0,2,2,94.4,4.7,8,Medium
1120,Agriculture,Nakuru,Q4,Equipment Purchase,Certificate,12.4,14,1798586.0,5518682.0,36,13.83,9052193.0,0.326,710.0,4,2,33.9,2.9,6,Low
1121,Services,Kisumu,Q1,Business Expansion,Primary,6.0,10,2651296.0,6877709.0,60,16.46,2295113.0,0.392,573.0,1,1,45.7,,7,Medium
1122,Retail,Nairobi,Q4,Working Capital,Secondary,5.8,13,558682.0,709278.0,36,14.59,,0.785,433.0,1,2,70.2,3.3,4,High
1123,Services,Nairobi,Q2,Inventory Financing,Diploma,1.0,5,3064950.0,5734203.0,6,10.8,5040595.0,0.603,748.0,3,1,40.3,2.8,7,Low
1124,Agriculture,Kisumu,Q2,Inventory Financing,Secondary,10.3,7,921028.0,2729944.0,24,15.15,,0.09,758.0,5,1,15.8,2.5,3,Low
1125,Services,Nairobi,Q3,Inventory Financing,Masters,5.8,8,1728837.0,3647945.0,18,15.67,4368696.0,0.317,521.0,2,0,84.7,3.8,10,Low
1126,Services,Other,Q1,Working Capital,Secondary,3.6,9,1992136.0,968455.0,48,18.06,733194.0,0.458,646.0,3,0,53.1,3.3,8,Low
1127,Services,Eldoret,Q4,Working Capital,Bachelors,2.3,6,1544915.0,2885154.0,24,17.48,,0.695,691.0,5,0,84.4,4.5,5,High
1128,Retail,Kisumu,Q4,Inventory Financing,Certificate,5.4,9,1715988.0,5622426.0,36,16.75,2572660.0,0.751,748.0,2,0,26.7,4.4,3,Low
1129,Manufacturing,Other,Q1,Equipment Purchase,Secondary,4.2,10,2316162.0,6652373.0,36,16.73,6747765.0,0.611,659.0,1,0,61.9,1.8,5,Low
1130,Retail,Nairobi,Q2,Working Capital,Secondary,7.3,6,3799647.0,10273514.0,12,19.35,7683176.0,0.934,623.0,2,0,29.5,2.5,9,Low
1131,Retail,Nairobi,Q1,Working Capital,Certificate,7.2,11,4794186.0,5026204.0,24,12.99,,0.537,678.0,5,0,46.9,2.5,9,Medium
1132,Hospitality,Other,Q4,Working Capital,Certificate,9.6,9,4463594.0,13410904.0,60,20.71,19701073.0,0.416,701.0,0,1,36.7,5.0,4,Low
1133,Agriculture,Kisumu,Q4,Business Expansion,Secondary,4.2,10,1874547.0,5417489.0,36,20.55,8575915.0,0.273,661.0,2,0,90.7,3.0,11,Low
1134,Manufacturing,Nairobi,Q4,Business Expansion,Secondary,12.0,13,519114.0,1429512.0,36,16.57,1528389.0,0.17,703.0,0,0,59.1,,6,Low
1135,Technology,Kisumu,Q3,Equipment Purchase,Masters,2.2,7,810248.0,682806.0,6,13.72,929746.0,0.365,734.0,2,0,27.2,2.7,3,Low
1136,Retail,Eldoret,Q2,Inventory Financing,Certificate,4.9,11,1267798.0,2085936.0,12,20.1,,0.612,710.0,1,0,34.9,3.9,4,Medium
1137,Retail,Kisumu,Q1,Equipment Purchase,Diploma,2.9,5,2538708.0,5315525.0,18,15.06,4284461.0,0.352,820.0,0,0,43.9,3.9,7,Low
1138,Hospitality,Nairobi,Q4,Equipment Purchase,Bachelors,2.9,6,3625037.0,6988246.0,60,16.53,3557065.0,0.294,719.0,3,0,62.8,5.0,5,Low
1139,Services,Nairobi,Q1,Equipment Purchase,Secondary,4.0,6,1336461.0,4637807.0,6,15.91,3183201.0,0.165,,2,1,85.6,3.4,8,Low
1140,Agriculture,Mombasa,Q3,Equipment Purchase,Masters,12.6,9,1243734.0,3860315.0,24,16.72,3461015.0,0.477,656.0,4,1,65.8,4.4,7,Low
1141,Agriculture,Nairobi,Q4,Equipment Purchase,Secondary,0.6,8,1732244.0,3548979.0,18,14.78,3186206.0,0.541,689.0,3,0,42.4,2.7,4,Low
1142,Services,Nairobi,Q3,Inventory Financing,Secondary,2.3,4,1906145.0,5767834.0,18,17.41,5174351.0,0.666,656.0,1,0,82.0,5.0,7,Low
1143,Manufacturing,Nakuru,Q2,Equipment Purchase,Primary,3.1,9,2646489.0,3244543.0,18,16.59,1966015.0,0.357,626.0,2,0,50.6,4.0,6,Low
1144,Hospitality,Mombasa,Q4,Working Capital,Secondary,5.0,8,2855335.0,3699060.0,18,15.03,,0.596,606.0,2,1,35.3,3.6,4,High
1145,Retail,Nairobi,Q1,Equipment Purchase,Primary,8.7,8,1593736.0,4065003.0,24,18.08,5563510.0,0.175,585.0,3,0,64.9,3.1,7,Low
1146,Agriculture,Other,Q3,Inventory Financing,Diploma,7.4,8,360323.0,371262.0,24,17.39,,0.334,658.0,2,0,41.7,3.4,4,Medium
1147,Services,Mombasa,Q3,Business Expansion,Diploma,3.4,6,1293960.0,4130276.0,12,14.73,6764932.0,0.415,622.0,0,3,34.0,3.7,5,Low
1148,Agriculture,Other,Q4,Working Capital,Primary,2.7,7,244870.0,625874.0,6,15.03,,0.256,626.0,0,0,49.7,3.3,3,Medium
1149,Retail,Kisumu,Q4,Equipment Purchase,Masters,2.1,8,1493924.0,1396481.0,12,17.86,476630.0,0.284,587.0,0,0,60.4,3.3,8,Low
1150,Agriculture,Nakuru,Q2,Equipment Purchase,Bachelors,11.5,6,10847101.0,18374806.0,24,11.76,17395669.0,0.129,628.0,1,1,68.6,3.1,3,Low
1151,Hospitality,Mombasa,Q1,Working Capital,Diploma,10.4,4,4158875.0,12701823.0,36,16.7,,0.551,646.0,0,1,77.7,2.5,9,High
1152,Agriculture,Nakuru,Q2,Inventory Financing,Masters,2.4,9,2122102.0,5114795.0,24,16.44,7249880.0,0.377,679.0,1,1,81.9,3.7,7,Low
1153,Agriculture,Nairobi,Q2,Inventory Financing,Diploma,13.8,6,8287457.0,13488216.0,12,12.1,,0.521,606.0,1,0,63.6,1.0,6,Medium
1154,Technology,Nairobi,Q3,Working Capital,Secondary,8.2,8,922013.0,2288637.0,18,14.63,3622337.0,0.214,,2,1,88.2,3.1,7,Low
1155,Hospitality,Other,Q3,Equipment Purchase,Bachelors,5.3,10,2276296.0,2207985.0,6,20.24,2017247.0,0.27,660.0,1,0,23.5,4.0,5,Low
1156,Hospitality,Nairobi,Q2,Working Capital,Masters,4.7,6,2455774.0,8500787.0,12,18.02,,0.18,619.0,2,0,77.4,3.6,9,Medium
1157,Manufacturing,Mombasa,Q1,Working Capital,Primary,5.5,9,1121605.0,1500167.0,36,13.25,,0.312,655.0,2,1,83.4,4.0,6,Medium
1158,Services,Eldoret,Q3,Working Capital,Diploma,11.2,7,1306150.0,2543569.0,24,15.25,,0.71,533.0,3,1,72.7,5.0,5,High
1159,Manufacturing,Nairobi,Q2,Working Capital,Secondary,1.0,4,2586138.0,5641971.0,36,14.88,5090587.0,0.454,512.0,3,0,82.6,3.4,8,Low
1160,Agriculture,Mombasa,Q3,Business Expansion,Bachelors,8.8,12,2165288.0,4601671.0,36,14.04,2560141.0,0.341,487.0,2,1,40.1,4.0,6,Low
1161,Services,Other,Q4,Equipment Purchase,Primary,7.1,8,1240168.0,3828850.0,12,13.82,5418072.0,0.585,561.0,1,0,74.3,4.8,6,Low
1162,Agriculture,Nairobi,Q3,Business Expansion,Bachelors,5.2,7,1612306.0,1780418.0,12,15.64,2270558.0,0.309,601.0,5,1,49.7,3.5,5,Low
1163,Technology,Nairobi,Q3,Inventory Financing,Secondary,2.8,7,2610457.0,2285956.0,18,14.81,,0.108,449.0,0,0,15.2,3.5,5,Medium
1164,Hospitality,Other,Q4,Business Expansion,Diploma,5.4,5,1537254.0,1465172.0,12,20.55,1768373.0,0.369,540.0,3,0,37.8,3.4,7,Low
1165,Retail,Nairobi,Q4,Working Capital,Diploma,2.7,6,1049048.0,1500659.0,36,21.28,672960.0,1.134,620.0,1,0,67.9,2.2,3,High
1166,Services,Nairobi,Q3,Working Capital,Bachelors,4.0,9,2217033.0,1552061.0,12,16.59,2726356.0,0.719,569.0,3,2,69.0,,4,Medium
1167,Hospitality,Other,Q2,Business Expansion,Primary,1.2,12,1523240.0,767880.0,18,15.4,540287.0,0.612,550.0,2,0,71.8,2.3,8,Medium
1168,Services,Nairobi,Q4,Business Expansion,Certificate,4.5,4,1885965.0,2774542.0,6,11.83,2934307.0,0.114,776.0,0,3,73.6,3.4,3,Low
1169,Manufacturing,Other,Q2,Inventory Financing,Secondary,0.5,6,763294.0,2091704.0,12,14.05,,0.104,694.0,0,0,43.2,4.2,4,Low
1170,Agriculture,Other,Q4,Working Capital,Secondary,4.6,9,1680175.0,1790926.0,6,14.07,,0.243,601.0,1,1,32.7,3.7,8,Medium
1171,Retail,Other,Q4,Working Capital,Secondary,1.7,8,1310864.0,1702811.0,24,16.56,652077.0,0.442,650.0,6,2,52.5,2.0,7,Medium
1172,Services,Nairobi,Q4,Inventory Financing,Secondary,3.8,9,670737.0,430312.0,36,21.13,386375.0,0.473,689.0,1,1,41.8,3.4,4,Low
1173,Retail,Nairobi,Q4,Business Expansion,Masters,4.4,7,4704541.0,15758059.0,36,14.76,24448674.0,0.634,573.0,0,1,43.4,2.9,4,Low
1174,Technology,Eldoret,Q1,Working Capital,Diploma,7.1,7,1975399.0,5727338.0,60,20.29,9312016.0,0.355,469.0,1,1,40.9,2.3,6,Low
1175,Services,Other,Q4,Business Expansion,Secondary,2.8,6,1990495.0,5078383.0,60,16.61,2050449.0,0.512,745.0,1,0,30.2,3.7,9,Low
1176,Hospitality,Nairobi,Q1,Working Capital,Certificate,1.8,7,2936029.0,3301297.0,60,16.98,,0.198,623.0,1,0,22.0,5.0,7,Medium
1177,Retail,Nairobi,Q3,Business Expansion,Primary,3.6,7,4239582.0,7981316.0,24,15.87,4905016.0,0.651,602.0,0,2,50.9,3.9,7,Low
1178,Services,Nairobi,Q3,Equipment Purchase,Secondary,7.9,9,3535728.0,7387896.0,18,8.61,7240464.0,0.528,804.0,5,0,78.5,4.6,6,Low
1179,Agriculture,Nairobi,Q4,Business Expansion,Diploma,8.1,6,1174875.0,966837.0,12,13.68,1484452.0,0.507,688.0,1,0,45.9,3.8,6,Low
1180,Retail,Mombasa,Q2,Working Capital,Diploma,9.7,10,2160097.0,4395963.0,24,15.21,,0.816,599.0,2,2,55.9,3.8,4,High
1181,Agriculture,Kisumu,Q1,Inventory Financing,Diploma,9.2,8,1259921.0,4144115.0,24,17.49,,0.897,675.0,1,0,96.9,5.0,6,High
1182,Retail,Nakuru,Q4,Inventory Financing,Masters,8.0,12,1574094.0,3298401.0,60,13.3,2443912.0,0.108,624.0,2,1,63.5,4.5,5,Low
1183,Hospitality,Nairobi,Q1,Inventory Financing,Masters,1.6,11,2148206.0,1599982.0,36,14.85,,0.128,524.0,1,1,68.2,3.5,3,Medium
1184,Manufacturing,Nairobi,Q2,Business Expansion,Bachelors,15.7,3,4370630.0,10470016.0,18,12.62,4096501.0,0.723,850.0,3,1,91.0,,7,Low
1185,Technology,Nairobi,Q4,Working Capital,Certificate,6.6,11,896980.0,3005516.0,48,15.13,,0.324,542.0,3,0,26.1,4.1,6,High
1186,Services,Nairobi,Q3,Inventory Financing,Bachelors,3.4,14,2833280.0,3219585.0,24,13.7,1832401.0,0.153,,0,0,91.6,3.4,5,Low
1187,Retail,Nairobi,Q1,Business Expansion,Secondary,1.9,12,2155624.0,7238089.0,6,18.19,2328647.0,0.39,638.0,1,0,65.0,3.5,4,Low
1188,Agriculture,Other,Q1,Business Expansion,Bachelors,4.7,7,896427.0,1679207.0,36,13.41,2570413.0,0.235,811.0,5,0,41.9,5.0,4,Low
1189,Agriculture,Mombasa,Q3,Business Expansion,Secondary,1.6,12,11064110.0,33613334.0,48,13.05,23597484.0,0.046,784.0,2,1,100.0,4.6,12,Low
1190,Technology,Nairobi,Q3,Working Capital,Doctorate,3.7,8,1607639.0,4822356.0,18,15.58,,0.799,658.0,3,0,47.6,3.4,7,High
1191,Retail,Nakuru,Q4,Inventory Financing,Primary,8.4,6,4020135.0,5381200.0,18,19.23,,0.232,673.0,1,1,49.5,4.5,5,Medium
1192,Agriculture,Other,Q4,Business Expansion,Bachelors,6.4,6,1733435.0,2396753.0,18,15.94,775041.0,0.185,850.0,2,0,54.3,3.0,11,Low
1193,Technology,Eldoret,Q1,Working Capital,Diploma,8.8,8,2362696.0,6443236.0,6,15.68,5950969.0,0.405,810.0,3,0,65.2,4.4,6,Low
1194,Hospitality,Nakuru,Q4,Equipment Purchase,Bachelors,0.1,6,2928238.0,9154979.0,36,17.74,10347315.0,0.55,600.0,1,0,18.5,4.2,7,Low
1195,Retail,Mombasa,Q3,Working Capital,Diploma,6.8,10,1872489.0,4435425.0,60,16.03,,0.8,650.0,1,1,45.4,2.8,4,High
1196,Agriculture,Mombasa,Q2,Equipment Purchase,Bachelors,11.0,8,1926811.0,3602645.0,24,18.15,3310700.0,0.596,601.0,0,0,60.8,4.8,6,Low
1197,Hospitality,Nairobi,Q2,Inventory Financing,Bachelors,5.2,5,3999347.0,6299104.0,24,18.16,,0.111,597.0,0,0,51.0,4.9,3,Medium
1198,Technology,Other,Q2,Equipment Purchase,Diploma,6.1,2,3684814.0,11003173.0,36,16.02,7646239.0,0.401,663.0,1,3,64.9,4.8,9,Low
1199,Retail,Other,Q2,Equipment Purchase,Masters,3.3,7,8596470.0,9727128.0,12,11.06,15867824.0,0.767,781.0,1,1,63.1,4.7,11,Low
1200,Retail,Mombasa,Q3,Inventory Financing,Secondary,5.7,11,2177793.0,2764951.0,36,16.82,,0.428,574.0,4,0,73.2,3.5,4,Medium
1201,Retail,Other,Q2,Working Capital,Masters,7.7,10,578356.0,1948034.0,12,17.79,,0.686,434.0,3,0,43.0,4.1,4,High
1202,Manufacturing,Nakuru,Q2,Working Capital,Diploma,2.5,9,671041.0,617455.0,18,19.21,282345.0,0.611,488.0,1,1,66.1,,11,Medium
1203,Hospitality,Nakuru,Q3,Business Expansion,Bachelors,5.0,7,2495222.0,2522812.0,18,13.82,2490563.0,1.188,474.0,1,0,69.6,4.3,6,Medium
1204,Technology,Nairobi,Q2,Working Capital,Diploma,5.3,9,924892.0,1109701.0,48,13.39,,0.39,594.0,5,0,30.3,,3,Medium
1205,Services,Nairobi,Q2,Business Expansion,Certificate,3.3,4,678426.0,1518097.0,12,16.63,2140071.0,0.646,641.0,0,0,97.0,4.0,10,Low
1206,Technology,Nairobi,Q4,Inventory Financing,Diploma,2.7,14,3620847.0,11073886.0,48,15.82,,0.513,462.0,2,0,91.2,4.6,10,High
1207,Retail,Other,Q1,Equipment Purchase,Masters,15.7,11,705389.0,1239030.0,6,16.27,1190612.0,0.233,422.0,1,0,40.5,3.9,5,Medium
1208,Retail,Other,Q4,Working Capital,Certificate,5.0,10,610274.0,892640.0,24,14.29,,0.564,662.0,2,3,20.9,2.2,5,High
1209,Hospitality,Other,Q3,Working Capital,Bachelors,2.0,10,1893547.0,5166998.0,48,15.72,3465090.0,0.822,651.0,1,0,50.0,4.4,5,Low
1210,Technology,Other,Q2,Equipment Purchase,Primary,5.5,10,3886027.0,8107852.0,6,15.71,14601924.0,0.553,556.0,4,1,54.0,4.0,10,Low
1211,Services,Other,Q4,Inventory Financing,Diploma,6.4,9,3056996.0,8060452.0,36,9.01,,0.527,616.0,3,1,50.1,2.5,8,High
1212,Retail,Mombasa,Q3,Business Expansion,Diploma,7.7,8,868333.0,879405.0,12,18.95,224213.0,0.497,610.0,1,0,46.0,3.3,6,Medium
1213,Manufacturing,Eldoret,Q1,Business Expansion,Certificate,10.2,7,3113505.0,4273735.0,24,14.47,3373107.0,0.468,697.0,4,0,69.4,2.9,9,Low
1214,Technology,Nairobi,Q4,Business Expansion,Primary,4.7,7,908565.0,791728.0,12,10.66,1097424.0,0.566,723.0,1,1,100.0,2.5,5,Low
1215,Technology,Nakuru,Q2,Working Capital,Bachelors,10.6,10,2320110.0,7014591.0,18,11.0,11531496.0,0.442,418.0,0,0,75.2,5.0,7,Low
1216,Manufacturing,Nairobi,Q2,Business Expansion,Bachelors,9.6,10,253626.0,234881.0,12,15.6,85190.0,0.77,543.0,0,1,80.4,4.5,4,High
1217,Services,Other,Q2,Working Capital,Certificate,8.1,6,802710.0,2071444.0,24,10.95,1942032.0,0.521,710.0,3,0,25.6,2.7,5,Low
1218,Services,Other,Q4,Equipment Purchase,Primary,4.3,9,2210797.0,1141543.0,48,14.61,293241.0,0.271,679.0,1,0,83.0,4.6,8,Low
1219,Hospitality,Nairobi,Q2,Inventory Financing,Bachelors,13.9,13,1785190.0,3210763.0,12,12.51,5145978.0,0.683,579.0,3,1,94.9,4.1,3,Low
1220,Retail,Eldoret,Q4,Working Capital,Bachelors,3.5,9,2233967.0,7598109.0,24,14.54,,0.569,615.0,2,2,43.8,,7,High
1221,Manufacturing,Other,Q4,Business Expansion,Bachelors,4.0,9,137235.0,529033.0,24,14.24,287018.0,0.479,605.0,1,0,24.5,3.7,5,Medium
1222,Retail,Nairobi,Q4,Business Expansion,Bachelors,4.2,11,4304353.0,6896117.0,12,20.98,8037109.0,0.862,566.0,2,0,62.7,4.1,8,Low
1223,Hospitality,Kisumu,Q4,Working Capital,Secondary,5.6,8,3126838.0,7730607.0,24,16.82,3813122.0,0.431,564.0,0,2,66.9,4.2,7,Low
1224,Technology,Mombasa,Q1,Inventory Financing,Diploma,10.1,8,7384178.0,11704455.0,48,19.62,,0.464,531.0,1,0,26.1,3.2,7,High
1225,Agriculture,Kisumu,Q1,Working Capital,Certificate,6.3,7,1246035.0,809497.0,24,11.9,560941.0,0.132,511.0,3,1,50.5,2.6,2,Medium
1226,Agriculture,Other,Q4,Inventory Financing,Certificate,3.6,5,3173875.0,7543719.0,6,14.97,13372061.0,0.222,607.0,1,0,73.0,4.2,5,Low
1227,Technology,Eldoret,Q2,Working Capital,Certificate,9.3,3,2779715.0,2512403.0,24,12.58,,0.12,584.0,2,0,54.4,3.4,6,Low
1228,Hospitality,Nairobi,Q4,Business Expansion,Diploma,3.1,6,1503070.0,3031873.0,18,17.36,2314696.0,0.041,691.0,1,2,51.8,3.2,7,Low
1229,Technology,Kisumu,Q1,Inventory Financing,Doctorate,3.5,4,2417033.0,7172734.0,36,20.17,,0.184,572.0,1,0,53.5,3.4,3,Medium
1230,Technology,Kisumu,Q1,Inventory Financing,Certificate,5.8,12,1898775.0,3677627.0,36,15.99,2592701.0,0.654,447.0,4,0,27.7,4.5,4,Medium
1231,Hospitality,Nairobi,Q2,Equipment Purchase,Certificate,6.9,9,2840346.0,7469223.0,18,10.75,10393754.0,0.779,659.0,5,1,94.5,3.4,10,Low
1232,Hospitality,Nairobi,Q3,Working Capital,Diploma,4.0,8,1547757.0,3861817.0,60,15.21,5999536.0,0.119,547.0,0,1,85.3,,8,Low
1233,Retail,Mombasa,Q1,Business Expansion,Diploma,3.0,5,1816066.0,3925876.0,18,18.75,6969602.0,0.139,641.0,4,1,81.2,2.6,5,Low
1234,Technology,Nairobi,Q1,Business Expansion,Certificate,2.5,9,1040956.0,900513.0,36,20.12,1025811.0,0.476,620.0,1,1,38.3,4.2,5,Medium
1235,Retail,Nairobi,Q3,Working Capital,Diploma,4.1,4,1330729.0,3021414.0,24,14.6,,0.597,530.0,3,1,84.8,4.5,9,High
1236,Retail,Nakuru,Q3,Equipment Purchase,Diploma,4.5,12,2017166.0,2796869.0,24,15.55,1921084.0,0.854,514.0,2,1,32.8,1.7,8,Medium
1237,Services,Other,Q2,Inventory Financing,Bachelors,3.5,7,2128698.0,1152869.0,12,12.54,,0.333,695.0,0,0,62.5,3.1,4,Medium
1238,Agriculture,Mombasa,Q3,Equipment Purchase,Secondary,4.4,13,2259572.0,3468598.0,24,10.7,2580033.0,0.178,515.0,1,2,40.0,2.0,7,Low
1239,Manufacturing,Nakuru,Q1,Working Capital,Diploma,3.8,7,3128285.0,6957485.0,18,14.42,6296115.0,0.495,660.0,3,3,41.9,3.6,4,Low
1240,Services,Eldoret,Q3,Business Expansion,Certificate,6.1,10,1107727.0,1770476.0,24,19.43,2747314.0,0.143,697.0,3,0,57.9,4.3,10,Low
1241,Retail,Nakuru,Q1,Equipment Purchase,Bachelors,17.8,5,1265917.0,3568625.0,24,13.45,3142496.0,0.261,568.0,2,2,79.7,3.8,8,Low
1242,Retail,Nakuru,Q4,Inventory Financing,Diploma,4.2,11,587687.0,1238159.0,12,17.12,,0.451,567.0,2,0,49.9,3.8,8,Medium
1243,Agriculture,Nairobi,Q4,Equipment Purchase,Bachelors,1.5,11,3929384.0,11177145.0,36,16.41,18497455.0,0.257,606.0,0,1,45.1,2.1,6,Low
1244,Retail,Other,Q2,Working Capital,Bachelors,7.6,4,6533015.0,16721345.0,60,14.32,,0.675,604.0,1,1,56.9,3.9,10,High
1245,Agriculture,Nairobi,Q2,Working Capital,Secondary,11.8,13,2482627.0,1738866.0,12,13.61,2830521.0,0.09,627.0,2,0,17.9,3.8,9,Low
1246,Services,Nairobi,Q1,Working Capital,Primary,3.9,9,2652918.0,2937330.0,48,10.83,,0.205,522.0,1,0,54.5,3.9,13,Medium
1247,Manufacturing,Kisumu,Q4,Inventory Financing,Bachelors,5.0,4,1074535.0,1176127.0,24,14.74,,0.685,593.0,2,1,51.3,3.9,1,High
1248,Manufacturing,Kisumu,Q4,Equipment Purchase,Primary,10.1,9,2072704.0,5467320.0,24,17.11,5538298.0,0.951,590.0,2,2,52.8,4.3,5,Low
1249,Retail,Eldoret,Q2,Working Capital,Masters,3.6,11,4415190.0,5769864.0,24,17.82,,0.258,666.0,2,2,88.0,2.7,5,Medium
1250,Retail,Nairobi,Q1,Inventory Financing,Diploma,3.9,10,2156795.0,3338301.0,60,16.13,2496611.0,0.634,653.0,3,1,90.6,4.5,3,Low
1251,Services,Other,Q2,Working Capital,Certificate,1.0,6,664280.0,1543038.0,12,15.97,,0.302,513.0,0,0,37.7,2.8,5,Medium
1252,Retail,Nakuru,Q1,Business Expansion,Diploma,2.8,13,2095840.0,5921669.0,24,11.09,5962911.0,0.382,647.0,1,0,54.3,4.4,8,Low
1253,Agriculture,Other,Q4,Inventory Financing,Secondary,9.4,6,1894830.0,1452303.0,60,11.92,2395747.0,0.857,526.0,1,2,26.8,5.0,3,Medium
1254,Retail,Mombasa,Q1,Inventory Financing,Diploma,13.9,7,3562546.0,4808438.0,60,13.71,,0.346,530.0,1,3,23.3,3.0,5,Medium
1255,Technology,Nairobi,Q4,Working Capital,Masters,15.1,8,6014600.0,19532302.0,18,14.37,,0.178,642.0,1,0,23.5,3.7,5,Low
1256,Retail,Nairobi,Q4,Equipment Purchase,Primary,3.2,9,1803148.0,3830057.0,36,11.48,5411573.0,0.718,391.0,2,1,90.2,3.8,5,Medium
1257,Hospitality,Nakuru,Q3,Working Capital,Masters,2.0,7,2384187.0,3664929.0,48,13.71,,0.144,586.0,3,1,24.7,3.6,8,Medium
1258,Agriculture,Mombasa,Q2,Business Expansion,Secondary,4.0,10,3375242.0,5468031.0,48,14.8,6850590.0,0.468,634.0,1,1,67.2,3.5,5,Low
1259,Manufacturing,Mombasa,Q1,Working Capital,Certificate,3.0,5,987688.0,3374445.0,36,16.02,,0.932,643.0,1,2,29.8,3.0,4,High
1260,Technology,Nairobi,Q4,Working Capital,Masters,3.6,10,1525070.0,4317116.0,18,15.69,1394095.0,0.156,705.0,1,1,56.2,4.3,9,Low
1261,Services,Nairobi,Q3,Working Capital,Bachelors,5.8,10,611571.0,766642.0,12,11.74,,0.681,660.0,1,1,4.8,4.5,8,Medium
1262,Hospitality,Mombasa,Q3,Working Capital,Certificate,1.8,7,2028209.0,1489957.0,18,13.0,1349096.0,0.632,619.0,3,0,92.7,3.7,8,Medium
1263,Retail,Nairobi,Q1,Business Expansion,Masters,2.6,8,2787680.0,5643915.0,48,18.42,7345201.0,0.348,652.0,3,0,84.8,3.1,3,Low
1264,Manufacturing,Other,Q4,Working Capital,Primary,6.7,3,2323214.0,3499180.0,36,12.81,,0.138,612.0,2,0,47.8,3.0,5,Medium
1265,Technology,Nairobi,Q1,Equipment Purchase,Diploma,6.8,10,2482029.0,7325478.0,60,16.39,10670412.0,0.625,594.0,0,1,48.2,2.5,7,Low
1266,Retail,Other,Q4,Working Capital,Diploma,6.8,8,1123910.0,956269.0,24,19.92,1256153.0,0.214,638.0,0,2,35.3,3.3,6,Low
1267,Services,Other,Q2,Equipment Purchase,Bachelors,1.5,10,992042.0,1614141.0,48,20.15,1672959.0,0.567,679.0,3,3,40.7,2.2,3,Medium
1268,Retail,Mombasa,Q4,Working Capital,Primary,5.7,10,4222910.0,9234201.0,36,11.56,,0.673,783.0,0,0,78.0,1.8,6,Medium
1269,Agriculture,Eldoret,Q2,Equipment Purchase,Secondary,9.7,9,2966896.0,7806125.0,24,15.47,2652566.0,0.328,688.0,1,0,38.3,3.3,8,Low
1270,Agriculture,Kisumu,Q2,Business Expansion,Certificate,4.1,11,1407166.0,983739.0,36,14.3,1636383.0,0.716,680.0,2,0,27.7,3.8,6,Medium
1271,Manufacturing,Mombasa,Q3,Working Capital,Primary,2.2,11,2572945.0,2262682.0,12,13.36,,0.46,611.0,2,1,54.6,3.1,6,Medium
1272,Technology,Other,Q2,Business Expansion,Diploma,3.6,3,1074544.0,1680814.0,36,18.16,1058910.0,0.484,580.0,4,3,69.6,2.7,2,Medium
1273,Manufacturing,Other,Q2,Working Capital,Bachelors,10.1,7,1011099.0,2404500.0,36,16.1,2058642.0,0.126,543.0,1,2,24.6,4.2,4,Low
1274,Hospitality,Nairobi,Q3,Working Capital,Bachelors,9.4,8,2403946.0,5883483.0,48,19.44,,0.424,606.0,1,1,50.0,,5,Medium
1275,Manufacturing,Other,Q2,Working Capital,Secondary,2.2,9,1635082.0,3273731.0,12,11.93,,0.314,706.0,1,1,13.2,4.3,5,Medium
1276,Agriculture,Nairobi,Q3,Inventory Financing,Diploma,2.7,5,2123272.0,7357675.0,12,8.63,,0.362,714.0,4,0,72.9,4.0,9,Medium
1277,Hospitality,Nairobi,Q3,Working Capital,Masters,5.9,6,8626445.0,5047530.0,24,15.06,4981318.0,0.453,634.0,0,0,58.4,3.1,7,Low
1278,Hospitality,Mombasa,Q4,Working Capital,Primary,10.8,8,2567106.0,6412323.0,36,15.56,,0.261,539.0,0,2,19.9,3.7,8,High
1279,Agriculture,Nairobi,Q3,Inventory Financing,Bachelors,11.7,8,2212227.0,7071766.0,12,19.44,,0.437,660.0,1,0,78.3,,5,Medium
1280,Hospitality,Mombasa,Q4,Working Capital,Secondary,0.4,6,6498273.0,9754843.0,60,14.53,12277006.0,0.344,660.0,2,1,29.2,3.5,5,Low
1281,Retail,Mombasa,Q2,Working Capital,Bachelors,4.3,10,1066280.0,1437233.0,12,17.09,,0.331,627.0,1,0,56.0,4.4,6,Low
1282,Retail,Mombasa,Q2,Working Capital,Diploma,3.3,4,1606560.0,3553710.0,18,19.25,5411666.0,0.186,717.0,1,0,45.1,5.0,3,Low
1283,Agriculture,Other,Q4,Inventory Financing,Bachelors,5.4,4,1328101.0,1205996.0,18,8.04,,0.537,743.0,1,1,41.7,,6,Medium
1284,Hospitality,Other,Q1,Working Capital,Primary,14.6,7,1937920.0,4870981.0,12,15.18,,0.163,754.0,0,0,5.5,3.4,6,Low
1285,Services,Nairobi,Q3,Inventory Financing,Diploma,5.9,5,8173774.0,11192346.0,18,13.99,9016297.0,0.288,688.0,3,1,65.5,3.1,2,Low
1286,Services,Nairobi,Q3,Working Capital,Certificate,2.6,9,489958.0,1360162.0,36,12.33,,0.424,819.0,3,1,71.2,,5,Medium
1287,Hospitality,Nakuru,Q4,Equipment Purchase,Secondary,13.3,6,4641254.0,3969102.0,48,13.93,5770561.0,0.266,637.0,4,1,64.9,4.6,2,Low
1288,Manufacturing,Nairobi,Q3,Inventory Financing,Certificate,9.6,9,806847.0,2949252.0,12,14.96,4994897.0,0.386,632.0,1,1,64.3,3.7,7,Low
1289,Technology,Mombasa,Q3,Equipment Purchase,Bachelors,6.2,9,647435.0,875682.0,60,21.79,1544630.0,0.365,639.0,0,0,61.4,,5,Low
1290,Hospitality,Nakuru,Q2,Equipment Purchase,Diploma,7.9,7,1698702.0,4652472.0,60,12.71,7661501.0,0.161,541.0,2,1,76.0,3.9,8,Low
1291,Agriculture,Nairobi,Q3,Equipment Purchase,Diploma,4.2,7,1677795.0,4675868.0,12,14.4,3299900.0,0.267,664.0,2,1,52.7,3.6,3,Low
1292,Agriculture,Eldoret,Q1,Working Capital,Secondary,5.9,9,1494741.0,2970466.0,18,18.67,2661709.0,0.738,694.0,2,0,34.7,4.5,6,Low
1293,Manufacturing,Eldoret,Q2,Inventory Financing,Diploma,1.7,6,829467.0,2402555.0,48,23.0,1709935.0,0.177,603.0,2,0,69.3,2.8,4,Low
1294,Technology,Mombasa,Q1,Equipment Purchase,Certificate,10.6,9,3018168.0,2263819.0,48,11.67,2111118.0,0.147,596.0,0,0,77.0,3.6,9,Low
1295,Retail,Nairobi,Q2,Business Expansion,Bachelors,6.2,7,787526.0,2044123.0,36,17.38,3360912.0,0.465,,1,0,40.7,3.4,2,Low
1296,Technology,Kisumu,Q1,Business Expansion,Bachelors,3.0,8,2646609.0,8786117.0,12,13.56,9941904.0,0.262,787.0,0,1,90.5,4.2,12,Low
1297,Manufacturing,Nairobi,Q4,Inventory Financing,Certificate,11.9,6,12685182.0,17950410.0,48,20.25,,0.627,579.0,4,1,0.0,4.4,3,Medium
1298,Services,Other,Q2,Working Capital,Diploma,11.2,10,832588.0,2023160.0,36,17.85,1900413.0,0.355,654.0,3,1,52.1,3.3,8,Medium
1299,Manufacturing,Kisumu,Q4,Working Capital,Secondary,10.6,10,2326152.0,3406031.0,6,16.72,,0.365,728.0,0,0,45.1,3.3,1,Low
1300,Services,Nairobi,Q1,Inventory Financing,Diploma,5.6,5,1980302.0,2367577.0,24,19.03,,0.326,619.0,0,0,71.9,3.1,5,Medium
1301,Hospitality,Other,Q2,Equipment Purchase,Secondary,7.7,13,685654.0,1232193.0,24,16.26,1131768.0,0.456,705.0,1,0,55.1,3.4,5,Low
1302,Manufacturing,Kisumu,Q1,Business Expansion,Masters,2.2,8,1759664.0,4304086.0,18,15.52,1973578.0,0.262,697.0,0,3,70.6,3.1,5,Low
1303,Retail,Nairobi,Q3,Business Expansion,Certificate,3.5,6,3388814.0,3547896.0,48,17.02,2564531.0,0.077,607.0,1,0,34.7,3.0,7,Low
1304,Agriculture,Mombasa,Q1,Inventory Financing,Primary,2.3,7,3249271.0,7904386.0,60,11.01,,0.364,717.0,3,0,25.9,4.2,7,Medium
1305,Manufacturing,Mombasa,Q4,Inventory Financing,Secondary,8.3,7,2989934.0,5062583.0,12,15.57,,0.354,749.0,1,1,60.1,3.5,7,Low
1306,Retail,Other,Q2,Business Expansion,Masters,3.5,8,1219559.0,1085060.0,12,18.84,527230.0,0.092,656.0,5,3,96.5,4.7,7,Medium
1307,Retail,Nairobi,Q1,Working Capital,Secondary,5.7,11,1704682.0,1226752.0,24,8.0,1370889.0,0.414,709.0,3,0,50.5,5.0,8,Low
1308,Services,Mombasa,Q1,Inventory Financing,Certificate,4.0,5,1005890.0,3229196.0,48,10.42,1878391.0,0.255,679.0,0,0,86.0,3.7,9,Low
1309,Services,Other,Q3,Working Capital,Masters,5.8,9,3990797.0,9655735.0,36,17.55,,0.388,730.0,1,1,67.7,4.0,5,Medium
1310,Manufacturing,Mombasa,Q1,Inventory Financing,Bachelors,3.1,9,1092777.0,1465457.0,24,17.46,,0.85,651.0,1,1,38.1,4.1,6,Medium
1311,Hospitality,Other,Q1,Working Capital,Certificate,3.0,7,872941.0,1692765.0,24,15.79,,0.192,607.0,2,1,86.5,2.5,6,Medium
1312,Manufacturing,Nairobi,Q2,Inventory Financing,Secondary,2.1,7,1193245.0,2039751.0,48,17.51,3572925.0,0.466,556.0,2,2,68.1,2.7,6,Low
1313,Retail,Mombasa,Q2,Business Expansion,Certificate,5.3,13,5610240.0,9238810.0,48,15.09,10070267.0,0.196,617.0,4,0,67.1,4.8,2,Low
1314,Manufacturing,Nairobi,Q4,Working Capital,Certificate,7.1,4,654482.0,553519.0,36,19.64,839741.0,0.084,742.0,2,0,49.0,1.9,3,Low
1315,Agriculture,Other,Q4,Business Expansion,Bachelors,1.4,6,3119007.0,3436617.0,48,12.43,4018194.0,0.26,,0,0,57.4,,6,Low
1316,Manufacturing,Kisumu,Q4,Business Expansion,Diploma,9.4,7,3212932.0,7082289.0,18,20.34,12719040.0,0.497,594.0,0,0,47.0,4.5,6,Low
1317,Agriculture,Nairobi,Q2,Working Capital,Masters,12.3,6,1408686.0,3757495.0,24,15.34,2359530.0,0.108,650.0,1,0,0.0,3.9,6,Low
1318,Retail,Nairobi,Q2,Inventory Financing,Masters,2.7,4,2036390.0,2327316.0,24,13.37,,0.576,548.0,2,1,53.7,4.3,10,Medium
1319,Manufacturing,Mombasa,Q1,Business Expansion,Bachelors,4.0,8,676907.0,646651.0,36,17.8,907130.0,0.423,587.0,2,1,65.9,4.3,2,Medium
1320,Agriculture,Nairobi,Q1,Equipment Purchase,Certificate,2.3,4,2274096.0,6608670.0,18,14.49,7343955.0,0.043,556.0,1,0,33.2,2.9,8,Low
1321,Services,Mombasa,Q2,Inventory Financing,Certificate,10.0,8,2668045.0,6667873.0,48,21.01,9498997.0,0.258,484.0,3,2,43.6,2.4,8,Low
1322,Hospitality,Eldoret,Q2,Working Capital,Diploma,14.4,9,1256809.0,3577982.0,18,14.42,,0.196,530.0,2,1,64.8,3.4,5,Medium
1323,Retail,Nairobi,Q3,Working Capital,Diploma,5.8,12,2090869.0,2414168.0,18,11.99,1708905.0,0.963,544.0,1,0,65.9,,6,High
1324,Agriculture,Nairobi,Q3,Inventory Financing,Bachelors,0.7,9,1760711.0,3710262.0,12,9.65,,0.135,561.0,2,0,3.4,3.6,10,Medium
1325,Manufacturing,Mombasa,Q4,Working Capital,Bachelors,12.0,9,2945410.0,4099190.0,36,16.32,,0.497,695.0,4,2,55.5,3.1,8,Medium
1326,Technology,Nairobi,Q2,Inventory Financing,Secondary,1.0,6,2757646.0,8029981.0,12,22.33,5832651.0,0.409,616.0,1,1,79.4,2.9,6,Low
1327,Services,Other,Q1,Working Capital,Bachelors,6.6,11,3825711.0,12762477.0,18,18.03,20841076.0,0.347,568.0,1,0,56.9,2.8,3,Low
1328,Retail,Nairobi,Q3,Inventory Financing,Certificate,6.0,5,1741463.0,2832902.0,36,15.62,5110790.0,0.37,691.0,3,1,53.0,3.5,5,Low
1329,Services,Eldoret,Q4,Equipment Purchase,Bachelors,4.4,4,2693312.0,5286379.0,18,8.62,9118305.0,0.154,637.0,3,0,34.7,2.4,8,Low
1330,Retail,Nairobi,Q3,Business Expansion,Primary,3.8,5,3264294.0,6126256.0,24,11.61,9104587.0,0.321,499.0,2,3,29.2,3.6,6,Low
1331,Manufacturing,Eldoret,Q3,Business Expansion,Bachelors,2.6,7,5352268.0,13665605.0,36,17.02,16686001.0,0.834,704.0,1,1,100.0,2.9,12,Low
1332,Hospitality,Eldoret,Q3,Equipment Purchase,Diploma,3.5,7,1943292.0,5050437.0,24,14.1,8826814.0,0.746,616.0,2,3,55.4,3.4,1,Low
1333,Hospitality,Nairobi,Q4,Equipment Purchase,Secondary,9.0,11,1435186.0,4729297.0,24,15.62,8413979.0,0.527,633.0,1,0,53.2,2.5,9,Low
1334,Agriculture,Eldoret,Q4,Business Expansion,Secondary,6.4,4,1225345.0,1143567.0,18,15.63,1272288.0,0.12,618.0,1,0,50.0,3.4,5,Low
1335,Agriculture,Other,Q1,Working Capital,Secondary,3.7,9,1701336.0,1395301.0,48,17.46,,0.331,588.0,1,0,91.3,,6,Medium
1336,Manufacturing,Kisumu,Q1,Inventory Financing,Diploma,2.4,9,572139.0,1131287.0,18,13.83,957548.0,0.504,658.0,4,0,47.2,,7,Medium
1337,Manufacturing,Nakuru,Q2,Inventory Financing,Bachelors,2.2,13,878048.0,1741758.0,24,17.59,,0.334,629.0,0,0,24.9,2.8,9,Medium
1338,Manufacturing,Nairobi,Q2,Working Capital,Masters,3.4,11,2828249.0,3518115.0,12,19.05,1286439.0,0.491,505.0,2,0,100.0,4.4,4,Medium
1339,Hospitality,Nairobi,Q4,Working Capital,Diploma,7.4,12,7256082.0,14502338.0,12,15.3,17247029.0,0.682,701.0,0,1,39.7,2.9,7,Low
1340,Manufacturing,Eldoret,Q1,Equipment Purchase,Secondary,6.9,9,4707168.0,8726251.0,36,17.44,10161403.0,0.28,672.0,3,2,91.4,2.0,7,Low
1341,Hospitality,Other,Q3,Inventory Financing,Masters,5.7,6,1249711.0,4261845.0,18,15.16,,0.723,504.0,1,1,38.4,5.0,6,High
1342,Manufacturing,Nairobi,Q3,Equipment Purchase,Masters,3.5,8,4065866.0,11403165.0,36,14.07,19644415.0,0.361,639.0,1,1,83.4,2.9,8,Low
1343,Agriculture,Nairobi,Q1,Working Capital,Primary,3.1,16,2279901.0,5677552.0,18,16.33,,0.71,544.0,4,1,69.6,3.1,6,High
1344,Agriculture,Mombasa,Q3,Business Expansion,Diploma,4.5,15,1314991.0,3718382.0,36,14.81,5204732.0,0.378,697.0,1,0,55.5,4.9,8,Low
1345,Retail,Nakuru,Q2,Working Capital,Diploma,7.4,10,4625854.0,4371412.0,48,13.39,,0.439,513.0,0,0,44.1,4.7,8,Medium
1346,Agriculture,Mombasa,Q2,Business Expansion,Diploma,1.4,7,3233098.0,6485427.0,24,15.15,2010943.0,0.56,734.0,2,1,50.1,4.3,5,Low
1347,Retail,Other,Q1,Business Expansion,Bachelors,1.9,6,3230881.0,6597297.0,36,14.9,5569535.0,0.717,544.0,2,0,40.4,3.8,2,Low
1348,Hospitality,Eldoret,Q1,Working Capital,Primary,5.3,6,2749180.0,1815103.0,36,18.41,,0.482,685.0,1,2,44.5,4.1,5,Medium
1349,Retail,Other,Q4,Equipment Purchase,Secondary,1.6,11,3399812.0,3583499.0,60,19.41,1582147.0,0.392,719.0,2,1,44.7,4.4,7,Low
1350,Manufacturing,Kisumu,Q2,Business Expansion,Secondary,8.7,9,1622096.0,1714707.0,36,10.63,1114725.0,0.677,803.0,3,1,22.9,3.3,2,Low
1351,Services,Eldoret,Q3,Inventory Financing,Diploma,9.4,7,1631943.0,971143.0,24,10.09,,0.514,662.0,0,1,45.6,3.6,7,Medium
1352,Hospitality,Other,Q1,Working Capital,Primary,3.5,11,1241607.0,2944967.0,6,13.36,,0.541,653.0,4,0,23.3,3.3,11,Medium
1353,Retail,Nairobi,Q4,Equipment Purchase,Secondary,7.3,11,3499778.0,5470926.0,6,18.97,3109998.0,0.609,682.0,1,0,73.6,2.9,9,Low
1354,Manufacturing,Kisumu,Q1,Inventory Financing,Secondary,2.0,8,2463173.0,7719802.0,48,11.98,,0.864,745.0,3,1,50.3,3.5,2,High
1355,Retail,Nairobi,Q4,Working Capital,Primary,1.8,8,3416396.0,4919873.0,18,12.16,7256031.0,0.674,662.0,1,0,90.8,4.4,4,Low
1356,Services,Eldoret,Q2,Inventory Financing,Certificate,5.2,6,1518246.0,3964090.0,24,9.8,5140748.0,0.717,693.0,3,0,34.7,3.2,5,Low
1357,Retail,Nairobi,Q1,Equipment Purchase,Secondary,11.8,7,1715453.0,4798335.0,6,13.14,6521180.0,0.28,850.0,2,0,55.0,3.4,5,Low
1358,Hospitality,Eldoret,Q4,Working Capital,Certificate,9.1,7,1969086.0,3069047.0,12,14.75,,0.56,741.0,2,0,90.9,3.4,7,Low
1359,Agriculture,Nairobi,Q1,Inventory Financing,Secondary,22.9,13,2377221.0,2095567.0,60,18.61,,0.653,649.0,1,2,42.5,3.2,6,Medium
1360,Retail,Nakuru,Q2,Equipment Purchase,Bachelors,21.6,6,1989940.0,6796454.0,60,21.2,8689973.0,0.23,755.0,0,0,30.3,3.5,5,Low
1361,Hospitality,Nakuru,Q1,Working Capital,Secondary,6.5,8,4910068.0,10871863.0,12,15.81,5019704.0,0.456,684.0,0,2,34.5,1.7,6,Low
1362,Hospitality,Other,Q3,Working Capital,Bachelors,5.6,4,2148787.0,5170935.0,48,16.98,,0.102,672.0,2,1,97.6,2.4,6,Medium
1363,Manufacturing,Other,Q4,Business Expansion,Diploma,2.1,7,323005.0,661059.0,18,17.39,168546.0,0.269,671.0,3,2,83.5,4.2,6,Medium
1364,Technology,Mombasa,Q2,Business Expansion,Secondary,5.4,10,1263890.0,1328121.0,12,16.12,1522842.0,0.1,518.0,2,1,87.6,2.8,4,Low
1365,Hospitality,Nakuru,Q1,Working Capital,Certificate,4.1,7,2193852.0,4969290.0,6,17.03,6009066.0,0.643,657.0,1,1,34.5,3.7,10,Low
1366,Services,Nairobi,Q2,Equipment Purchase,Certificate,6.9,7,2144148.0,5570733.0,18,10.66,3389820.0,0.945,651.0,2,1,70.9,3.4,4,Low
1367,Retail,Nairobi,Q3,Working Capital,Certificate,1.6,10,1867672.0,2708656.0,36,17.45,,0.116,748.0,1,1,82.6,3.9,3,Low
1368,Agriculture,Nakuru,Q1,Inventory Financing,Diploma,3.9,13,1612644.0,5235048.0,24,18.09,7965694.0,0.721,758.0,1,1,36.7,4.3,7,Low
1369,Hospitality,Other,Q2,Equipment Purchase,Primary,1.0,12,4849910.0,13788326.0,12,10.99,20693658.0,0.146,,0,0,37.2,3.3,8,Low
1370,Hospitality,Eldoret,Q1,Business Expansion,Secondary,9.4,9,1183097.0,3101570.0,18,12.74,5071892.0,0.318,600.0,4,1,28.9,3.1,2,Low
1371,Services,Kisumu,Q3,Inventory Financing,Diploma,0.8,4,2934960.0,2959269.0,12,16.45,4651930.0,0.234,,2,0,65.0,4.0,6,Low
1372,Services,Nakuru,Q4,Working Capital,Primary,15.9,4,4036936.0,13106124.0,36,16.93,,0.047,663.0,1,0,23.6,4.0,8,Low
1373,Retail,Eldoret,Q1,Inventory Financing,Bachelors,10.2,9,3860327.0,11242624.0,12,17.47,12590291.0,0.047,615.0,0,0,45.7,3.4,7,Low
1374,Hospitality,Kisumu,Q2,Equipment Purchase,Certificate,3.4,5,7862746.0,7429981.0,18,20.28,6578775.0,0.477,710.0,1,3,84.4,4.4,6,Low
1375,Services,Mombasa,Q3,Business Expansion,Primary,5.7,8,1075826.0,3561494.0,24,17.89,2658581.0,0.542,467.0,2,1,8.1,4.0,3,Medium
1376,Technology,Other,Q2,Working Capital,Bachelors,15.8,7,1434134.0,4898913.0,18,22.73,,0.116,685.0,1,1,33.1,4.4,5,Low
1377,Manufacturing,Mombasa,Q1,Business Expansion,Secondary,0.6,10,2301593.0,7078364.0,48,14.62,2237783.0,0.222,676.0,3,1,45.6,3.2,4,Low
1378,Services,Other,Q4,Business Expansion,Doctorate,6.8,14,2775787.0,2617124.0,18,12.93,1495459.0,0.107,672.0,2,1,50.7,4.1,5,Low
1379,Technology,Eldoret,Q2,Business Expansion,Masters,12.8,10,3083452.0,4959156.0,12,11.54,4838083.0,0.199,741.0,3,1,26.2,4.8,6,Low
1380,Services,Eldoret,Q4,Inventory Financing,Bachelors,7.4,10,1269703.0,2094580.0,60,18.06,,0.481,533.0,2,1,21.8,4.8,9,High
1381,Manufacturing,Other,Q2,Equipment Purchase,Bachelors,6.3,8,1515443.0,2221416.0,24,19.78,2348414.0,0.392,544.0,0,0,63.5,5.0,5,Low
1382,Retail,Other,Q2,Working Capital,Primary,4.3,7,5314997.0,9698469.0,6,13.41,,0.191,614.0,2,0,24.0,3.2,4,Medium
1383,Hospitality,Other,Q2,Inventory Financing,Primary,2.5,10,2882511.0,7672326.0,6,15.73,,0.435,692.0,1,1,70.8,3.6,8,Medium
1384,Manufacturing,Kisumu,Q2,Equipment Purchase,Certificate,4.3,8,2952684.0,7060743.0,36,11.76,6170478.0,0.153,701.0,2,0,53.6,3.1,3,Low
1385,Technology,Mombasa,Q3,Business Expansion,Certificate,4.7,8,3329100.0,10129687.0,48,20.53,9853149.0,0.714,575.0,4,1,59.7,4.4,8,Low
1386,Hospitality,Eldoret,Q3,Business Expansion,Certificate,7.0,5,6444714.0,9552189.0,12,16.39,6931815.0,0.365,637.0,2,1,79.7,3.9,8,Low
1387,Hospitality,Other,Q3,Working Capital,Diploma,6.4,5,1783111.0,4983965.0,36,18.65,,0.594,626.0,2,0,55.5,3.1,6,High
1388,Retail,Nakuru,Q1,Working Capital,Bachelors,8.0,8,2464983.0,3945948.0,12,13.06,4173407.0,0.115,513.0,1,0,11.7,3.4,8,Low
1389,Manufacturing,Nairobi,Q3,Working Capital,Bachelors,4.8,6,677464.0,1777004.0,36,16.53,1676371.0,0.366,751.0,2,2,2.4,3.8,2,Low
1390,Agriculture,Nairobi,Q2,Business Expansion,Masters,5.3,3,1541387.0,4050845.0,18,19.43,5128772.0,0.253,716.0,5,0,60.5,2.9,6,Low
1391,Services,Mombasa,Q4,Inventory Financing,Diploma,5.2,9,2370187.0,5126577.0,48,16.57,,0.257,717.0,0,2,51.4,2.5,6,Medium
1392,Retail,Eldoret,Q2,Business Expansion,Bachelors,3.3,5,2851298.0,8250984.0,18,11.03,12631550.0,0.352,533.0,1,2,55.4,3.4,4,Low
1393,Manufacturing,Other,Q3,Inventory Financing,Primary,3.2,7,1164967.0,3883990.0,6,13.32,1390966.0,0.283,,0,1,49.7,4.2,8,Medium
1394,Manufacturing,Mombasa,Q4,Working Capital,Primary,1.4,10,747138.0,633177.0,24,14.77,,0.385,601.0,2,2,38.0,3.3,3,Medium
1395,Agriculture,Kisumu,Q1,Working Capital,Certificate,1.8,9,1053703.0,2580701.0,24,17.42,4113528.0,0.454,692.0,1,1,42.1,2.9,12,Low
1396,Retail,Kisumu,Q1,Equipment Purchase,Bachelors,1.5,5,458673.0,1515795.0,18,16.78,2383100.0,0.797,496.0,2,0,41.8,4.6,4,Medium
1397,Hospitality,Nairobi,Q4,Working Capital,Certificate,5.5,7,953554.0,3190547.0,6,18.66,,0.103,689.0,2,2,21.8,3.0,5,Medium
1398,Services,Nairobi,Q4,Working Capital,Secondary,1.0,11,1639073.0,1691220.0,48,15.47,,0.566,,3,0,42.0,2.0,4,High
1399,Retail,Kisumu,Q2,Working Capital,Secondary,5.3,7,2598395.0,2766388.0,36,11.95,3052641.0,0.474,736.0,0,0,73.6,4.0,7,Low
1400,Retail,Kisumu,Q1,Working Capital,Secondary,1.3,17,4705787.0,14223721.0,12,18.92,,0.13,594.0,3,0,38.2,4.6,7,Medium
1401,Agriculture,Other,Q4,Business Expansion,Bachelors,2.1,10,2027279.0,5116517.0,36,17.01,6765109.0,0.23,,0,0,36.7,2.3,4,Low
1402,Retail,Nairobi,Q2,Business Expansion,Secondary,4.6,11,1139152.0,1768177.0,12,11.0,1088756.0,0.339,597.0,1,0,100.0,5.0,5,Medium
1403,Services,Other,Q2,Inventory Financing,Bachelors,4.4,3,2151447.0,4060166.0,36,15.42,,0.603,482.0,3,0,100.0,,8,High
1404,Services,Nairobi,Q1,Inventory Financing,Masters,7.3,9,1529289.0,2813900.0,48,12.13,4773401.0,0.44,590.0,1,0,39.6,2.6,4,Low
1405,Technology,Kisumu,Q1,Working Capital,Bachelors,5.7,12,3799107.0,3699474.0,6,22.95,,0.682,694.0,1,0,67.4,2.8,4,Medium
1406,Services,Nakuru,Q4,Inventory Financing,Masters,3.0,8,3696683.0,8056738.0,24,15.12,,0.09,718.0,3,1,100.0,2.8,5,Medium
1407,Manufacturing,Nairobi,Q1,Business Expansion,Secondary,4.0,8,626668.0,1267257.0,12,15.9,1087078.0,0.141,602.0,3,1,47.5,4.5,5,Low
1408,Retail,Other,Q4,Equipment Purchase,Secondary,7.5,6,1631295.0,4114268.0,36,18.78,5136237.0,0.423,604.0,2,0,40.2,2.2,4,Low
1409,Services,Other,Q4,Inventory Financing,Secondary,4.8,11,7314736.0,25613326.0,24,11.94,36559726.0,0.692,619.0,2,1,63.8,2.4,9,Low
1410,Manufacturing,Other,Q1,Equipment Purchase,Primary,8.7,6,4390513.0,3898120.0,48,17.87,3537397.0,0.473,647.0,1,2,69.6,1.2,6,Low
1411,Services,Nairobi,Q4,Working Capital,Masters,2.4,5,1587914.0,1138888.0,12,15.43,1226587.0,0.29,628.0,2,1,51.2,3.5,6,Low
1412,Manufacturing,Nakuru,Q3,Working Capital,Secondary,2.5,11,240124.0,723470.0,12,17.09,,0.479,599.0,0,2,19.7,4.2,5,Medium
1413,Services,Nakuru,Q2,Working Capital,Diploma,1.6,6,2815292.0,5061565.0,24,11.48,3362992.0,0.239,665.0,0,2,66.8,3.3,6,Low
1414,Hospitality,Other,Q2,Business Expansion,Secondary,8.4,8,2536276.0,5162180.0,48,17.31,4340842.0,0.253,841.0,3,0,61.5,4.1,6,Low
1415,Manufacturing,Nairobi,Q1,Equipment Purchase,Diploma,12.1,8,1866381.0,3887414.0,36,11.31,4172271.0,0.816,661.0,2,2,67.7,2.4,1,Low
1416,Agriculture,Nairobi,Q3,Business Expansion,Certificate,3.3,11,3114869.0,4536457.0,24,16.05,3460974.0,0.641,734.0,3,0,88.3,3.8,4,Low
1417,Hospitality,Other,Q4,Working Capital,Bachelors,2.9,9,2186836.0,1991309.0,36,17.0,,0.315,479.0,3,0,27.7,4.1,7,Medium
1418,Hospitality,Nairobi,Q2,Working Capital,Secondary,1.7,7,2609601.0,4389879.0,18,17.51,,0.243,669.0,4,0,36.8,4.1,5,Medium
1419,Retail,Nairobi,Q2,Equipment Purchase,Secondary,9.3,11,1682857.0,2309723.0,6,18.53,1269403.0,0.333,574.0,1,1,84.6,3.7,9,Low
1420,Agriculture,Nairobi,Q4,Business Expansion,Secondary,3.8,6,1641402.0,2349560.0,6,10.84,992038.0,0.094,781.0,1,1,9.0,3.9,8,Low
1421,Hospitality,Nakuru,Q1,Equipment Purchase,Secondary,5.5,6,2419217.0,3491742.0,60,21.09,3620854.0,0.342,706.0,2,1,34.4,3.5,6,Low
1422,Hospitality,Kisumu,Q1,Working Capital,Bachelors,5.0,5,1502038.0,3539383.0,18,15.31,,0.595,740.0,0,0,56.6,5.0,3,Medium
1423,Services,Eldoret,Q1,Working Capital,Masters,1.2,10,805484.0,449434.0,36,16.15,539778.0,0.707,633.0,0,1,71.1,3.7,2,Medium
1424,Manufacturing,Other,Q4,Business Expansion,Primary,0.8,4,768611.0,1134759.0,12,18.87,2035325.0,0.291,675.0,3,0,64.4,,9,Low
1425,Manufacturing,Nairobi,Q3,Business Expansion,Bachelors,11.5,7,2419179.0,7209896.0,18,21.28,11962673.0,0.289,486.0,0,0,62.3,3.2,9,Low
1426,Technology,Other,Q2,Working Capital,Bachelors,9.8,8,1137563.0,3734862.0,18,13.41,5660665.0,0.322,638.0,2,0,44.1,2.2,8,Low
1427,Retail,Other,Q1,Inventory Financing,Primary,8.9,6,1093807.0,1308394.0,18,15.91,,0.495,534.0,1,0,72.5,3.7,2,High
1428,Agriculture,Other,Q3,Working Capital,Secondary,4.1,8,1160097.0,3835739.0,12,16.44,,0.757,701.0,5,0,68.7,4.1,5,High
1429,Retail,Eldoret,Q1,Working Capital,Bachelors,2.4,3,2764940.0,6667772.0,18,19.98,6776885.0,0.289,617.0,3,2,66.1,3.4,9,Low
1430,Hospitality,Mombasa,Q2,Equipment Purchase,Secondary,4.7,7,455298.0,1564166.0,24,16.99,1117022.0,0.301,452.0,3,2,42.7,2.8,7,High
1431,Technology,Nairobi,Q1,Inventory Financing,Bachelors,2.2,14,344595.0,288164.0,18,22.55,160895.0,0.784,413.0,1,0,86.4,3.5,6,High
1432,Retail,Other,Q3,Equipment Purchase,Diploma,5.8,11,2083547.0,6495399.0,24,18.19,8956219.0,0.396,538.0,2,0,52.2,3.1,5,Low
1433,Services,Mombasa,Q3,Business Expansion,Masters,4.1,10,1557516.0,5039210.0,24,14.13,6796174.0,0.658,676.0,1,1,53.4,3.5,4,Low
1434,Services,Mombasa,Q3,Inventory Financing,Diploma,3.4,11,4694820.0,12864768.0,12,14.03,,0.464,673.0,2,1,44.7,5.0,10,Medium
1435,Agriculture,Nakuru,Q3,Equipment Purchase,Secondary,5.7,7,1492761.0,4586701.0,48,15.43,5101963.0,0.723,497.0,3,0,45.8,3.5,2,Low
1436,Services,Nakuru,Q3,Working Capital,Diploma,3.8,5,676454.0,2114623.0,24,15.82,,0.347,569.0,0,1,38.3,4.5,7,High
1437,Agriculture,Nakuru,Q4,Equipment Purchase,Certificate,2.1,5,2067073.0,5288834.0,12,13.89,3949475.0,0.257,743.0,2,2,40.2,3.8,8,Low
1438,Hospitality,Nakuru,Q1,Equipment Purchase,Primary,2.4,6,2126923.0,5323335.0,36,16.65,3419154.0,0.181,650.0,1,0,30.0,4.8,6,Low
1439,Agriculture,Kisumu,Q4,Working Capital,Bachelors,4.4,11,2233768.0,1409191.0,48,18.7,2420569.0,0.561,677.0,2,0,32.6,5.0,4,Low
1440,Retail,Eldoret,Q1,Working Capital,Bachelors,3.7,8,2224327.0,2523232.0,36,14.92,,0.324,681.0,0,0,37.9,5.0,12,Low
1441,Hospitality,Mombasa,Q4,Business Expansion,Masters,7.7,10,7693517.0,5549477.0,12,19.01,2693743.0,0.309,727.0,2,1,17.9,4.1,6,Low
1442,Hospitality,Nairobi,Q4,Inventory Financing,Diploma,5.4,8,1428990.0,3091350.0,6,17.99,1038213.0,0.21,,3,0,44.6,4.3,4,Low
1443,Technology,Other,Q3,Inventory Financing,Diploma,5.8,6,2341907.0,1943217.0,12,17.1,,1.012,850.0,0,0,16.7,3.2,6,Medium
1444,Hospitality,Other,Q2,Equipment Purchase,Secondary,1.5,10,1648341.0,3106308.0,12,20.34,4814123.0,0.243,569.0,0,2,46.5,3.4,7,Low
1445,Retail,Nakuru,Q1,Equipment Purchase,Masters,3.9,10,568361.0,259725.0,12,20.25,265626.0,0.202,615.0,2,0,56.4,2.9,2,Low
1446,Technology,Nairobi,Q2,Inventory Financing,Bachelors,1.5,5,767381.0,1071614.0,12,12.42,1149545.0,0.429,649.0,2,1,47.6,3.8,6,Low
1447,Retail,Nairobi,Q2,Inventory Financing,Diploma,3.0,5,949450.0,2927565.0,36,16.71,,0.436,589.0,1,1,84.1,3.7,8,High
1448,Technology,Other,Q1,Equipment Purchase,Diploma,6.6,11,1468945.0,3068732.0,12,17.61,1716450.0,0.273,669.0,1,1,52.1,4.2,8,Low
1449,Services,Other,Q2,Inventory Financing,Bachelors,2.8,8,773331.0,644178.0,24,12.58,,0.696,592.0,1,0,53.9,,4,Medium
1450,Manufacturing,Nairobi,Q3,Business Expansion,Secondary,3.5,8,4353609.0,6048360.0,48,11.29,9636475.0,0.302,816.0,3,0,43.0,3.9,5,Low
1451,Hospitality,Nakuru,Q2,Working Capital,Secondary,5.3,8,1659210.0,2053304.0,18,15.52,,0.639,675.0,0,0,68.4,4.4,3,Medium
1452,Retail,Nairobi,Q4,Equipment Purchase,Doctorate,3.4,6,909116.0,1534315.0,6,13.0,539582.0,0.144,629.0,1,2,33.2,3.6,4,Low
1453,Retail,Mombasa,Q4,Working Capital,Primary,9.4,6,1153332.0,1026911.0,24,15.26,999660.0,0.563,691.0,1,1,72.2,3.3,7,Low
1454,Retail,Nakuru,Q2,Equipment Purchase,Secondary,3.1,10,1763900.0,5684304.0,24,12.14,10273433.0,0.933,520.0,2,1,77.9,2.3,8,Low
1455,Hospitality,Mombasa,Q4,Equipment Purchase,Certificate,3.9,10,1141657.0,2240521.0,18,17.93,2578495.0,0.221,683.0,1,1,24.0,3.9,9,Low
1456,Hospitality,Other,Q2,Inventory Financing,Primary,10.7,4,934202.0,832594.0,6,12.42,824297.0,0.718,701.0,1,0,30.3,3.0,5,Medium
1457,Technology,Other,Q3,Working Capital,Secondary,5.2,6,780714.0,2862815.0,60,11.63,2219413.0,0.343,630.0,1,1,92.2,3.7,10,Low
1458,Agriculture,Nairobi,Q2,Business Expansion,Bachelors,4.2,7,1693849.0,2405263.0,12,14.93,2185213.0,0.778,457.0,1,0,69.8,3.2,5,High
1459,Technology,Nakuru,Q3,Business Expansion,Diploma,14.0,7,6113152.0,18854383.0,24,16.06,23559533.0,0.648,650.0,3,2,30.2,3.5,9,Low
1460,Manufacturing,Mombasa,Q1,Equipment Purchase,Diploma,5.7,6,286952.0,804503.0,12,12.65,1461991.0,0.625,613.0,1,2,41.5,3.7,6,Medium
1461,Retail,Nairobi,Q2,Business Expansion,Primary,10.8,5,1454847.0,1170676.0,24,16.94,1866806.0,0.449,628.0,1,0,36.5,4.5,7,Low
1462,Agriculture,Nairobi,Q1,Equipment Purchase,Certificate,7.1,9,1819553.0,2213689.0,12,12.3,1638313.0,0.493,717.0,1,0,75.8,3.5,4,Low
1463,Retail,Mombasa,Q2,Business Expansion,Secondary,7.3,9,1040701.0,1468492.0,60,21.1,2106418.0,0.584,626.0,2,1,21.5,4.0,3,Medium
1464,Retail,Other,Q1,Equipment Purchase,Certificate,11.1,8,7969664.0,21481396.0,18,17.1,10288469.0,0.738,850.0,1,0,61.8,4.5,8,Low
1465,Technology,Eldoret,Q3,Inventory Financing,Certificate,6.7,7,1969252.0,2062107.0,18,17.29,,0.868,696.0,2,2,59.0,2.7,6,High
1466,Hospitality,Nairobi,Q2,Working Capital,Certificate,3.6,11,553778.0,1641665.0,24,16.16,2223250.0,0.801,705.0,1,1,40.1,2.9,7,Low
1467,Retail,Nairobi,Q2,Inventory Financing,Secondary,4.4,6,2017261.0,2227574.0,12,16.15,966981.0,0.447,687.0,1,0,24.9,2.6,5,Low
1468,Retail,Other,Q4,Business Expansion,Bachelors,4.7,8,786371.0,2273634.0,12,11.15,1824953.0,0.435,816.0,1,2,100.0,3.7,1,Low
1469,Manufacturing,Kisumu,Q3,Working Capital,Certificate,10.2,5,3087295.0,9775073.0,18,16.8,,0.167,614.0,3,0,54.9,2.7,4,Medium
1470,Agriculture,Kisumu,Q1,Business Expansion,Bachelors,9.0,6,1822890.0,5406312.0,24,17.89,9494119.0,0.08,551.0,1,2,82.8,4.7,11,Low
1471,Retail,Mombasa,Q2,Equipment Purchase,Secondary,5.7,5,3752410.0,4795025.0,60,13.24,8541976.0,0.217,676.0,2,1,67.4,2.1,5,Low
1472,Manufacturing,Other,Q3,Equipment Purchase,Secondary,5.0,8,914716.0,2419660.0,36,16.42,4012425.0,0.198,,3,0,66.1,3.8,5,Low
1473,Retail,Kisumu,Q1,Equipment Purchase,Certificate,5.7,3,2215899.0,1377695.0,48,12.49,865893.0,0.357,531.0,0,1,65.8,3.9,3,Medium
1474,Services,Kisumu,Q1,Business Expansion,Bachelors,9.8,13,5299807.0,4493538.0,60,18.54,4955886.0,0.64,780.0,3,0,2.6,4.3,7,Low
1475,Agriculture,Nairobi,Q3,Equipment Purchase,Certificate,14.5,11,1641368.0,5247776.0,6,16.04,7312403.0,0.428,839.0,0,0,68.0,3.2,7,Low
1476,Agriculture,Eldoret,Q1,Business Expansion,Bachelors,5.9,11,887749.0,671294.0,24,20.61,863773.0,0.449,682.0,1,1,80.2,2.4,9,Low
1477,Agriculture,Nairobi,Q4,Working Capital,Diploma,2.3,9,1301725.0,4496898.0,24,18.46,,0.572,715.0,3,1,98.7,3.5,8,Medium
1478,Manufacturing,Nairobi,Q4,Working Capital,Secondary,1.7,9,1882482.0,1521759.0,36,14.3,,0.588,560.0,2,2,34.5,3.6,4,High
1479,Technology,Kisumu,Q2,Business Expansion,Secondary,2.2,11,1287501.0,2387226.0,48,16.57,1781475.0,0.448,528.0,3,1,68.5,3.3,4,Medium
1480,Services,Other,Q1,Inventory Financing,Secondary,14.7,6,2595960.0,5368454.0,18,21.55,,0.6,609.0,1,0,29.6,4.0,9,Medium
1481,Retail,Nairobi,Q2,Working Capital,Certificate,1.7,5,3429138.0,4095491.0,48,19.93,,0.338,713.0,1,0,100.0,4.5,7,Medium
1482,Agriculture,Nairobi,Q1,Inventory Financing,Diploma,3.6,12,968265.0,1541513.0,12,14.43,,0.716,546.0,3,0,0.0,3.4,5,High
1483,Retail,Nairobi,Q1,Equipment Purchase,Secondary,5.2,8,619897.0,2262560.0,36,12.87,974767.0,0.191,598.0,1,0,67.1,4.1,9,Low
1484,Retail,Kisumu,Q4,Business Expansion,Masters,2.5,9,911040.0,1867125.0,6,14.07,2316605.0,0.519,730.0,1,0,81.0,4.1,5,Low
1485,Retail,Eldoret,Q4,Working Capital,Primary,5.3,15,597550.0,595845.0,36,13.27,603373.0,0.645,616.0,1,0,29.8,1.1,5,Medium
1486,Retail,Nairobi,Q1,Business Expansion,Bachelors,6.7,9,1047543.0,1852551.0,48,14.36,936301.0,0.129,668.0,3,2,67.3,2.1,5,Low
1487,Technology,Kisumu,Q4,Equipment Purchase,Secondary,6.0,8,1446524.0,3726478.0,36,24.71,5795414.0,0.494,551.0,2,0,86.8,3.6,2,Low
1488,Services,Kisumu,Q1,Inventory Financing,Doctorate,9.5,9,587871.0,856313.0,48,17.26,,0.369,735.0,4,1,46.9,4.9,7,Low
1489,Services,Nairobi,Q4,Working Capital,Primary,15.0,8,1961259.0,6694782.0,6,20.4,,0.05,703.0,1,0,92.9,2.9,7,Low
1490,Manufacturing,Kisumu,Q4,Working Capital,Masters,0.8,12,1511220.0,4048064.0,60,12.86,,0.327,613.0,1,1,44.9,4.1,9,Medium
1491,Hospitality,Nairobi,Q1,Business Expansion,Certificate,15.5,7,670909.0,1541228.0,18,17.27,601553.0,0.229,547.0,1,0,6.2,3.2,5,Medium
1492,Hospitality,Nairobi,Q1,Working Capital,Secondary,9.5,5,1321719.0,2550693.0,18,18.59,1397704.0,0.397,662.0,2,0,56.5,3.2,4,Low
1493,Agriculture,Other,Q3,Inventory Financing,Primary,2.8,8,543559.0,1100054.0,6,10.62,607074.0,0.064,627.0,0,0,5.7,3.2,5,Medium
1494,Hospitality,Nairobi,Q4,Business Expansion,Secondary,10.5,7,2579513.0,8059207.0,48,13.72,12410171.0,0.177,644.0,1,1,41.9,3.9,9,Low
1495,Hospitality,Nairobi,Q2,Inventory Financing,Certificate,6.2,13,1361184.0,2386844.0,12,10.99,,0.647,711.0,2,1,20.8,3.4,4,Medium
1496,Services,Kisumu,Q2,Working Capital,Masters,2.2,9,2094986.0,1125723.0,18,11.58,619151.0,0.192,677.0,1,0,8.9,3.0,3,Low
1497,Retail,Mombasa,Q3,Business Expansion,Masters,3.5,10,3886629.0,4221296.0,18,13.26,2756298.0,0.646,618.0,1,1,35.2,2.8,10,Low
1498,Hospitality,Nairobi,Q3,Working Capital,Primary,1.5,6,2338946.0,2750734.0,12,18.08,,0.225,586.0,3,0,29.1,2.6,3,Medium
1499,Agriculture,Other,Q3,Working Capital,Diploma,8.0,10,1650890.0,2750051.0,36,18.75,1097183.0,0.234,726.0,3,2,38.8,1.8,11,Low
1500,Manufacturing,Nairobi,Q2,Equipment Purchase,Primary,4.1,8,1907026.0,3243052.0,24,14.3,4027544.0,0.264,779.0,2,1,27.0,4.2,9,Low
1501,Manufacturing,Mombasa,Q4,Equipment Purchase,Secondary,11.5,7,1274153.0,3269176.0,24,12.78,1363746.0,0.644,567.0,2,0,47.8,3.7,7,Medium
1502,Manufacturing,Other,Q2,Equipment Purchase,Diploma,4.2,9,1527873.0,1143964.0,18,20.42,440202.0,0.534,729.0,2,0,50.3,3.2,6,Low
1503,Retail,Other,Q2,Equipment Purchase,Diploma,4.0,6,4836006.0,16122526.0,24,15.78,28007223.0,0.412,784.0,0,1,66.0,4.7,6,Low
1504,Retail,Other,Q4,Working Capital,Bachelors,2.2,5,1041088.0,1523224.0,12,15.09,,0.297,575.0,2,1,45.9,,6,Medium
1505,Hospitality,Mombasa,Q2,Business Expansion,Bachelors,14.1,9,1654484.0,1353131.0,36,21.26,1411615.0,0.218,551.0,4,0,87.9,3.6,2,Low
1506,Hospitality,Eldoret,Q4,Working Capital,Secondary,4.0,11,1803166.0,2284791.0,18,15.14,,0.383,608.0,1,1,54.5,4.1,6,Medium
1507,Services,Other,Q2,Working Capital,Diploma,10.9,11,2147426.0,1506614.0,24,11.95,1900728.0,0.282,737.0,1,3,100.0,2.5,5,Low
1508,Technology,Nairobi,Q1,Inventory Financing,Bachelors,11.7,7,2771020.0,6679488.0,24,18.97,,0.293,532.0,4,1,56.5,3.4,11,High
1509,Manufacturing,Other,Q4,Business Expansion,Bachelors,6.5,6,759727.0,2390655.0,12,14.28,2624018.0,0.02,679.0,0,1,48.0,3.9,4,Low
1510,Retail,Nairobi,Q3,Business Expansion,Diploma,5.5,8,1138211.0,1858015.0,48,11.27,1859636.0,0.898,594.0,2,0,40.9,4.8,4,Medium
1511,Hospitality,Nakuru,Q2,Inventory Financing,Diploma,3.8,11,1452089.0,2414935.0,18,18.8,1226751.0,0.972,732.0,2,0,50.8,3.6,7,Medium
1512,Services,Nairobi,Q1,Inventory Financing,Diploma,5.0,12,1882626.0,2090876.0,24,13.1,3575478.0,0.401,545.0,2,1,82.9,3.0,3,Low
1513,Technology,Nairobi,Q1,Working Capital,Certificate,7.2,8,2418160.0,2781798.0,48,14.03,,0.329,796.0,2,2,33.4,2.2,5,Low
1514,Agriculture,Nairobi,Q2,Inventory Financing,Diploma,8.3,8,2134204.0,2190956.0,12,17.7,,0.483,676.0,4,0,27.7,4.4,7,Medium
1515,Hospitality,Other,Q2,Equipment Purchase,Bachelors,11.0,6,1772025.0,996137.0,60,19.4,652883.0,0.541,668.0,1,2,59.1,3.7,6,Medium
1516,Hospitality,Nairobi,Q1,Equipment Purchase,Secondary,8.7,11,911143.0,1043153.0,48,9.69,1356649.0,0.49,657.0,0,1,30.6,3.4,6,Medium
1517,Manufacturing,Other,Q2,Working Capital,Certificate,5.2,5,748723.0,1518700.0,6,16.93,,0.527,820.0,3,1,68.9,4.5,2,Medium
1518,Services,Nairobi,Q3,Equipment Purchase,Certificate,2.5,5,703347.0,2005668.0,24,18.72,2917663.0,0.627,518.0,0,0,27.1,1.7,6,Medium
1519,Hospitality,Nairobi,Q1,Equipment Purchase,Bachelors,2.8,6,2576699.0,7783430.0,48,19.87,5595827.0,0.748,732.0,1,2,19.2,3.4,3,Low
1520,Retail,Nairobi,Q3,Working Capital,Secondary,4.1,8,4217345.0,6433345.0,24,15.65,,0.22,765.0,0,0,72.6,2.3,6,Low
1521,Retail,Other,Q4,Business Expansion,Certificate,8.0,11,942969.0,1136126.0,36,13.38,1150614.0,0.635,550.0,3,0,15.1,2.2,5,Medium
1522,Retail,Nairobi,Q3,Working Capital,Bachelors,9.4,3,676388.0,1831346.0,24,17.2,2267410.0,0.35,614.0,0,0,21.9,5.0,9,Low
1523,Services,Other,Q2,Business Expansion,Certificate,3.1,6,1195303.0,1762879.0,24,11.3,666615.0,0.572,608.0,1,0,57.8,2.4,1,Medium
1524,Manufacturing,Nairobi,Q4,Business Expansion,Bachelors,3.6,4,1753959.0,4339575.0,24,20.04,2250102.0,0.371,610.0,1,2,51.4,3.6,8,Low
1525,Technology,Other,Q3,Business Expansion,Diploma,0.8,9,1029472.0,1769308.0,18,14.43,1632688.0,0.863,654.0,4,2,62.3,3.9,5,Medium
1526,Retail,Eldoret,Q2,Working Capital,Primary,0.8,7,1255681.0,2747489.0,18,11.52,3530954.0,0.349,850.0,1,0,40.7,3.3,0,Low
1527,Hospitality,Nairobi,Q3,Equipment Purchase,Certificate,7.0,6,2441322.0,6220353.0,6,16.77,9835402.0,0.629,607.0,1,0,90.5,4.7,6,Low
1528,Services,Kisumu,Q1,Equipment Purchase,Secondary,21.1,11,2391311.0,3683612.0,36,19.26,4158582.0,0.302,562.0,2,1,35.0,1.7,5,Low
1529,Manufacturing,Nairobi,Q4,Business Expansion,Certificate,2.5,6,1114882.0,2776766.0,18,17.62,3525157.0,0.383,808.0,3,1,10.3,1.9,10,Low
1530,Retail,Mombasa,Q1,Business Expansion,Certificate,2.5,7,650816.0,1338564.0,48,12.18,1607820.0,0.116,640.0,4,0,46.2,4.7,6,Low
1531,Hospitality,Nairobi,Q3,Equipment Purchase,Secondary,2.0,3,1346055.0,3590875.0,60,20.37,5163742.0,0.593,549.0,2,0,29.8,3.0,5,Low
1532,Manufacturing,Nakuru,Q2,Business Expansion,Bachelors,4.9,8,3076619.0,7615153.0,18,17.19,11044470.0,0.241,744.0,1,1,51.4,2.7,5,Low
1533,Manufacturing,Kisumu,Q1,Working Capital,Bachelors,1.2,5,495818.0,304292.0,18,15.84,153309.0,0.786,701.0,1,0,33.2,,2,Medium
1534,Agriculture,Nairobi,Q4,Inventory Financing,Bachelors,17.9,12,4872205.0,13542996.0,12,15.43,,0.407,637.0,2,1,37.3,2.0,6,Medium
1535,Retail,Nairobi,Q4,Inventory Financing,Bachelors,4.3,7,1713718.0,5402019.0,36,19.09,,0.367,627.0,2,0,19.6,5.0,5,Medium
1536,Technology,Other,Q2,Inventory Financing,Bachelors,10.5,9,4388009.0,6060830.0,24,17.26,5713349.0,0.611,663.0,3,2,39.5,3.7,5,Low
1537,Agriculture,Nairobi,Q1,Inventory Financing,Bachelors,2.1,12,974291.0,3437861.0,18,15.96,,0.486,670.0,0,0,100.0,5.0,11,Medium
1538,Manufacturing,Nairobi,Q3,Equipment Purchase,Secondary,4.7,9,926437.0,1645365.0,36,16.45,2315625.0,0.72,634.0,1,1,0.0,4.1,7,Low
1539,Agriculture,Nairobi,Q3,Inventory Financing,Bachelors,9.8,12,698775.0,1135458.0,6,16.49,,0.27,801.0,5,1,42.1,2.4,7,Low
1540,Retail,Mombasa,Q4,Equipment Purchase,Secondary,0.5,7,1684655.0,1646768.0,60,16.11,2842315.0,0.377,558.0,1,0,96.3,3.3,5,Low
1541,Retail,Mombasa,Q2,Working Capital,Secondary,1.6,9,1602958.0,3384595.0,48,15.72,1012930.0,0.07,,0,1,24.4,4.2,5,Medium
1542,Retail,Kisumu,Q4,Equipment Purchase,Bachelors,6.4,8,1382176.0,1652728.0,48,16.4,1682496.0,0.643,585.0,1,0,20.1,4.0,5,Medium
1543,Retail,Nairobi,Q1,Inventory Financing,Secondary,15.7,8,1884822.0,2292623.0,48,20.11,3998140.0,0.976,,2,1,58.4,,10,Low
1544,Retail,Nairobi,Q3,Business Expansion,Masters,5.2,11,2071002.0,4547470.0,36,12.67,1557541.0,0.416,583.0,1,1,74.1,3.5,8,Low
1545,Hospitality,Eldoret,Q1,Inventory Financing,Masters,2.2,6,896480.0,1372640.0,12,10.49,,0.236,801.0,0,0,58.3,2.4,2,Low
1546,Hospitality,Nairobi,Q3,Working Capital,Primary,4.9,9,2808793.0,4075638.0,36,13.42,,0.599,738.0,5,0,21.8,2.0,4,Medium
1547,Hospitality,Nairobi,Q4,Inventory Financing,Diploma,1.0,6,531370.0,1434261.0,24,17.02,,0.82,745.0,1,1,93.7,3.6,6,High
1548,Services,Mombasa,Q1,Inventory Financing,Masters,8.5,9,1202304.0,1043696.0,60,14.53,1891572.0,0.645,598.0,1,0,58.1,3.4,10,Low
1549,Retail,Nairobi,Q4,Equipment Purchase,Diploma,5.4,8,1944337.0,5004546.0,48,15.84,4521606.0,0.892,680.0,0,1,76.9,4.7,9,Low
1550,Retail,Eldoret,Q3,Inventory Financing,Diploma,5.1,10,1313130.0,3758926.0,36,17.87,,0.473,615.0,1,0,49.3,4.1,3,High
1551,Services,Nairobi,Q1,Working Capital,Diploma,2.4,8,1659795.0,903130.0,12,16.86,,0.523,751.0,2,0,100.0,2.8,9,Medium
1552,Agriculture,Nairobi,Q2,Equipment Purchase,Diploma,8.6,7,594125.0,2087592.0,18,17.22,1279457.0,0.388,601.0,3,0,53.8,2.8,3,Medium
1553,Hospitality,Mombasa,Q1,Working Capital,Diploma,0.6,8,1190079.0,3912061.0,6,18.2,4765866.0,0.49,553.0,2,3,27.7,3.3,6,Low
1554,Retail,Nairobi,Q3,Business Expansion,Diploma,7.7,6,1551426.0,3806527.0,48,17.35,5887520.0,0.201,541.0,2,2,69.8,3.3,5,Low
1555,Agriculture,Other,Q3,Inventory Financing,Masters,2.7,11,602935.0,1587605.0,48,14.44,2360852.0,0.409,649.0,2,1,46.7,4.3,13,Low
1556,Retail,Mombasa,Q1,Inventory Financing,Primary,1.4,8,2109350.0,1921382.0,24,14.51,2905325.0,0.907,685.0,1,2,31.3,4.6,5,Low
1557,Services,Mombasa,Q3,Working Capital,Secondary,2.6,15,671694.0,397049.0,60,15.42,437830.0,0.809,603.0,2,1,31.1,2.0,8,High
1558,Services,Mombasa,Q4,Business Expansion,Primary,6.7,8,924105.0,2512484.0,36,12.58,782439.0,0.474,567.0,1,0,65.6,3.5,6,Medium
1559,Hospitality,Other,Q1,Equipment Purchase,Primary,10.0,9,714652.0,914917.0,6,14.54,1099568.0,0.269,825.0,3,2,51.9,3.1,3,Low
1560,Retail,Nairobi,Q1,Working Capital,Secondary,20.5,8,2108501.0,2178378.0,48,12.59,3023429.0,0.418,624.0,3,1,10.4,,7,Low
1561,Services,Other,Q4,Inventory Financing,Bachelors,7.2,9,958589.0,2559609.0,12,13.73,3365803.0,0.569,726.0,1,0,22.7,4.2,4,Low
1562,Hospitality,Other,Q4,Equipment Purchase,Secondary,4.8,7,2232729.0,3177873.0,18,10.49,4925506.0,0.229,576.0,5,1,58.1,3.6,8,Low
1563,Manufacturing,Nairobi,Q2,Working Capital,Diploma,4.4,9,2589906.0,4707211.0,18,11.53,,0.199,,2,0,44.0,3.3,1,Medium
1564,Services,Nairobi,Q4,Equipment Purchase,Secondary,6.1,8,1240067.0,619934.0,18,19.56,833053.0,0.282,728.0,4,2,76.3,3.3,1,Low
1565,Services,Eldoret,Q4,Business Expansion,Masters,3.1,14,2107197.0,6848241.0,12,11.25,11291968.0,0.416,626.0,5,1,56.7,3.2,15,Low
1566,Services,Nairobi,Q1,Inventory Financing,Secondary,2.9,6,4590305.0,9052338.0,18,16.86,,0.577,594.0,1,1,30.9,4.1,11,Medium
1567,Agriculture,Nairobi,Q4,Working Capital,Certificate,5.9,9,533975.0,540978.0,12,17.35,374118.0,0.343,568.0,3,0,82.9,4.2,2,Medium
1568,Services,Nairobi,Q4,Business Expansion,Certificate,7.1,10,523638.0,847494.0,18,18.69,925722.0,0.467,625.0,0,0,79.6,3.4,5,Low
1569,Agriculture,Kisumu,Q3,Working Capital,Secondary,0.6,13,4453029.0,10057888.0,24,14.53,15912910.0,0.047,603.0,3,0,58.4,3.7,5,Low
1570,Retail,Other,Q3,Inventory Financing,Primary,5.0,8,870605.0,2314642.0,36,16.48,,0.225,752.0,4,1,37.2,4.1,7,Low
1571,Agriculture,Other,Q1,Working Capital,Certificate,3.6,8,9475712.0,23906914.0,48,15.22,,0.651,661.0,1,0,64.7,2.8,8,Medium
1572,Hospitality,Kisumu,Q3,Inventory Financing,Secondary,5.0,9,2677727.0,4080160.0,12,16.41,,0.146,693.0,2,2,50.7,3.5,4,Low
1573,Services,Mombasa,Q3,Equipment Purchase,Primary,12.5,6,389032.0,855295.0,36,16.71,408216.0,0.342,623.0,2,3,96.1,3.2,5,Medium
1574,Services,Other,Q2,Business Expansion,Bachelors,16.0,6,3122438.0,3573964.0,48,18.34,4041676.0,0.145,448.0,4,2,0.0,4.7,9,Low
1575,Retail,Nakuru,Q3,Business Expansion,Secondary,6.9,9,1457230.0,2753045.0,48,15.6,1117927.0,0.554,678.0,1,0,35.9,2.5,11,Low
1576,Retail,Other,Q2,Equipment Purchase,Primary,11.1,11,1793746.0,3748266.0,12,14.09,2881195.0,0.376,717.0,1,0,58.5,2.7,9,Low
1577,Hospitality,Nakuru,Q3,Equipment Purchase,Diploma,9.2,11,2816746.0,5804659.0,6,13.52,8582624.0,0.331,586.0,0,1,49.6,4.2,6,Low
1578,Agriculture,Nakuru,Q1,Working Capital,Certificate,0.5,10,988845.0,3331167.0,12,12.48,5445455.0,0.095,688.0,4,3,27.0,5.0,5,Low
1579,Technology,Nakuru,Q1,Working Capital,Diploma,6.0,10,1285074.0,2065012.0,18,15.73,1106002.0,0.758,555.0,1,1,75.0,3.2,3,Medium
1580,Technology,Nairobi,Q2,Working Capital,Certificate,0.7,9,1604148.0,4036779.0,6,17.56,4952771.0,0.477,775.0,1,0,54.2,3.1,10,Low
1581,Technology,Nairobi,Q3,Working Capital,Secondary,0.4,6,483962.0,424877.0,36,14.59,,0.54,676.0,0,0,38.8,2.3,4,Medium
1582,Manufacturing,Nairobi,Q3,Business Expansion,Diploma,4.2,7,1280398.0,2489320.0,18,17.21,3568166.0,0.234,850.0,2,2,99.5,4.0,9,Low
1583,Manufacturing,Other,Q3,Equipment Purchase,Certificate,3.7,12,1808631.0,3337164.0,18,19.36,2386742.0,0.074,732.0,2,1,78.7,3.5,5,Low
1584,Hospitality,Other,Q3,Equipment Purchase,Bachelors,10.4,11,1713150.0,2456754.0,60,13.59,1592262.0,0.607,584.0,1,0,45.3,3.6,7,Medium
1585,Hospitality,Kisumu,Q1,Equipment Purchase,Secondary,4.0,9,1685704.0,4890739.0,12,19.05,3527527.0,0.628,572.0,4,1,57.1,2.9,3,Low
1586,Retail,Nairobi,Q3,Inventory Financing,Secondary,1.1,9,1480323.0,1313028.0,12,16.44,,0.677,563.0,3,0,23.3,4.3,2,Medium
1587,Services,Nairobi,Q2,Inventory Financing,Secondary,3.9,9,439725.0,751651.0,24,12.95,,0.141,748.0,0,3,10.9,4.0,2,Low
1588,Hospitality,Mombasa,Q2,Working Capital,Secondary,2.5,9,858259.0,776634.0,12,13.2,843352.0,0.273,539.0,1,0,40.2,5.0,7,Medium
1589,Retail,Mombasa,Q1,Equipment Purchase,Secondary,1.6,9,428178.0,892421.0,36,16.53,737557.0,0.131,646.0,0,0,61.0,3.5,8,Low
1590,Hospitality,Nairobi,Q2,Inventory Financing,Diploma,7.8,8,2001466.0,5047100.0,12,15.44,,0.763,616.0,2,1,99.8,2.9,10,High
1591,Hospitality,Nairobi,Q2,Working Capital,Certificate,4.3,10,2892702.0,9288576.0,18,17.68,14800163.0,0.322,574.0,1,1,28.1,4.6,10,Low
1592,Manufacturing,Nakuru,Q4,Business Expansion,Masters,11.8,14,1906281.0,4625839.0,48,10.05,2039252.0,0.296,647.0,0,1,23.2,5.0,6,Low
1593,Retail,Eldoret,Q1,Business Expansion,Secondary,5.6,9,433365.0,1265097.0,6,19.12,1571846.0,0.507,623.0,2,0,67.3,3.2,4,Medium
1594,Retail,Nairobi,Q4,Business Expansion,Masters,13.7,8,1389505.0,2377735.0,18,19.14,759563.0,0.312,760.0,3,1,70.5,4.6,11,Low
1595,Services,Nairobi,Q1,Equipment Purchase,Secondary,2.8,10,2556777.0,8501798.0,12,12.35,14160455.0,0.712,681.0,2,0,52.3,3.1,5,Low
1596,Services,Nairobi,Q1,Business Expansion,Certificate,3.0,7,2091104.0,3665336.0,24,13.69,2887334.0,0.31,796.0,0,2,10.1,3.4,6,Low
1597,Manufacturing,Kisumu,Q4,Equipment Purchase,Masters,3.0,12,2513039.0,8478454.0,60,21.56,11847723.0,0.393,725.0,1,1,60.0,2.8,7,Low
1598,Agriculture,Kisumu,Q2,Inventory Financing,Bachelors,4.8,10,2687203.0,3981900.0,12,18.14,2054469.0,0.118,600.0,1,1,64.3,4.7,8,Low
1599,Retail,Mombasa,Q2,Equipment Purchase,Masters,11.4,12,871237.0,2296836.0,24,15.22,1399930.0,0.486,629.0,1,1,22.7,3.9,8,Medium
1600,Services,Other,Q2,Working Capital,Diploma,6.3,5,1896025.0,2812014.0,48,14.75,,0.145,520.0,2,0,48.8,4.3,7,Medium
1601,Services,Mombasa,Q3,Business Expansion,Secondary,1.6,10,1854390.0,2996266.0,18,15.81,2202479.0,0.147,617.0,1,0,67.6,5.0,4,Low
1602,Agriculture,Nairobi,Q4,Business Expansion,Diploma,5.7,10,842187.0,1988275.0,24,18.05,1399523.0,0.515,486.0,1,0,73.2,1.6,3,Medium
1603,Retail,Eldoret,Q4,Inventory Financing,Diploma,0.6,6,1033811.0,3083669.0,60,14.87,3472768.0,0.766,574.0,4,2,77.3,2.0,6,Medium
1604,Retail,Other,Q1,Business Expansion,Primary,4.3,11,1466059.0,1263406.0,36,17.15,1341559.0,0.116,651.0,4,1,97.4,3.2,4,Low
1605,Hospitality,Other,Q3,Equipment Purchase,Secondary,2.9,6,5419122.0,3884165.0,18,14.0,6892903.0,0.208,660.0,2,2,24.6,3.3,10,Low
1606,Hospitality,Nairobi,Q4,Equipment Purchase,Masters,13.2,11,3512186.0,5935849.0,24,9.73,3101270.0,0.878,679.0,3,1,65.3,3.5,6,Low
1607,Retail,Nairobi,Q1,Equipment Purchase,Bachelors,7.0,4,1679903.0,4196968.0,24,16.11,7163373.0,0.552,615.0,2,1,69.0,5.0,11,Low
1608,Hospitality,Mombasa,Q4,Working Capital,Bachelors,10.2,9,1794692.0,4571271.0,24,14.11,,0.755,613.0,0,0,75.3,4.0,5,High
1609,Agriculture,Other,Q2,Business Expansion,Secondary,4.9,6,578521.0,1728329.0,48,19.34,1316159.0,0.569,679.0,1,1,70.9,3.6,3,Medium
1610,Hospitality,Nakuru,Q2,Inventory Financing,Masters,9.0,3,1748351.0,6094802.0,36,16.63,8361117.0,0.489,725.0,3,0,46.5,3.2,6,Low
1611,Hospitality,Nakuru,Q1,Business Expansion,Secondary,3.4,5,3012830.0,5715547.0,24,17.78,6561818.0,0.772,663.0,3,1,60.0,2.5,2,Low
1612,Hospitality,Nairobi,Q3,Working Capital,Secondary,6.4,11,1272163.0,4373901.0,18,11.89,,0.38,793.0,3,0,79.2,2.4,5,Medium
1613,Hospitality,Other,Q1,Working Capital,Certificate,5.6,8,2305506.0,7923930.0,60,18.08,7375233.0,0.327,596.0,2,0,64.4,4.2,8,Low
1614,Manufacturing,Nairobi,Q2,Inventory Financing,Certificate,5.6,7,3967587.0,7557311.0,48,10.54,,0.148,745.0,1,0,27.5,2.7,5,Low
1615,Agriculture,Kisumu,Q1,Working Capital,Primary,5.0,7,1334385.0,2368324.0,24,18.58,,0.585,679.0,0,1,56.1,3.8,5,High
1616,Retail,Nakuru,Q3,Business Expansion,Bachelors,2.2,9,581875.0,879550.0,12,16.39,519785.0,0.886,716.0,3,2,81.6,4.6,12,Medium
1617,Services,Other,Q2,Inventory Financing,Bachelors,7.1,6,1566725.0,4644723.0,60,18.63,,0.422,797.0,3,0,51.7,3.9,5,Low
1618,Agriculture,Other,Q2,Inventory Financing,Secondary,4.5,11,1464672.0,3418974.0,36,20.47,,0.358,656.0,0,1,37.5,2.8,5,Medium
1619,Agriculture,Mombasa,Q2,Equipment Purchase,Diploma,3.2,4,8992625.0,15436704.0,48,19.27,23589054.0,0.737,617.0,2,2,33.6,4.6,8,Low
1620,Manufacturing,Nairobi,Q4,Inventory Financing,Bachelors,5.2,6,1537345.0,2016274.0,24,12.95,2209753.0,0.169,646.0,0,0,86.7,3.5,12,Low
1621,Services,Other,Q2,Equipment Purchase,Certificate,8.1,8,1580010.0,3834472.0,24,12.57,6619505.0,0.403,602.0,1,2,35.2,2.2,3,Low
1622,Services,Kisumu,Q2,Inventory Financing,Diploma,5.3,10,3126138.0,2976941.0,18,16.63,3264775.0,0.721,481.0,2,1,42.2,3.2,6,Medium
1623,Services,Nairobi,Q4,Business Expansion,Secondary,4.4,10,1000323.0,3218223.0,12,16.55,1523479.0,0.236,519.0,4,0,56.2,4.1,5,Medium
1624,Manufacturing,Nairobi,Q4,Working Capital,Certificate,9.4,7,1389356.0,4816037.0,6,16.8,6809501.0,0.258,652.0,2,0,49.7,2.2,3,Low
1625,Manufacturing,Other,Q3,Inventory Financing,Secondary,1.4,7,1397659.0,2851630.0,6,12.85,,0.314,553.0,4,1,41.4,3.6,5,High
1626,Retail,Other,Q3,Working Capital,Bachelors,7.6,8,1494197.0,4030541.0,24,12.36,,0.813,698.0,0,2,66.7,3.8,3,High
1627,Manufacturing,Kisumu,Q4,Inventory Financing,Secondary,3.5,4,2023226.0,3115994.0,36,15.91,4548297.0,0.189,638.0,1,1,71.3,3.2,4,Low
1628,Retail,Mombasa,Q2,Working Capital,Primary,4.8,12,1798741.0,5674711.0,60,20.38,,0.637,647.0,0,0,38.6,4.3,6,Medium
1629,Retail,Nakuru,Q3,Business Expansion,Bachelors,5.1,11,361387.0,821176.0,36,12.83,349899.0,0.295,814.0,1,0,64.6,4.0,3,Low
1630,Retail,Other,Q4,Working Capital,Secondary,14.6,5,3771515.0,2329904.0,18,16.9,,0.253,612.0,0,0,4.9,3.1,6,Low
1631,Hospitality,Kisumu,Q3,Equipment Purchase,Diploma,0.5,10,1134751.0,1176829.0,12,17.11,2093558.0,0.171,736.0,1,2,46.1,3.7,3,Low
1632,Retail,Eldoret,Q1,Equipment Purchase,Bachelors,8.3,9,2654256.0,7629924.0,12,14.78,9310220.0,0.28,703.0,4,1,93.4,4.7,8,Low
1633,Manufacturing,Other,Q4,Inventory Financing,Secondary,7.0,5,1764608.0,4636143.0,6,8.0,,0.585,707.0,1,0,100.0,3.3,8,Medium
1634,Services,Eldoret,Q4,Working Capital,Masters,5.7,5,2420517.0,5345433.0,36,17.46,9547386.0,0.523,551.0,0,0,54.2,4.6,9,Low
1635,Services,Mombasa,Q3,Business Expansion,Secondary,3.4,7,3719199.0,9730218.0,24,9.65,15897334.0,0.744,581.0,2,1,41.8,3.6,5,Low
1636,Retail,Nairobi,Q4,Inventory Financing,Secondary,5.0,9,1439348.0,2715949.0,12,15.29,2323148.0,0.061,602.0,0,2,92.3,4.2,3,Low
1637,Manufacturing,Nakuru,Q2,Working Capital,Primary,13.9,9,1376967.0,4499936.0,60,11.17,,0.359,,4,1,92.8,3.6,2,Medium
1638,Services,Other,Q4,Business Expansion,Bachelors,1.1,4,1975292.0,6014253.0,12,13.35,7806525.0,0.681,544.0,5,0,97.9,3.4,1,Low
1639,Retail,Other,Q1,Working Capital,Secondary,12.2,5,1685957.0,2037810.0,24,18.58,1631066.0,0.235,644.0,2,1,82.1,4.9,4,Low
1640,Retail,Nairobi,Q3,Inventory Financing,Bachelors,10.0,13,5501498.0,9676305.0,12,9.5,11136903.0,0.16,692.0,3,1,46.0,2.9,7,Low
1641,Retail,Nairobi,Q2,Inventory Financing,Certificate,7.9,8,1474680.0,1040633.0,48,11.66,,0.997,694.0,2,0,70.1,2.4,5,High
1642,Agriculture,Nakuru,Q3,Working Capital,Masters,8.3,6,1176561.0,3929904.0,48,13.52,,0.511,800.0,2,3,58.9,2.8,7,Medium
1643,Retail,Other,Q4,Inventory Financing,Primary,11.2,10,6392416.0,6149144.0,24,12.96,,0.305,590.0,0,1,35.8,4.7,10,Medium
1644,Agriculture,Nairobi,Q4,Equipment Purchase,Bachelors,0.5,6,992399.0,2286372.0,18,15.77,3428949.0,0.054,634.0,3,0,47.6,2.5,9,Low
1645,Hospitality,Kisumu,Q1,Working Capital,Masters,4.3,7,2697116.0,7122803.0,18,15.15,8814581.0,0.28,,1,0,36.9,4.0,8,Low
1646,Manufacturing,Nairobi,Q2,Inventory Financing,Bachelors,6.6,7,1146122.0,2589260.0,36,16.13,,0.277,688.0,0,1,67.5,4.4,9,Low
1647,Agriculture,Other,Q4,Equipment Purchase,Secondary,2.3,5,2431065.0,2879102.0,12,15.73,4658122.0,0.214,665.0,4,0,69.3,3.2,5,Low
1648,Manufacturing,Mombasa,Q4,Working Capital,Doctorate,6.2,5,4666166.0,10510092.0,48,15.78,9316255.0,0.302,671.0,0,1,35.9,3.3,6,Low
1649,Retail,Nairobi,Q2,Working Capital,Bachelors,16.3,5,4673689.0,5051977.0,60,20.72,,0.305,730.0,0,1,37.9,3.6,2,Low
1650,Manufacturing,Eldoret,Q4,Inventory Financing,Secondary,4.9,9,1283835.0,773066.0,18,12.66,,0.365,570.0,2,0,27.0,2.4,6,Medium
1651,Services,Nairobi,Q2,Inventory Financing,Masters,7.2,15,2464671.0,3592209.0,24,16.43,,0.312,492.0,5,1,42.8,3.7,4,High
1652,Manufacturing,Mombasa,Q4,Equipment Purchase,Primary,1.7,5,3441302.0,4029213.0,36,15.33,5159720.0,0.369,840.0,2,0,44.9,2.8,6,Low
1653,Retail,Nairobi,Q3,Equipment Purchase,Secondary,9.9,11,1939153.0,4082844.0,12,17.93,6890394.0,0.111,552.0,1,1,62.7,3.5,6,Low
1654,Technology,Nairobi,Q2,Business Expansion,Primary,7.4,7,5743516.0,8687143.0,36,8.0,5193160.0,0.245,592.0,1,1,82.1,4.6,6,Low
1655,Agriculture,Nairobi,Q3,Inventory Financing,Diploma,6.7,10,4709927.0,14432250.0,48,13.16,13324160.0,0.602,530.0,3,2,36.7,3.4,4,Low
1656,Hospitality,Nairobi,Q3,Working Capital,Certificate,2.4,9,4891423.0,7855830.0,48,16.87,,0.724,588.0,1,1,73.4,4.1,4,High
1657,Hospitality,Kisumu,Q2,Inventory Financing,Primary,5.0,5,1719254.0,3024450.0,60,15.44,2261571.0,0.488,497.0,3,0,51.5,4.8,8,Medium
1658,Agriculture,Nairobi,Q1,Inventory Financing,Certificate,1.0,7,2070735.0,5902867.0,48,19.41,7450073.0,0.201,644.0,0,0,42.5,3.4,6,Low
1659,Agriculture,Nakuru,Q1,Equipment Purchase,Bachelors,13.4,4,867930.0,2035165.0,6,10.76,3031794.0,0.64,617.0,3,1,88.3,4.4,5,Low
1660,Retail,Other,Q1,Equipment Purchase,Primary,3.6,7,938763.0,1939347.0,48,22.72,3171599.0,0.549,552.0,1,0,73.3,3.7,11,Low
1661,Retail,Kisumu,Q4,Inventory Financing,Diploma,3.3,6,2409418.0,3021479.0,48,17.04,3420300.0,0.531,567.0,3,0,46.3,3.6,3,Low
1662,Hospitality,Nairobi,Q1,Equipment Purchase,Secondary,5.6,11,1077462.0,3730818.0,12,14.61,3357884.0,0.256,709.0,1,2,28.9,3.3,9,Low
1663,Services,Other,Q1,Equipment Purchase,Diploma,7.4,7,1803868.0,2929389.0,36,13.28,4185053.0,0.217,632.0,3,1,69.6,4.7,11,Low
1664,Hospitality,Nairobi,Q3,Inventory Financing,Secondary,1.8,13,814782.0,1139606.0,12,12.71,,1.015,753.0,0,1,43.4,2.7,10,Medium
1665,Retail,Nairobi,Q3,Equipment Purchase,Secondary,1.4,12,1027189.0,1657494.0,24,13.67,1194366.0,0.172,,2,2,69.9,4.7,2,Low
1666,Agriculture,Kisumu,Q2,Business Expansion,Primary,6.1,8,787906.0,1529687.0,12,15.81,2368259.0,0.134,706.0,3,2,58.6,3.1,4,Low
1667,Retail,Kisumu,Q2,Working Capital,Diploma,7.1,7,2132623.0,4965421.0,18,12.99,,0.128,763.0,0,1,23.6,4.5,5,Low
1668,Retail,Nairobi,Q4,Business Expansion,Certificate,12.1,6,1165609.0,806109.0,48,16.87,893084.0,0.484,,3,1,54.1,4.2,11,Low
1669,Technology,Mombasa,Q2,Equipment Purchase,Diploma,6.2,9,1891446.0,3163471.0,48,14.22,5669381.0,0.59,555.0,1,1,57.7,3.6,5,Low
1670,Hospitality,Nakuru,Q1,Inventory Financing,Secondary,8.3,9,2606836.0,1596122.0,24,17.49,2868374.0,0.419,640.0,1,0,22.3,3.0,4,Low
1671,Agriculture,Mombasa,Q4,Equipment Purchase,Masters,3.7,8,1328130.0,1872750.0,24,13.09,1062824.0,0.053,,3,0,50.8,4.6,8,Low
1672,Hospitality,Nairobi,Q1,Inventory Financing,Primary,4.3,6,1708787.0,2591643.0,60,16.08,2673490.0,0.48,477.0,3,0,94.0,3.5,7,Medium
1673,Retail,Mombasa,Q4,Equipment Purchase,Secondary,7.8,8,7813153.0,19480007.0,6,13.23,25212794.0,0.109,563.0,2,0,67.8,2.8,3,Low
1674,Technology,Mombasa,Q4,Inventory Financing,Diploma,7.2,13,2511380.0,2579346.0,24,19.07,,0.753,606.0,2,0,31.5,3.0,2,Medium
1675,Technology,Nairobi,Q3,Equipment Purchase,Secondary,9.3,3,5061132.0,7687707.0,48,15.57,6663494.0,0.247,604.0,1,0,56.2,2.0,7,Low
1676,Retail,Kisumu,Q2,Business Expansion,Secondary,1.1,7,4262012.0,2305584.0,6,16.53,1191628.0,0.36,813.0,1,1,78.3,3.4,4,Low
1677,Hospitality,Kisumu,Q4,Working Capital,Diploma,2.9,13,2921995.0,4291629.0,6,20.91,6096611.0,0.462,758.0,3,1,46.6,2.9,7,Low
1678,Hospitality,Mombasa,Q1,Business Expansion,Bachelors,7.9,7,2509029.0,8684243.0,60,16.35,13064019.0,0.28,579.0,1,1,40.3,,7,Low
1679,Retail,Nakuru,Q1,Business Expansion,Bachelors,5.2,13,602690.0,1674959.0,60,13.48,1917379.0,0.172,593.0,1,1,53.1,4.5,1,Medium
1680,Manufacturing,Other,Q4,Working Capital,Secondary,1.1,14,2225224.0,5281277.0,60,15.21,,0.428,630.0,1,2,14.4,3.2,6,High
1681,Services,Nakuru,Q2,Equipment Purchase,Diploma,0.6,7,845956.0,1476775.0,12,14.32,2240973.0,0.698,639.0,3,2,28.0,3.6,6,Medium
1682,Services,Nairobi,Q1,Inventory Financing,Primary,0.2,13,672340.0,493657.0,18,17.76,,0.828,464.0,7,0,99.3,,11,High
1683,Manufacturing,Other,Q3,Working Capital,Bachelors,2.2,9,1574580.0,3709704.0,18,21.32,,0.309,570.0,0,1,46.0,4.3,10,Medium
1684,Retail,Nairobi,Q4,Equipment Purchase,Diploma,2.4,4,3457574.0,9246270.0,24,21.08,7312254.0,0.094,577.0,2,1,52.1,4.9,4,Low
1685,Retail,Other,Q4,Inventory Financing,Bachelors,3.7,6,2471730.0,4902393.0,60,15.39,2473971.0,0.187,464.0,1,1,60.4,5.0,4,Low
1686,Agriculture,Mombasa,Q2,Equipment Purchase,Secondary,8.2,9,2866925.0,3694395.0,12,15.89,1522425.0,0.403,764.0,2,3,42.3,4.1,7,Low
1687,Manufacturing,Mombasa,Q4,Working Capital,Certificate,7.8,8,2954442.0,10101866.0,18,19.16,,0.345,,3,0,48.0,3.4,6,High
1688,Hospitality,Other,Q4,Equipment Purchase,Bachelors,1.9,7,2716954.0,7817293.0,24,17.97,12175611.0,0.26,657.0,1,0,86.2,2.5,5,Low
1689,Agriculture,Nakuru,Q3,Equipment Purchase,Primary,3.3,8,848198.0,886880.0,48,8.7,1326100.0,0.301,804.0,2,1,41.0,3.0,5,Low
1690,Services,Other,Q2,Inventory Financing,Bachelors,4.5,7,838890.0,905391.0,12,13.18,934315.0,0.343,834.0,1,0,83.6,2.5,8,Low
1691,Retail,Other,Q3,Business Expansion,Bachelors,4.5,11,1801867.0,4317578.0,60,14.37,1724360.0,0.264,558.0,1,1,32.9,2.2,5,Medium
1692,Retail,Nairobi,Q4,Inventory Financing,Bachelors,9.6,8,3586169.0,4467933.0,60,13.69,5548503.0,0.584,724.0,1,1,74.7,2.5,3,Low
1693,Hospitality,Kisumu,Q1,Equipment Purchase,Secondary,8.7,6,1759648.0,6211301.0,24,15.97,3877458.0,0.385,628.0,0,0,55.7,2.8,7,Low
1694,Technology,Eldoret,Q2,Inventory Financing,Bachelors,11.8,5,1157332.0,3435143.0,12,17.28,,0.975,624.0,0,0,56.1,5.0,9,High
1695,Retail,Nairobi,Q3,Inventory Financing,Diploma,6.4,10,1233491.0,2097205.0,36,12.18,1318119.0,0.362,511.0,0,1,51.5,3.7,5,Medium
1696,Retail,Kisumu,Q4,Working Capital,Secondary,4.4,12,1249144.0,3415935.0,48,18.35,4564022.0,0.655,513.0,3,1,55.6,3.2,7,Low
1697,Hospitality,Other,Q2,Business Expansion,Secondary,4.2,7,1111611.0,854216.0,18,15.79,896448.0,0.51,797.0,1,0,62.7,3.6,6,Low
1698,Manufacturing,Nairobi,Q2,Inventory Financing,Bachelors,7.7,8,880207.0,894679.0,12,17.85,,0.787,591.0,0,2,44.1,2.1,6,High
1699,Retail,Nairobi,Q4,Business Expansion,Certificate,8.1,7,5054120.0,6146446.0,12,21.35,5725491.0,0.037,604.0,0,3,40.2,2.9,2,Low
1700,Services,Nairobi,Q2,Inventory Financing,Secondary,10.2,7,2072920.0,6648201.0,24,14.32,3231624.0,0.562,694.0,1,1,58.4,4.0,12,Low
1701,Retail,Nairobi,Q1,Working Capital,Certificate,10.9,11,638356.0,1977644.0,36,10.05,1498834.0,0.306,676.0,1,0,50.7,3.7,9,Low
1702,Manufacturing,Nairobi,Q3,Business Expansion,Diploma,2.2,10,1856751.0,6297805.0,6,14.35,6547543.0,0.25,683.0,2,0,74.7,2.5,6,Low
1703,Retail,Mombasa,Q1,Equipment Purchase,Secondary,2.8,10,2338483.0,3827122.0,12,15.62,1280349.0,0.786,648.0,0,1,97.9,4.6,8,Medium
1704,Services,Other,Q3,Working Capital,Secondary,7.9,10,3085790.0,6916705.0,12,14.39,2330532.0,0.553,734.0,2,1,66.9,4.7,6,Low
1705,Retail,Kisumu,Q2,Inventory Financing,Diploma,2.7,4,855866.0,3007017.0,12,15.1,,0.332,644.0,2,0,33.3,4.2,14,Medium
1706,Services,Kisumu,Q3,Equipment Purchase,Bachelors,7.7,6,532684.0,1601585.0,24,12.71,2027720.0,0.613,718.0,2,1,37.0,3.7,6,Medium
1707,Services,Nairobi,Q2,Business Expansion,Diploma,1.7,8,7233267.0,19375447.0,18,17.36,15493103.0,0.601,588.0,0,1,57.7,3.7,7,Low
1708,Retail,Nairobi,Q3,Inventory Financing,Masters,12.3,16,815278.0,1811308.0,6,20.09,,0.637,759.0,3,2,79.0,3.5,5,Medium
1709,Retail,Other,Q1,Business Expansion,Secondary,9.1,6,724158.0,1633811.0,6,18.08,2411664.0,0.236,675.0,0,0,67.3,4.4,2,Low
1710,Agriculture,Nairobi,Q2,Working Capital,Certificate,5.3,11,1933746.0,1029042.0,24,12.95,,0.895,591.0,0,1,52.1,1.8,7,High
1711,Agriculture,Other,Q4,Working Capital,Certificate,3.5,7,3441730.0,7356000.0,36,15.95,5856587.0,0.39,598.0,2,0,57.9,2.7,6,Low
1712,Agriculture,Nairobi,Q1,Inventory Financing,Certificate,5.5,5,3290755.0,10822706.0,48,17.1,7501129.0,0.199,652.0,0,0,83.8,2.8,6,Low
1713,Services,Nakuru,Q4,Business Expansion,Secondary,1.4,10,952332.0,3206158.0,12,12.8,3702331.0,0.303,771.0,1,0,0.0,3.6,6,Low
1714,Agriculture,Nakuru,Q3,Working Capital,Bachelors,2.8,9,1684794.0,3067897.0,48,15.52,3412694.0,0.564,539.0,3,0,70.2,2.5,6,Low
1715,Agriculture,Nairobi,Q2,Working Capital,Secondary,9.7,12,1128013.0,2430075.0,60,13.31,4092685.0,0.409,685.0,2,0,26.5,3.0,4,Low
1716,Agriculture,Nairobi,Q3,Equipment Purchase,Certificate,4.2,8,1687007.0,4174682.0,18,20.73,4755011.0,0.635,574.0,2,3,9.5,3.3,8,Low
1717,Agriculture,Mombasa,Q2,Working Capital,Certificate,10.4,6,1181651.0,2382038.0,12,18.45,3378359.0,0.085,648.0,1,1,43.3,4.2,5,Low
1718,Hospitality,Nairobi,Q3,Inventory Financing,Doctorate,6.1,9,8810342.0,27426795.0,18,16.41,,0.289,722.0,2,0,43.4,4.2,3,Medium
1719,Retail,Nairobi,Q1,Working Capital,Secondary,1.8,10,3533906.0,5286659.0,6,9.75,,0.081,,3,0,38.5,4.0,5,Low
1720,Hospitality,Nairobi,Q2,Inventory Financing,Diploma,0.7,11,1418659.0,4829971.0,48,17.82,,0.483,513.0,3,2,69.6,2.8,2,High
1721,Retail,Nairobi,Q2,Business Expansion,Secondary,5.2,4,1564901.0,4720498.0,6,12.34,1703865.0,0.382,687.0,3,2,12.5,3.9,6,Medium
1722,Retail,Mombasa,Q4,Equipment Purchase,Bachelors,2.9,12,4084412.0,9980883.0,36,18.61,6356320.0,0.375,564.0,0,0,50.4,3.8,6,Low
1723,Services,Nairobi,Q4,Business Expansion,Certificate,3.7,8,1069266.0,2635043.0,24,19.51,3996482.0,0.384,626.0,0,2,13.7,2.9,0,Low
1724,Retail,Nairobi,Q2,Business Expansion,Primary,18.1,6,1702111.0,3935260.0,48,19.46,3111860.0,0.42,,1,1,11.1,3.1,7,Low
1725,Retail,Mombasa,Q3,Working Capital,Diploma,5.4,7,1268948.0,961866.0,24,15.94,,0.383,850.0,2,1,65.7,5.0,4,Low
1726,Agriculture,Nakuru,Q4,Equipment Purchase,Secondary,2.9,8,1685861.0,2961506.0,18,13.07,5150127.0,0.115,603.0,3,0,98.3,3.5,3,Low
1727,Hospitality,Nairobi,Q2,Working Capital,Secondary,4.1,6,5103426.0,4860376.0,60,16.75,,0.588,602.0,0,1,35.8,4.3,4,Medium
1728,Retail,Other,Q1,Working Capital,Secondary,6.2,10,1141077.0,2003996.0,24,16.93,3024152.0,0.558,580.0,1,0,64.6,3.9,6,Low
1729,Hospitality,Mombasa,Q4,Inventory Financing,Primary,2.3,8,730844.0,1288473.0,12,8.0,,0.526,726.0,0,0,48.0,,10,Medium
1730,Agriculture,Other,Q3,Inventory Financing,Bachelors,1.7,9,780507.0,1549881.0,48,13.61,,0.119,591.0,1,1,60.6,3.1,9,Medium
1731,Manufacturing,Nairobi,Q2,Business Expansion,Diploma,11.4,6,1238248.0,3873876.0,18,17.86,5470591.0,0.418,608.0,0,0,43.5,3.3,8,Low
1732,Technology,Nairobi,Q4,Working Capital,Diploma,6.2,7,701652.0,2013407.0,18,14.71,,0.681,630.0,4,1,66.6,3.2,5,High
1733,Services,Nairobi,Q4,Business Expansion,Diploma,12.0,11,832632.0,465032.0,24,19.73,297114.0,0.184,619.0,1,0,76.7,3.6,7,Low
1734,Hospitality,Other,Q1,Business Expansion,Certificate,3.1,4,957506.0,1056653.0,12,16.08,675999.0,0.203,655.0,0,0,53.0,5.0,4,Low
1735,Agriculture,Mombasa,Q2,Equipment Purchase,Certificate,2.7,7,2280064.0,2538064.0,36,17.37,3977736.0,0.517,714.0,2,0,32.8,2.4,3,Low
1736,Hospitality,Other,Q4,Equipment Purchase,Certificate,3.1,7,1954196.0,1603174.0,36,17.31,958022.0,0.142,734.0,3,0,13.2,2.5,5,Low
1737,Retail,Nakuru,Q1,Business Expansion,Bachelors,1.9,5,1290114.0,1713166.0,18,17.32,1709526.0,0.27,551.0,2,0,51.1,4.9,2,Low
1738,Technology,Nairobi,Q2,Working Capital,Secondary,2.2,6,2081574.0,4007277.0,24,19.83,,0.43,641.0,5,1,37.2,3.0,8,Medium
1739,Retail,Mombasa,Q3,Equipment Purchase,Secondary,5.6,8,1762168.0,6065078.0,36,14.94,6894256.0,0.353,633.0,2,0,73.1,3.9,10,Low
1740,Retail,Nairobi,Q1,Working Capital,Primary,5.6,2,1593735.0,1606293.0,6,12.87,1961110.0,0.746,589.0,0,0,56.2,1.3,6,Medium
1741,Manufacturing,Mombasa,Q2,Equipment Purchase,Secondary,4.4,10,946666.0,458446.0,48,11.54,492499.0,0.374,498.0,2,1,92.6,4.2,11,Medium
1742,Agriculture,Eldoret,Q2,Equipment Purchase,Diploma,3.9,10,2815488.0,1612340.0,6,16.24,2824669.0,0.259,531.0,1,1,29.8,3.9,6,Low
1743,Hospitality,Nairobi,Q1,Equipment Purchase,Diploma,9.6,7,1772427.0,2312598.0,60,12.1,2652417.0,0.276,824.0,1,1,76.8,4.4,6,Low
1744,Technology,Other,Q3,Inventory Financing,Bachelors,9.2,13,1570495.0,1275084.0,18,12.58,,0.357,687.0,3,1,61.1,3.6,7,Low
1745,Hospitality,Mombasa,Q3,Inventory Financing,Diploma,7.6,9,1389000.0,777454.0,60,16.56,,0.53,623.0,2,0,31.8,4.2,7,Medium
1746,Agriculture,Mombasa,Q2,Business Expansion,Primary,11.2,7,2032598.0,1296346.0,48,14.76,831042.0,0.185,612.0,2,1,14.0,5.0,9,Medium
1747,Retail,Nakuru,Q2,Inventory Financing,Certificate,6.9,8,1643720.0,3285993.0,12,15.24,,0.113,456.0,4,0,35.8,2.6,6,Medium
1748,Services,Nairobi,Q4,Equipment Purchase,Certificate,5.1,5,764579.0,615108.0,12,21.07,279243.0,0.309,639.0,5,0,0.0,3.5,5,Medium
1749,Retail,Nakuru,Q2,Working Capital,Secondary,7.2,6,1184220.0,802701.0,48,16.93,857265.0,0.353,632.0,2,0,57.3,3.2,9,Medium
1750,Hospitality,Mombasa,Q1,Inventory Financing,Diploma,9.3,5,828548.0,1220091.0,18,14.19,,0.601,614.0,2,0,25.7,4.2,4,Medium
1751,Services,Mombasa,Q1,Working Capital,Bachelors,16.5,3,293242.0,897129.0,18,15.77,1543591.0,0.471,552.0,0,0,80.8,3.7,5,Low
1752,Technology,Nairobi,Q2,Business Expansion,Primary,4.5,13,721815.0,1481884.0,12,12.54,1673651.0,0.168,691.0,3,2,63.9,,5,Low
1753,Technology,Nairobi,Q1,Business Expansion,Diploma,5.0,12,9014221.0,22561568.0,60,16.2,33461330.0,0.307,505.0,3,0,65.5,2.9,5,Low
1754,Services,Other,Q2,Working Capital,Secondary,1.8,6,510505.0,1398934.0,24,17.38,,0.179,533.0,2,0,62.4,3.9,2,Medium
1755,Retail,Kisumu,Q2,Working Capital,Bachelors,3.1,9,1535598.0,3114148.0,6,20.1,4533809.0,0.976,676.0,2,0,52.6,3.5,6,Low
1756,Retail,Mombasa,Q2,Business Expansion,Diploma,1.7,6,2641491.0,8886048.0,12,17.09,11831811.0,0.098,590.0,2,1,76.9,4.3,6,Low
1757,Agriculture,Eldoret,Q3,Inventory Financing,Primary,3.9,9,1488501.0,2306381.0,6,16.21,2580846.0,0.292,755.0,2,2,76.8,1.7,7,Low
1758,Retail,Other,Q2,Equipment Purchase,Diploma,4.2,11,1558665.0,2556110.0,12,16.82,903818.0,0.556,669.0,3,2,39.3,3.8,9,Medium
1759,Technology,Nairobi,Q1,Equipment Purchase,Secondary,9.3,7,922505.0,1127043.0,60,16.54,1357947.0,0.154,621.0,0,1,31.0,3.8,9,Low
1760,Retail,Other,Q1,Business Expansion,Secondary,4.8,11,1051836.0,2711346.0,18,14.64,1390722.0,0.902,799.0,1,0,28.8,3.8,6,Medium
1761,Hospitality,Nairobi,Q4,Business Expansion,Diploma,3.5,8,1039056.0,1960262.0,18,10.05,1511602.0,0.331,719.0,4,1,32.7,4.5,7,Low
1762,Retail,Kisumu,Q1,Equipment Purchase,Certificate,2.8,9,763736.0,1318574.0,12,14.3,909835.0,0.789,758.0,0,1,54.9,3.9,6,Medium
1763,Retail,Nairobi,Q2,Business Expansion,Masters,1.9,15,1467664.0,3868409.0,24,17.12,1245341.0,0.172,629.0,1,1,29.7,3.2,8,Medium
1764,Agriculture,Nairobi,Q2,Business Expansion,Bachelors,12.1,8,2808067.0,2556292.0,24,17.63,4166455.0,0.267,560.0,3,2,66.3,,4,Low
1765,Retail,Mombasa,Q4,Inventory Financing,Bachelors,9.0,8,3231806.0,7277946.0,24,16.34,,0.635,546.0,4,1,58.8,2.6,5,High
1766,Services,Kisumu,Q3,Equipment Purchase,Certificate,2.0,7,4972088.0,16415560.0,36,15.24,13584378.0,0.474,606.0,3,3,36.8,3.9,7,Low
1767,Manufacturing,Mombasa,Q3,Business Expansion,Bachelors,4.9,6,2500658.0,8792109.0,12,14.15,14045431.0,0.391,716.0,1,1,29.4,5.0,6,Low
1768,Hospitality,Nakuru,Q2,Working Capital,Primary,2.3,5,13886773.0,26772709.0,48,14.8,20707664.0,0.325,727.0,5,0,32.1,,7,Low
1769,Services,Other,Q4,Working Capital,Bachelors,6.0,5,1948680.0,4132497.0,24,11.88,,0.1,586.0,0,0,63.7,3.7,7,Medium
1770,Services,Nairobi,Q3,Inventory Financing,Certificate,7.8,10,866817.0,2989219.0,48,21.91,,0.104,741.0,1,1,48.0,5.0,5,Medium
1771,Hospitality,Nairobi,Q4,Working Capital,Bachelors,4.1,8,660608.0,1438734.0,48,14.84,556342.0,0.119,621.0,1,2,70.1,3.5,2,Medium
1772,Services,Kisumu,Q2,Equipment Purchase,Primary,1.0,7,1924642.0,6050883.0,36,16.21,9175729.0,0.511,747.0,0,1,73.7,5.0,4,Low
1773,Technology,Mombasa,Q1,Inventory Financing,Diploma,2.2,13,2881967.0,4935388.0,6,17.13,,0.326,589.0,3,1,62.9,3.8,7,Medium
1774,Manufacturing,Nairobi,Q2,Working Capital,Primary,2.5,7,3076500.0,7095846.0,48,12.97,,0.651,637.0,1,1,45.3,2.8,5,High
1775,Hospitality,Kisumu,Q4,Business Expansion,Secondary,16.3,10,2051498.0,1694419.0,48,12.56,1993991.0,0.509,531.0,3,0,38.8,4.1,8,Low
1776,Technology,Nakuru,Q1,Working Capital,Diploma,12.0,9,4548943.0,3230654.0,48,13.73,,0.332,850.0,2,0,52.5,2.6,6,Low
1777,Technology,Other,Q3,Business Expansion,Secondary,7.2,5,1862322.0,3377280.0,12,15.75,3449138.0,0.339,572.0,2,0,62.3,3.4,5,Low
1778,Hospitality,Other,Q1,Inventory Financing,Diploma,2.7,4,1306822.0,3329499.0,48,17.96,,0.828,660.0,1,0,18.2,3.4,8,High
1779,Retail,Other,Q4,Inventory Financing,Diploma,3.0,8,1526270.0,4204420.0,18,13.77,3736954.0,0.494,597.0,3,0,68.4,4.9,2,Low
1780,Services,Nairobi,Q4,Inventory Financing,Secondary,2.7,9,1790749.0,3048490.0,12,14.11,4836762.0,0.453,645.0,2,1,62.8,3.2,8,Low
1781,Manufacturing,Other,Q3,Equipment Purchase,Diploma,8.2,5,2732046.0,8634597.0,12,13.16,7417328.0,0.169,632.0,3,0,61.7,2.4,5,Low
1782,Retail,Nakuru,Q2,Equipment Purchase,Certificate,1.0,10,739652.0,1505217.0,18,16.43,1963839.0,0.173,697.0,3,2,81.4,2.5,4,Low
1783,Agriculture,Nairobi,Q3,Working Capital,Primary,8.8,11,921207.0,1463145.0,48,16.29,,0.779,593.0,4,0,33.5,4.7,4,High
1784,Hospitality,Other,Q2,Working Capital,Bachelors,1.6,8,3574488.0,5913157.0,6,18.17,,0.583,725.0,2,0,52.2,3.7,3,Medium
1785,Technology,Nairobi,Q3,Business Expansion,Bachelors,9.7,7,1466696.0,1101915.0,12,19.45,700047.0,0.148,741.0,3,0,53.5,3.6,8,Low
1786,Hospitality,Nakuru,Q1,Working Capital,Bachelors,7.2,4,3890050.0,2491480.0,12,17.24,,0.218,579.0,1,1,32.8,4.4,5,Medium
1787,Retail,Nakuru,Q2,Inventory Financing,Masters,5.1,11,2679208.0,2773779.0,60,15.06,1481562.0,0.566,714.0,7,0,51.9,3.7,9,Low
1788,Retail,Other,Q4,Working Capital,Certificate,5.2,6,2148551.0,7294070.0,12,14.21,,0.1,671.0,5,1,92.7,3.0,6,Medium
1789,Hospitality,Nakuru,Q1,Business Expansion,Diploma,3.8,9,3794069.0,13170505.0,24,16.58,19015217.0,0.083,494.0,1,0,65.1,3.0,1,Low
1790,Technology,Other,Q3,Equipment Purchase,Diploma,19.3,9,1904776.0,1139865.0,24,15.25,1651483.0,0.59,711.0,4,0,22.6,3.8,8,Low
1791,Retail,Nairobi,Q2,Business Expansion,Primary,3.8,7,2656354.0,2983837.0,18,16.94,3120063.0,0.622,617.0,1,1,34.7,2.7,5,Low
1792,Agriculture,Nairobi,Q3,Business Expansion,Bachelors,4.9,9,2993909.0,9627511.0,60,18.31,17091852.0,0.622,692.0,4,0,20.4,4.2,6,Low
1793,Technology,Nairobi,Q3,Working Capital,Secondary,5.6,5,3531297.0,6729547.0,36,13.88,8029389.0,0.472,626.0,5,0,73.3,4.0,4,Low
1794,Retail,Kisumu,Q4,Inventory Financing,Certificate,3.7,9,926417.0,579865.0,12,17.56,,0.563,659.0,1,0,63.9,2.1,9,Medium
1795,Hospitality,Mombasa,Q3,Business Expansion,Diploma,11.4,6,1881193.0,1681053.0,36,16.1,1868656.0,0.115,709.0,2,1,100.0,4.2,6,Low
1796,Services,Nairobi,Q1,Business Expansion,Diploma,2.5,8,4575403.0,2976586.0,36,11.36,1617445.0,0.091,705.0,0,0,58.3,4.1,7,Low
1797,Retail,Nairobi,Q3,Business Expansion,Secondary,2.8,5,2736109.0,4182600.0,12,18.42,7022291.0,0.308,598.0,1,0,36.1,2.9,4,Low
1798,Technology,Kisumu,Q3,Equipment Purchase,Bachelors,1.1,3,4082234.0,10454485.0,18,15.57,3490267.0,0.585,512.0,1,1,35.8,2.7,5,Low
1799,Services,Mombasa,Q2,Inventory Financing,Primary,6.4,9,4957691.0,15252163.0,60,13.81,,0.509,624.0,1,1,19.8,2.7,11,High
1800,Retail,Eldoret,Q1,Equipment Purchase,Diploma,3.7,15,1182701.0,2636235.0,12,17.67,1537534.0,0.339,664.0,1,2,81.6,,5,Medium
1801,Agriculture,Mombasa,Q4,Working Capital,Secondary,5.5,5,1759822.0,3027018.0,24,18.68,3600499.0,0.539,638.0,4,2,83.0,,6,Low
1802,Agriculture,Other,Q3,Equipment Purchase,Masters,8.4,7,4805319.0,12328613.0,12,12.77,14690581.0,0.265,568.0,2,1,82.3,3.2,4,Low
1803,Manufacturing,Eldoret,Q2,Inventory Financing,Masters,2.9,10,2450267.0,4901375.0,60,15.19,,0.319,673.0,0,1,93.9,3.3,9,Medium
1804,Hospitality,Mombasa,Q2,Inventory Financing,Bachelors,2.5,8,963839.0,2201245.0,36,11.78,3039678.0,0.111,815.0,1,0,50.2,3.0,5,Low
1805,Hospitality,Mombasa,Q4,Business Expansion,Bachelors,3.2,9,2327268.0,6907278.0,12,14.86,10721384.0,0.554,456.0,2,1,51.7,3.2,6,Low
1806,Retail,Nairobi,Q3,Equipment Purchase,Bachelors,13.7,12,2594411.0,1683273.0,24,16.38,624968.0,0.472,558.0,2,0,58.4,3.5,5,Medium
1807,Hospitality,Nairobi,Q4,Business Expansion,Diploma,1.4,8,1194319.0,1817078.0,60,16.25,2090564.0,1.093,635.0,1,1,51.4,2.8,6,Medium
1808,Retail,Mombasa,Q1,Equipment Purchase,Bachelors,9.8,7,1471550.0,4292740.0,24,15.67,1788060.0,0.375,713.0,3,0,72.6,3.2,7,Low
1809,Technology,Mombasa,Q1,Inventory Financing,Bachelors,7.5,7,3354105.0,3305224.0,12,20.18,,0.519,713.0,2,0,61.1,3.6,5,Medium
1810,Services,Nairobi,Q2,Inventory Financing,Secondary,10.3,9,3036597.0,4739005.0,48,18.22,,0.261,721.0,1,2,78.4,1.5,5,Low
1811,Hospitality,Mombasa,Q4,Business Expansion,Bachelors,6.1,8,876568.0,1570273.0,24,16.72,1881577.0,0.3,759.0,1,1,37.1,,4,Low
1812,Manufacturing,Nairobi,Q3,Inventory Financing,Secondary,4.8,8,970491.0,711154.0,12,16.64,,0.205,774.0,2,1,69.1,3.1,5,Low
1813,Agriculture,Other,Q1,Business Expansion,Certificate,1.8,7,1382079.0,4249333.0,18,15.79,4107814.0,0.564,649.0,3,0,21.9,4.3,7,Low
1814,Hospitality,Kisumu,Q4,Inventory Financing,Secondary,4.6,10,1777148.0,919938.0,48,14.06,,0.543,618.0,2,2,50.2,5.0,6,High
1815,Hospitality,Nairobi,Q1,Business Expansion,Diploma,4.6,8,1674547.0,4662915.0,24,13.22,2549763.0,0.451,485.0,0,1,18.6,3.6,2,Medium
1816,Technology,Nairobi,Q2,Working Capital,Diploma,2.0,9,979566.0,750646.0,60,15.3,1172200.0,0.436,709.0,0,1,65.4,4.2,4,Low
1817,Hospitality,Nairobi,Q3,Business Expansion,Bachelors,10.2,7,2336692.0,2610474.0,48,17.56,1028334.0,0.196,746.0,0,1,68.0,4.1,9,Low
1818,Agriculture,Nairobi,Q1,Business Expansion,Bachelors,11.8,5,511565.0,1487981.0,18,13.98,1251334.0,0.269,639.0,3,0,60.3,4.2,6,Medium
1819,Technology,Mombasa,Q2,Equipment Purchase,Primary,1.4,7,957919.0,654779.0,36,9.87,336168.0,0.589,723.0,1,0,40.3,4.3,4,Medium
1820,Hospitality,Nairobi,Q1,Working Capital,Secondary,8.2,5,1862640.0,3563541.0,12,17.72,,0.526,614.0,1,2,17.9,3.3,7,High
1821,Services,Nairobi,Q4,Equipment Purchase,Primary,7.5,9,1809895.0,6305566.0,18,15.03,4981942.0,0.372,660.0,1,1,63.2,4.0,5,Low
1822,Retail,Nakuru,Q3,Inventory Financing,Bachelors,9.8,7,1737633.0,6018980.0,18,17.97,3029356.0,0.136,,2,0,60.4,3.9,2,Low
1823,Services,Mombasa,Q1,Working Capital,Secondary,4.7,18,2202995.0,6531890.0,48,16.52,7066084.0,0.204,814.0,3,1,54.7,3.4,4,Low
1824,Services,Nakuru,Q4,Working Capital,Masters,4.9,4,1965378.0,2189650.0,6,12.55,,0.279,782.0,1,2,10.2,3.8,7,Low
1825,Services,Mombasa,Q4,Inventory Financing,Secondary,11.9,6,1558648.0,989456.0,36,12.65,1298952.0,0.771,,5,0,27.4,2.3,9,Medium
1826,Technology,Kisumu,Q1,Inventory Financing,Masters,2.4,5,4797522.0,8216851.0,24,14.34,6286911.0,0.572,667.0,0,0,55.9,3.2,3,Low
1827,Manufacturing,Nairobi,Q3,Inventory Financing,Bachelors,8.9,5,1727803.0,923750.0,6,9.19,,0.761,647.0,0,0,66.3,4.8,1,Medium
1828,Technology,Mombasa,Q2,Inventory Financing,Bachelors,1.9,6,9286851.0,12919570.0,36,21.83,,0.283,655.0,5,1,65.1,4.9,5,Medium
1829,Hospitality,Mombasa,Q2,Business Expansion,Diploma,7.6,10,606696.0,1332502.0,6,14.23,2404847.0,0.355,728.0,2,2,75.2,3.2,7,Low
1830,Agriculture,Nairobi,Q1,Equipment Purchase,Bachelors,4.6,7,3115744.0,2336638.0,48,14.61,1835786.0,0.566,623.0,2,0,79.0,4.0,3,Low
1831,Retail,Other,Q1,Business Expansion,Secondary,7.1,11,787460.0,1860595.0,24,11.79,598121.0,0.674,698.0,4,0,34.5,4.4,9,Medium
1832,Retail,Nairobi,Q4,Business Expansion,Bachelors,2.5,9,552689.0,1341310.0,12,16.1,1699629.0,0.606,617.0,0,0,50.2,3.8,9,Medium
1833,Hospitality,Nairobi,Q2,Working Capital,Bachelors,4.8,8,916955.0,1225473.0,36,18.08,,0.599,844.0,5,0,50.3,2.1,7,Medium
1834,Manufacturing,Nairobi,Q1,Working Capital,Diploma,6.4,8,264201.0,332147.0,18,20.54,,0.398,601.0,3,1,8.7,4.5,8,High
1835,Services,Eldoret,Q4,Business Expansion,Diploma,12.1,17,1363610.0,2238541.0,18,14.36,3431835.0,0.526,551.0,3,1,24.3,3.3,5,Low
1836,Retail,Other,Q1,Business Expansion,Secondary,6.6,8,1672364.0,2892583.0,24,20.39,2198524.0,0.749,678.0,3,1,56.1,3.6,6,Low
1837,Technology,Kisumu,Q4,Inventory Financing,Certificate,4.1,11,882334.0,2020093.0,12,16.89,1290308.0,0.441,548.0,1,1,67.5,2.6,4,Medium
1838,Retail,Mombasa,Q4,Equipment Purchase,Diploma,2.8,7,1240736.0,3421244.0,18,11.65,1403336.0,0.349,586.0,1,0,47.5,2.8,7,Low
1839,Hospitality,Nakuru,Q1,Equipment Purchase,Secondary,11.2,13,2541400.0,3815469.0,60,19.39,2185635.0,0.241,617.0,4,0,11.6,4.2,2,Low
1840,Services,Other,Q4,Working Capital,Primary,12.0,8,1259090.0,1447650.0,12,14.17,,0.123,639.0,2,0,27.4,2.3,7,Low
1841,Services,Nairobi,Q3,Working Capital,Masters,12.2,11,3530645.0,10765908.0,24,17.61,8251313.0,0.415,658.0,2,1,29.4,2.5,4,Low
1842,Services,Nakuru,Q4,Working Capital,Bachelors,14.6,8,1216584.0,2539398.0,36,17.23,1821299.0,0.455,654.0,1,0,81.3,3.2,5,Low
1843,Hospitality,Nakuru,Q3,Business Expansion,Certificate,8.4,8,6177450.0,3835966.0,12,15.08,5084698.0,0.549,637.0,1,2,93.4,3.6,4,Low
1844,Agriculture,Mombasa,Q1,Inventory Financing,Diploma,12.3,10,1885380.0,1107625.0,18,14.73,837385.0,0.748,721.0,2,0,71.6,4.3,2,Medium
1845,Services,Nairobi,Q3,Working Capital,Diploma,10.3,7,776323.0,1234471.0,18,18.04,,0.464,638.0,3,1,12.9,4.3,10,Medium
1846,Hospitality,Kisumu,Q2,Working Capital,Masters,8.9,7,2932126.0,9883385.0,18,13.82,,0.124,,2,0,44.5,4.1,5,Medium
1847,Services,Nairobi,Q3,Business Expansion,Diploma,0.8,10,1915873.0,1282570.0,18,13.06,1276426.0,0.047,678.0,1,1,69.4,2.8,3,Low
1848,Services,Mombasa,Q3,Working Capital,Bachelors,4.0,9,643305.0,874904.0,24,19.48,1172080.0,0.96,686.0,1,1,58.6,2.9,10,Medium
1849,Agriculture,Kisumu,Q3,Working Capital,Bachelors,0.4,7,5868602.0,19246663.0,6,15.44,,0.255,529.0,0,1,34.0,3.2,7,High
1850,Services,Other,Q4,Inventory Financing,Secondary,2.7,5,1264368.0,3490971.0,48,20.64,,0.752,596.0,2,0,44.8,3.6,3,High
1851,Hospitality,Nairobi,Q2,Working Capital,Diploma,5.7,6,2560771.0,4975444.0,12,11.6,,0.374,706.0,0,0,0.0,4.1,5,Medium
1852,Services,Nairobi,Q4,Equipment Purchase,Masters,1.2,16,9748101.0,29259005.0,12,15.67,33874287.0,0.434,640.0,4,0,67.4,3.1,8,Low
1853,Manufacturing,Kisumu,Q1,Business Expansion,Bachelors,3.8,9,1094716.0,3669865.0,48,16.01,2822330.0,0.145,550.0,1,0,70.5,3.9,6,Low
1854,Hospitality,Other,Q1,Inventory Financing,Masters,3.2,9,1060432.0,2497882.0,24,13.12,,0.738,712.0,0,0,19.3,2.8,0,Medium
1855,Agriculture,Nairobi,Q3,Inventory Financing,Secondary,2.3,10,2276954.0,3796737.0,6,20.01,,0.318,,2,1,0.7,,6,Medium
1856,Manufacturing,Nakuru,Q2,Business Expansion,Bachelors,5.2,5,366278.0,810750.0,12,15.71,366629.0,0.57,668.0,4,0,100.0,4.5,2,Medium
1857,Agriculture,Nairobi,Q3,Working Capital,Secondary,2.2,10,3446862.0,9822806.0,60,10.45,,0.101,608.0,1,0,25.9,2.7,5,Medium
1858,Retail,Kisumu,Q4,Working Capital,Bachelors,2.4,12,949815.0,1712722.0,24,17.55,2647486.0,0.234,708.0,2,1,64.1,2.4,5,Low
1859,Technology,Nairobi,Q3,Business Expansion,Bachelors,7.4,9,4638553.0,13573258.0,24,11.47,13989414.0,0.48,630.0,4,2,41.6,4.1,2,Low
1860,Technology,Nakuru,Q3,Equipment Purchase,Certificate,5.0,9,3940026.0,8725617.0,12,16.23,10709263.0,0.372,611.0,4,1,79.8,4.2,5,Low
1861,Retail,Mombasa,Q4,Working Capital,Diploma,5.3,4,841213.0,1823010.0,36,17.24,,0.797,685.0,1,0,56.3,3.9,9,High
1862,Technology,Nakuru,Q3,Working Capital,Certificate,6.7,5,753388.0,2494877.0,48,22.92,4149754.0,0.289,594.0,0,1,47.8,4.5,7,Low
1863,Agriculture,Nairobi,Q4,Equipment Purchase,Masters,6.2,7,4084756.0,14032726.0,48,14.41,6258251.0,0.513,702.0,0,0,44.5,3.8,7,Low
1864,Retail,Nairobi,Q4,Working Capital,Diploma,11.6,7,851855.0,1012224.0,18,16.11,785381.0,0.396,628.0,3,0,46.8,4.2,5,Medium
1865,Services,Nairobi,Q4,Equipment Purchase,Primary,6.0,12,1811849.0,1705114.0,24,14.23,2064383.0,0.591,688.0,3,0,61.8,3.2,4,Low
1866,Hospitality,Nairobi,Q4,Equipment Purchase,Diploma,0.5,7,2246352.0,6237625.0,24,13.97,4966687.0,0.435,527.0,2,0,19.0,4.3,11,Low
1867,Manufacturing,Nairobi,Q1,Business Expansion,Primary,3.4,8,3052961.0,10553773.0,48,17.94,13183415.0,0.508,602.0,2,2,64.9,3.4,6,Low
1868,Services,Nairobi,Q4,Equipment Purchase,Secondary,5.3,12,1822997.0,1751925.0,18,19.25,1181447.0,0.387,572.0,0,3,35.8,3.8,14,Medium
1869,Agriculture,Kisumu,Q4,Inventory Financing,Certificate,8.1,9,1081184.0,2118298.0,60,18.26,,0.425,526.0,2,1,41.8,4.9,5,High
1870,Retail,Mombasa,Q3,Equipment Purchase,Certificate,6.2,7,3111976.0,9578505.0,60,8.16,6321461.0,0.326,754.0,1,1,57.8,2.9,6,Low
1871,Services,Other,Q1,Working Capital,Primary,4.9,7,2401884.0,6219153.0,18,18.31,,0.124,605.0,0,0,30.1,4.0,4,Medium
1872,Manufacturing,Mombasa,Q2,Inventory Financing,Secondary,10.2,10,3909332.0,9745281.0,12,15.39,3987348.0,0.579,684.0,0,0,23.1,3.3,11,Low
1873,Technology,Kisumu,Q4,Business Expansion,Secondary,16.0,8,1024327.0,2643951.0,6,12.33,4603952.0,0.053,546.0,1,0,31.7,4.3,1,Low
1874,Hospitality,Nakuru,Q1,Inventory Financing,Secondary,12.1,6,5419461.0,10604705.0,12,13.28,,0.153,600.0,1,0,50.4,4.3,12,Medium
1875,Services,Other,Q2,Working Capital,Certificate,4.3,9,2473074.0,7641661.0,48,9.32,,0.577,798.0,4,0,52.8,3.2,3,Medium
1876,Services,Kisumu,Q1,Inventory Financing,Primary,7.0,11,1472036.0,3961237.0,12,17.38,,0.78,798.0,3,1,15.4,4.7,5,Medium
1877,Hospitality,Nairobi,Q4,Business Expansion,Primary,7.4,7,2738248.0,8516534.0,12,15.37,4605362.0,0.323,660.0,2,0,41.0,3.4,4,Low
1878,Hospitality,Mombasa,Q3,Equipment Purchase,Secondary,4.7,6,1654316.0,4277371.0,6,16.27,6251384.0,0.734,689.0,5,0,22.4,4.2,5,Low
1879,Hospitality,Nairobi,Q1,Working Capital,Bachelors,8.9,6,548600.0,1211588.0,18,13.45,,0.352,508.0,1,0,9.7,3.1,5,High
1880,Retail,Kisumu,Q4,Working Capital,Masters,3.2,7,1113826.0,3344389.0,18,13.02,1622951.0,0.11,705.0,1,0,89.3,4.1,4,Low
1881,Retail,Nairobi,Q1,Working Capital,Bachelors,6.9,11,2267829.0,7795727.0,12,17.62,,0.352,708.0,0,1,62.6,3.2,9,Medium
1882,Hospitality,Kisumu,Q4,Working Capital,Primary,8.5,3,2224280.0,4047884.0,24,18.17,,0.212,716.0,3,0,93.3,3.2,6,Medium
1883,Retail,Nairobi,Q3,Working Capital,Bachelors,6.6,6,2089312.0,5342198.0,18,15.62,3603869.0,0.492,666.0,3,0,84.5,3.6,8,Low
1884,Services,Other,Q4,Equipment Purchase,Bachelors,3.4,6,1036322.0,2310792.0,24,15.42,3444994.0,0.34,595.0,1,0,18.6,4.4,2,Low
1885,Hospitality,Nairobi,Q1,Equipment Purchase,Bachelors,3.0,4,858277.0,3120815.0,60,17.82,3295054.0,0.151,553.0,2,1,38.1,3.0,6,Low
1886,Agriculture,Nakuru,Q2,Working Capital,Bachelors,14.1,11,1481869.0,3412046.0,36,21.38,,0.747,568.0,1,2,69.5,5.0,3,High
1887,Hospitality,Nakuru,Q1,Working Capital,Secondary,2.2,4,1899459.0,3236050.0,18,16.75,,0.319,568.0,2,0,69.6,3.3,4,Medium
1888,Hospitality,Nairobi,Q2,Working Capital,Certificate,5.7,10,1643437.0,4088070.0,24,15.67,,0.29,711.0,2,0,54.3,4.5,9,Medium
1889,Services,Kisumu,Q4,Working Capital,Certificate,4.6,11,2175487.0,2584153.0,12,14.98,,0.526,,2,1,31.4,2.8,5,Medium
1890,Agriculture,Nairobi,Q1,Working Capital,Primary,1.4,8,1058031.0,2078617.0,48,17.41,3415058.0,0.478,515.0,2,0,85.2,3.4,5,Low
1891,Agriculture,Nairobi,Q4,Business Expansion,Diploma,4.6,6,1177849.0,653960.0,6,15.18,611338.0,0.382,593.0,0,0,66.0,4.5,6,Medium
1892,Hospitality,Nairobi,Q3,Working Capital,Secondary,10.2,7,1250589.0,1912095.0,6,16.59,,0.391,601.0,3,0,75.6,4.4,10,Medium
1893,Agriculture,Nairobi,Q1,Inventory Financing,Masters,2.5,9,1388686.0,4604948.0,12,17.58,,0.314,589.0,4,0,43.7,3.6,9,High
1894,Services,Nakuru,Q4,Inventory Financing,Diploma,2.9,8,1134246.0,3960858.0,60,14.0,1847504.0,0.242,695.0,2,2,46.1,3.1,6,Low
1895,Retail,Nairobi,Q2,Business Expansion,Bachelors,7.4,5,1727934.0,3393057.0,60,19.55,1720362.0,0.531,720.0,1,0,62.8,2.6,6,Low
1896,Agriculture,Nairobi,Q4,Working Capital,Primary,7.4,12,1323821.0,1497607.0,18,22.22,,0.419,668.0,1,2,81.2,2.7,10,Medium
1897,Manufacturing,Nairobi,Q2,Working Capital,Bachelors,6.0,9,4259908.0,8460520.0,18,13.83,,0.5,584.0,4,2,85.3,2.5,6,High
1898,Retail,Other,Q2,Equipment Purchase,Bachelors,3.3,14,1059823.0,3610493.0,24,18.48,4572533.0,0.735,653.0,3,0,45.6,5.0,7,Low
1899,Technology,Kisumu,Q1,Inventory Financing,Certificate,3.2,5,909220.0,2504067.0,24,10.84,2444020.0,0.5,552.0,3,0,68.6,5.0,5,Medium
1900,Agriculture,Mombasa,Q1,Inventory Financing,Secondary,2.5,7,2218162.0,4302212.0,24,18.29,,0.307,541.0,3,0,48.0,3.9,6,High
1901,Retail,Kisumu,Q3,Business Expansion,Certificate,7.3,7,5351858.0,14244357.0,24,10.53,20167460.0,0.144,648.0,0,1,71.7,2.1,2,Low
1902,Services,Other,Q4,Inventory Financing,Diploma,8.1,10,1636813.0,1978372.0,24,20.01,1866833.0,0.265,679.0,4,0,45.7,4.2,3,Low
1903,Services,Nakuru,Q2,Working Capital,Certificate,4.7,7,780303.0,1378336.0,12,18.82,1245401.0,0.364,593.0,4,1,46.4,4.1,12,Medium
1904,Manufacturing,Kisumu,Q4,Equipment Purchase,Secondary,2.0,16,2753993.0,7247806.0,60,10.76,7464399.0,0.124,656.0,2,0,28.2,3.3,4,Low
1905,Technology,Nairobi,Q4,Equipment Purchase,Diploma,4.9,6,867817.0,430912.0,18,14.23,360864.0,0.624,688.0,3,0,60.3,4.3,5,Low
1906,Retail,Kisumu,Q4,Working Capital,Bachelors,6.1,12,1694492.0,3793036.0,12,10.09,3146498.0,0.548,735.0,0,1,77.1,3.4,8,Low
1907,Agriculture,Other,Q4,Equipment Purchase,Secondary,8.7,4,1526207.0,3126878.0,12,21.68,4775882.0,0.437,618.0,5,3,55.6,4.4,5,Low
1908,Services,Kisumu,Q2,Equipment Purchase,Bachelors,5.2,7,798038.0,763277.0,12,20.62,566157.0,0.436,592.0,0,0,44.0,2.6,5,Medium
1909,Technology,Mombasa,Q1,Inventory Financing,Primary,2.0,8,2839856.0,5784748.0,60,16.59,,0.069,634.0,0,2,65.7,3.6,2,Medium
1910,Manufacturing,Other,Q2,Working Capital,Diploma,3.1,7,2112098.0,2167331.0,12,12.58,,0.224,673.0,3,0,61.7,3.8,2,Low
1911,Manufacturing,Nairobi,Q4,Working Capital,Secondary,20.3,5,1898518.0,2061400.0,24,16.52,,0.25,571.0,1,0,58.1,3.3,10,Low
1912,Hospitality,Nairobi,Q3,Working Capital,Diploma,9.6,10,2216221.0,2462353.0,24,16.5,,0.365,,1,2,6.8,4.1,9,Medium
1913,Agriculture,Eldoret,Q3,Working Capital,Certificate,17.0,3,929681.0,2338359.0,24,19.38,,0.354,648.0,2,0,52.5,3.8,6,Medium
1914,Agriculture,Other,Q4,Working Capital,Primary,7.6,6,1468307.0,4035051.0,6,22.29,6556554.0,0.742,532.0,2,0,59.7,3.0,5,Low
1915,Technology,Nairobi,Q4,Equipment Purchase,Secondary,2.4,4,2066591.0,4060734.0,24,19.17,1479922.0,0.078,669.0,5,0,36.7,3.9,5,Low
1916,Services,Nairobi,Q1,Inventory Financing,Masters,2.6,8,2656000.0,4532710.0,24,19.21,,0.488,543.0,2,1,68.4,3.8,7,High
1917,Services,Nairobi,Q4,Working Capital,Certificate,6.0,3,518608.0,792475.0,6,16.02,996464.0,0.653,682.0,0,1,17.9,4.5,2,Medium
1918,Technology,Kisumu,Q2,Equipment Purchase,Masters,4.9,8,2338359.0,3406980.0,36,15.37,4433345.0,0.807,531.0,3,1,43.9,4.7,9,Low
1919,Retail,Nairobi,Q4,Working Capital,Diploma,4.8,6,857400.0,1307227.0,24,18.8,2105431.0,0.158,539.0,3,0,61.8,3.3,7,Low
1920,Services,Kisumu,Q1,Working Capital,Bachelors,7.6,8,442110.0,1077500.0,24,16.01,,0.534,739.0,1,0,50.3,3.5,5,Medium
1921,Agriculture,Nakuru,Q1,Working Capital,Certificate,1.1,6,2780985.0,3807737.0,6,14.72,,0.971,564.0,1,0,74.3,3.2,3,High
1922,Services,Nairobi,Q1,Equipment Purchase,Doctorate,11.6,5,3889055.0,9627208.0,60,12.61,5832203.0,0.568,550.0,2,0,74.2,3.3,10,Low
1923,Hospitality,Other,Q4,Working Capital,Certificate,4.0,4,859987.0,615643.0,48,12.43,,0.772,,3,1,52.8,3.1,2,High
1924,Agriculture,Nairobi,Q1,Working Capital,Secondary,10.0,8,3150185.0,6466005.0,18,13.89,,0.164,540.0,4,0,100.0,3.5,5,Medium
1925,Services,Kisumu,Q3,Equipment Purchase,Secondary,4.1,10,1776620.0,1355368.0,24,12.51,2260074.0,0.257,650.0,2,1,31.0,3.7,4,Low
1926,Retail,Mombasa,Q4,Working Capital,Primary,9.6,6,3104632.0,2637057.0,36,12.12,2221091.0,0.176,716.0,5,0,57.7,2.6,3,Low
1927,Hospitality,Nairobi,Q2,Inventory Financing,Secondary,15.0,12,6857230.0,22703192.0,36,15.32,16540820.0,0.651,590.0,1,1,32.2,2.7,7,Low
1928,Agriculture,Mombasa,Q3,Working Capital,Diploma,2.0,5,3752897.0,8880054.0,6,12.55,,0.303,615.0,4,1,47.1,2.9,5,Medium
1929,Services,Nairobi,Q2,Equipment Purchase,Certificate,4.4,14,1919381.0,1038452.0,48,16.22,1082657.0,0.911,645.0,1,2,71.1,3.6,6,Medium
1930,Hospitality,Mombasa,Q2,Inventory Financing,Bachelors,7.5,8,839426.0,1780518.0,24,16.14,,0.824,733.0,3,0,46.8,1.9,7,Medium
1931,Services,Nairobi,Q2,Working Capital,Secondary,13.9,8,1213161.0,1636585.0,36,16.59,2334847.0,0.065,592.0,0,1,33.8,5.0,10,Low
1932,Retail,Mombasa,Q2,Working Capital,Masters,12.4,7,1547655.0,5002203.0,60,11.91,,0.225,558.0,1,1,70.7,2.6,9,Medium
1933,Hospitality,Nairobi,Q1,Equipment Purchase,Secondary,3.5,10,1128028.0,1622829.0,24,17.85,2660621.0,0.146,629.0,2,0,34.0,4.0,8,Low
1934,Agriculture,Nairobi,Q2,Business Expansion,Secondary,5.2,13,2210695.0,3816706.0,36,12.3,4143040.0,0.393,651.0,0,0,70.1,4.1,3,Low
1935,Manufacturing,Nakuru,Q2,Equipment Purchase,Secondary,5.9,8,2618138.0,8536781.0,60,14.18,11331091.0,0.726,723.0,0,0,41.2,5.0,7,Low
1936,Services,Other,Q4,Working Capital,Secondary,13.9,6,6620840.0,10885624.0,6,16.84,18808232.0,0.68,577.0,2,0,82.0,3.8,2,Low
1937,Services,Nairobi,Q3,Business Expansion,Certificate,1.2,9,3542923.0,5047681.0,24,13.27,5792652.0,0.816,634.0,2,0,48.5,3.1,6,Low
1938,Retail,Other,Q2,Business Expansion,Bachelors,5.0,12,744682.0,1677213.0,48,22.68,1460065.0,0.861,542.0,3,0,20.0,3.9,5,High
1939,Services,Kisumu,Q2,Working Capital,Primary,4.7,7,8965794.0,24068240.0,18,16.96,,0.151,686.0,1,1,57.1,2.9,7,Medium
1940,Manufacturing,Nairobi,Q1,Business Expansion,Secondary,8.5,9,1815631.0,3683871.0,18,16.44,3814165.0,0.503,580.0,0,1,44.0,4.9,3,Low
1941,Hospitality,Nairobi,Q2,Inventory Financing,Primary,10.6,12,1424046.0,2442073.0,12,19.61,,0.788,703.0,4,1,86.6,3.4,6,Medium
1942,Services,Other,Q3,Equipment Purchase,Bachelors,9.4,10,572414.0,2129890.0,60,9.8,1845210.0,0.351,698.0,1,0,31.0,4.2,2,Low
1943,Services,Nairobi,Q4,Equipment Purchase,Secondary,8.8,10,2009879.0,4047252.0,18,19.37,7204308.0,0.575,626.0,1,0,52.1,,10,Low
1944,Agriculture,Nairobi,Q4,Business Expansion,Diploma,9.6,8,8531899.0,17199406.0,6,12.97,11439804.0,0.401,501.0,1,0,14.7,2.7,9,Low
1945,Technology,Nakuru,Q4,Equipment Purchase,Bachelors,1.7,11,1663361.0,2153585.0,18,13.34,1657428.0,0.309,665.0,1,3,76.0,4.3,4,Low
1946,Retail,Nakuru,Q1,Working Capital,Secondary,3.8,10,2487094.0,6751217.0,60,9.6,2896701.0,0.236,711.0,3,1,56.1,,4,Low
1947,Retail,Other,Q3,Inventory Financing,Secondary,7.8,7,2419882.0,5796235.0,18,18.89,5460475.0,0.747,519.0,3,0,48.5,3.9,7,Low
1948,Services,Kisumu,Q4,Working Capital,Secondary,8.0,8,3664109.0,7799377.0,36,15.63,,0.324,609.0,3,0,59.9,3.2,2,Medium
1949,Hospitality,Nairobi,Q1,Business Expansion,Masters,2.0,9,1040030.0,1990213.0,24,11.11,1553956.0,0.591,567.0,0,2,45.1,5.0,7,Medium
1950,Agriculture,Nairobi,Q1,Equipment Purchase,Primary,2.7,6,997721.0,3194644.0,18,15.46,1324656.0,0.53,488.0,1,1,34.6,4.6,9,High
1951,Agriculture,Nairobi,Q4,Inventory Financing,Bachelors,8.2,6,2834147.0,7754600.0,18,19.41,,0.202,522.0,1,2,34.4,4.3,3,High
1952,Retail,Nakuru,Q2,Equipment Purchase,Secondary,2.9,4,3251006.0,6023057.0,18,13.22,6438682.0,0.495,684.0,1,0,67.3,4.0,4,Low
1953,Services,Other,Q4,Inventory Financing,Secondary,9.5,7,1207169.0,4073437.0,36,16.53,,0.211,441.0,3,3,76.7,2.7,6,High
1954,Services,Nairobi,Q4,Equipment Purchase,Bachelors,16.1,8,2668177.0,6746820.0,36,12.81,5840209.0,0.507,661.0,1,1,52.3,3.5,7,Low
1955,Retail,Mombasa,Q2,Working Capital,Diploma,5.8,8,3479701.0,8776360.0,24,15.21,7399698.0,0.274,532.0,6,1,53.7,3.2,8,Low
1956,Retail,Mombasa,Q4,Inventory Financing,Secondary,7.6,8,2344802.0,5477135.0,18,21.68,,0.647,625.0,3,1,39.3,2.8,6,High
1957,Services,Nairobi,Q3,Inventory Financing,Bachelors,6.7,6,1368344.0,894330.0,36,15.87,,0.92,664.0,1,0,44.0,4.7,9,Medium
1958,Technology,Kisumu,Q1,Equipment Purchase,Secondary,10.4,8,7745030.0,16920114.0,24,13.9,24034492.0,0.367,596.0,1,1,35.9,3.6,8,Low
1959,Services,Other,Q3,Inventory Financing,Bachelors,15.3,6,5368732.0,16711304.0,6,19.5,10667202.0,0.355,518.0,3,0,80.4,3.9,3,Low
1960,Agriculture,Nairobi,Q3,Business Expansion,Diploma,7.4,10,2808238.0,8256324.0,12,10.48,8432716.0,0.159,447.0,0,2,56.2,3.3,2,Low
1961,Hospitality,Eldoret,Q3,Inventory Financing,Masters,4.7,5,1601703.0,4521805.0,24,15.97,7554927.0,0.447,734.0,1,2,70.6,2.8,5,Low
1962,Agriculture,Other,Q3,Working Capital,Diploma,2.5,11,738075.0,1917295.0,60,18.28,2279617.0,0.369,,1,0,53.4,3.9,9,Low
1963,Retail,Nairobi,Q2,Inventory Financing,Diploma,4.8,6,1313983.0,3306837.0,24,10.98,,0.093,562.0,2,0,21.3,2.9,5,Medium
1964,Agriculture,Other,Q2,Business Expansion,Bachelors,3.7,15,1787023.0,5141356.0,18,17.72,5169193.0,0.2,547.0,3,0,37.2,4.4,3,Low
1965,Retail,Eldoret,Q1,Inventory Financing,Diploma,9.4,9,987679.0,818469.0,18,22.62,720971.0,0.411,779.0,2,1,24.8,3.9,10,Low
1966,Retail,Nakuru,Q4,Working Capital,Primary,10.2,6,3781466.0,6700613.0,6,20.57,10264069.0,0.417,701.0,2,0,57.0,2.9,10,Low
1967,Hospitality,Nairobi,Q4,Equipment Purchase,Diploma,4.1,11,763547.0,1430588.0,24,12.91,2079074.0,0.57,,3,0,57.9,2.3,6,Medium
1968,Retail,Nairobi,Q3,Inventory Financing,Secondary,5.4,7,5306382.0,14378393.0,24,17.62,,0.604,544.0,1,1,24.9,3.6,7,High
1969,Agriculture,Nairobi,Q2,Business Expansion,Diploma,8.4,7,1420725.0,2346814.0,36,14.24,1558504.0,0.119,633.0,1,0,10.1,2.6,7,Low
1970,Manufacturing,Other,Q1,Working Capital,Doctorate,3.3,8,1026180.0,2927648.0,6,14.48,3996571.0,0.111,612.0,3,0,63.4,2.1,4,Low
1971,Manufacturing,Other,Q4,Working Capital,Diploma,7.9,9,1523795.0,2926314.0,12,20.89,4882246.0,0.07,694.0,3,1,49.1,3.6,9,Low
1972,Technology,Nairobi,Q2,Inventory Financing,Bachelors,6.4,8,2522072.0,1619183.0,12,16.41,1080613.0,0.099,579.0,4,0,84.1,3.2,3,Low
1973,Services,Kisumu,Q4,Business Expansion,Certificate,8.8,6,3738593.0,12753081.0,12,15.84,13794819.0,0.556,677.0,0,0,79.2,3.6,10,Low
1974,Manufacturing,Nairobi,Q3,Working Capital,Primary,1.5,11,809662.0,2743241.0,12,15.92,4169256.0,0.139,627.0,3,1,34.9,4.2,2,Low
1975,Services,Eldoret,Q1,Working Capital,Primary,7.1,6,2806606.0,9490512.0,24,12.54,11497419.0,0.767,515.0,2,0,41.4,3.7,6,Low
1976,Agriculture,Kisumu,Q3,Equipment Purchase,Primary,2.4,10,1258530.0,782800.0,6,11.9,269406.0,0.474,645.0,2,0,100.0,4.1,6,Medium
1977,Services,Other,Q1,Working Capital,Secondary,6.3,5,733701.0,2180476.0,6,14.96,,0.382,732.0,2,0,52.7,2.9,8,Medium
1978,Hospitality,Eldoret,Q3,Equipment Purchase,Secondary,4.8,3,812528.0,2585162.0,12,16.62,2390267.0,0.452,647.0,1,1,94.1,4.2,6,Low
1979,Agriculture,Nairobi,Q1,Business Expansion,Secondary,6.6,7,4008678.0,2116851.0,6,15.69,955456.0,0.225,591.0,4,0,16.1,4.3,8,Low
1980,Technology,Mombasa,Q3,Working Capital,Diploma,6.2,9,720874.0,1327717.0,18,20.63,1212792.0,0.67,829.0,3,0,43.4,2.1,3,Low
1981,Agriculture,Kisumu,Q3,Working Capital,Bachelors,10.0,7,1230982.0,2797036.0,12,17.95,3015236.0,0.242,,1,0,68.6,2.9,6,Low
1982,Agriculture,Other,Q1,Inventory Financing,Bachelors,5.1,12,1794114.0,2046473.0,48,14.47,2881878.0,0.375,528.0,1,0,69.2,3.7,8,Low
1983,Services,Mombasa,Q2,Working Capital,Bachelors,11.5,6,5199076.0,8271385.0,6,15.3,,0.752,645.0,1,0,74.5,4.2,3,High
1984,Hospitality,Nairobi,Q1,Working Capital,Bachelors,3.6,11,412746.0,786381.0,18,21.73,,0.182,591.0,1,0,38.2,4.3,5,Medium
1985,Services,Nairobi,Q4,Inventory Financing,Bachelors,6.6,8,1968874.0,5414784.0,12,20.88,,0.604,660.0,1,2,86.2,4.1,8,High
1986,Retail,Nairobi,Q1,Business Expansion,Certificate,6.1,12,1976577.0,3542285.0,24,18.12,2567266.0,0.404,579.0,4,2,55.6,3.5,2,Low
1987,Retail,Nairobi,Q2,Equipment Purchase,Certificate,5.0,11,572935.0,1913138.0,36,12.46,1342997.0,0.522,765.0,1,2,36.8,4.3,6,Medium
1988,Retail,Nairobi,Q3,Inventory Financing,Primary,4.5,9,1281484.0,3101566.0,12,13.55,,0.6,630.0,2,2,42.8,2.8,5,High
1989,Retail,Nairobi,Q2,Working Capital,Primary,7.2,11,1437641.0,1740987.0,36,14.76,,0.226,682.0,2,1,54.0,3.9,3,Medium
1990,Technology,Kisumu,Q2,Working Capital,Bachelors,5.4,9,2535006.0,8227284.0,60,17.14,9024879.0,0.412,559.0,1,0,54.2,3.9,10,Low
1991,Retail,Other,Q2,Inventory Financing,Secondary,8.6,7,1471432.0,1513788.0,60,16.81,643412.0,0.872,627.0,3,0,32.0,4.9,8,High
1992,Hospitality,Other,Q4,Business Expansion,Bachelors,4.7,7,1202342.0,1558043.0,36,17.75,1659028.0,0.603,582.0,2,1,93.7,3.1,3,Medium
1993,Agriculture,Nairobi,Q3,Working Capital,Certificate,16.7,9,2310003.0,1256427.0,60,9.94,,0.757,598.0,1,1,53.8,3.3,3,High
1994,Manufacturing,Kisumu,Q4,Business Expansion,Primary,14.2,16,4018094.0,6199040.0,60,16.23,8254896.0,0.371,717.0,2,0,0.0,2.9,8,Low
1995,Services,Nakuru,Q4,Working Capital,Bachelors,3.8,5,706473.0,1060179.0,36,18.96,,0.083,724.0,1,0,61.8,2.9,6,Low
1996,Hospitality,Nairobi,Q1,Working Capital,Bachelors,7.9,9,1859373.0,1980221.0,36,17.45,3177518.0,0.261,515.0,3,1,64.1,3.3,6,Low
1997,Retail,Kisumu,Q4,Equipment Purchase,Doctorate,3.0,6,1442760.0,1116377.0,60,15.92,1592206.0,0.072,570.0,0,0,67.1,4.9,5,Low
1998,Services,Nairobi,Q2,Inventory Financing,Diploma,11.0,7,1801136.0,3596029.0,24,14.76,4896025.0,0.35,730.0,3,1,88.2,4.2,5,Low
1999,Retail,Mombasa,Q2,Working Capital,Masters,5.3,13,3216419.0,4354497.0,18,14.88,3267132.0,0.619,567.0,2,0,52.5,4.8,5,Low
2000,Retail,Nairobi,Q2,Working Capital,Diploma,6.2,7,1170866.0,3935321.0,24,12.74,,0.181,654.0,2,0,68.6,4.1,6,Medium
