business_id,sector,county,quarter,business_age_years,num_employees,payroll_cost_kes,owner_education_level,monthly_marketing_spend_kes,advertising_budget_kes,avg_daily_foot_traffic,online_presence_score,loan_amount_kes,interest_rate_pct,inflation_rate_pct,competitor_density,customer_satisfaction_score,monthly_revenue_kes
1,Services,Nakuru,Q3,10.7,8,170390.0,Tertiary,12268.0,11859.0,34.9,57.3,0.0,8.99,6.55,5,3.4,4063002.0
2,Hospitality,Other,Q4,4.7,8,180398.0,Tertiary,59536.0,55943.0,25.7,60.8,149486.0,17.77,7.37,8,4.2,1754603.0
3,Services,Mombasa,Q3,12.8,10,276286.0,Secondary,16910.0,17789.0,54.2,59.8,200664.0,19.55,6.26,5,4.0,2739637.0
4,Manufacturing,Mombasa,Q3,3.0,16,336298.0,Tertiary,28642.0,28684.0,64.4,33.3,0.0,16.77,6.5,3,2.9,3128536.0
5,Retail,Other,Q2,7.4,9,254711.0,Secondary,33122.0,40272.0,92.9,58.4,0.0,10.03,6.93,3,3.8,1430695.0
6,Technology,Kisumu,Q1,3.4,6,191035.0,Tertiary,36473.0,36067.0,,75.2,352491.0,16.01,6.54,9,4.1,2561331.0
7,Services,Eldoret,Q2,6.6,7,224749.0,Postgraduate,15177.0,15984.0,65.5,66.8,592465.0,13.94,7.12,2,4.0,2087153.0
8,Services,Mombasa,Q3,3.7,11,340936.0,Tertiary,20518.0,21859.0,23.1,64.1,0.0,16.02,6.57,11,,2382780.0
9,Retail,Nairobi,Q1,5.5,9,147613.0,Tertiary,26554.0,30497.0,31.8,91.1,0.0,21.72,6.88,8,2.9,2957182.0
10,Hospitality,Eldoret,Q1,4.1,12,412495.0,Tertiary,15255.0,14804.0,76.5,58.7,350763.0,18.03,6.89,11,3.6,1380904.0
11,Hospitality,Nairobi,Q2,8.6,3,52961.0,Postgraduate,55744.0,51342.0,110.4,36.5,91571.0,17.34,6.81,3,1.9,2247977.0
12,Technology,Nairobi,Q4,7.6,9,242146.0,Secondary,103872.0,120654.0,,36.5,0.0,15.35,7.2,7,4.6,2288621.0
13,Manufacturing,Nakuru,Q3,3.3,6,209540.0,Secondary,32445.0,34277.0,12.0,58.9,0.0,16.83,6.8,5,3.8,1607694.0
14,Services,Eldoret,Q3,3.3,9,279041.0,Primary,32215.0,35913.0,26.7,23.4,310245.0,13.19,6.34,7,3.6,1000222.0
15,Hospitality,Other,Q3,2.8,7,132845.0,Tertiary,53059.0,59349.0,63.7,48.2,127801.0,17.28,6.59,4,3.6,1161113.0
16,Retail,Nairobi,Q1,2.3,7,155170.0,Tertiary,45495.0,51519.0,28.6,65.2,592396.0,14.88,6.7,7,4.1,1303784.0
17,Agriculture,Nairobi,Q2,9.0,9,257352.0,Tertiary,25702.0,26210.0,26.6,80.8,0.0,12.87,7.11,6,4.5,2983013.0
18,Retail,Other,Q1,2.6,8,248460.0,Secondary,76620.0,76474.0,23.6,21.0,0.0,18.11,6.71,9,3.5,1611758.0
19,Services,Nairobi,Q4,7.0,8,165824.0,Primary,15883.0,14140.0,170.8,57.2,0.0,8.36,7.48,4,4.0,3435616.0
20,Manufacturing,Nairobi,Q4,3.8,12,401108.0,Tertiary,42639.0,41377.0,20.0,53.5,0.0,13.76,7.42,11,4.0,5324407.0
21,Services,Nairobi,Q2,10.5,10,178362.0,Postgraduate,20382.0,21503.0,47.5,55.8,121838.0,17.46,7.03,4,1.9,2221243.0
22,Hospitality,Kisumu,Q2,16.9,6,193465.0,Secondary,35236.0,35021.0,63.9,58.1,0.0,19.42,6.94,4,3.1,2430108.0
23,Technology,Other,Q2,0.2,12,263031.0,Secondary,18795.0,18019.0,,54.3,0.0,17.01,7.14,5,4.0,1949251.0
24,Services,Eldoret,Q4,2.9,9,265818.0,Secondary,74970.0,79021.0,15.9,85.6,0.0,13.35,7.22,7,4.7,2333567.0
25,Services,Nakuru,Q2,3.8,12,334545.0,Tertiary,54846.0,63480.0,213.0,82.4,0.0,15.34,7.16,12,,2382780.0
26,Retail,Nairobi,Q4,4.8,7,260100.0,Secondary,33952.0,35498.0,119.6,100.0,0.0,16.43,7.79,6,2.7,6561496.0
27,Agriculture,Mombasa,Q2,4.6,13,396634.0,Secondary,46015.0,44145.0,54.3,54.8,342759.0,20.49,7.3,6,4.5,2361937.0
28,Retail,Mombasa,Q3,1.9,5,117795.0,Tertiary,12322.0,14193.0,31.3,46.0,462188.0,18.45,6.61,6,4.5,1460605.0
29,Retail,Nairobi,Q3,17.2,8,276439.0,Secondary,6776.0,6695.0,36.8,33.7,95630.0,18.47,6.49,7,4.0,2347312.0
30,Manufacturing,Nairobi,Q2,4.7,4,167956.0,Secondary,15390.0,17981.0,84.3,43.6,318536.0,15.71,6.81,7,2.1,1790449.0
31,Services,Nairobi,Q4,7.6,9,283928.0,Primary,73561.0,75690.0,108.9,70.7,0.0,12.07,7.2,5,3.3,5490424.0
32,Technology,Nairobi,Q3,7.8,5,139646.0,Postgraduate,18738.0,19830.0,,74.1,53674.0,11.0,6.69,5,3.8,3751477.0
33,Hospitality,Kisumu,Q4,1.5,6,142342.0,Tertiary,48068.0,56474.0,95.6,69.9,131035.0,14.54,7.28,6,3.5,3339941.0
34,Hospitality,Nakuru,Q4,4.3,6,150128.0,Secondary,21860.0,20589.0,40.6,40.4,237520.0,17.74,7.3,7,2.0,1336772.0
35,Agriculture,Nairobi,Q1,9.0,9,295880.0,Primary,22926.0,22147.0,94.9,40.5,80413.0,13.89,6.78,10,3.5,1127305.0
36,Retail,Mombasa,Q1,13.3,10,237814.0,Tertiary,18954.0,19407.0,38.4,98.0,27444.0,17.33,6.64,6,3.0,4758629.0
37,Retail,Eldoret,Q3,4.3,8,233858.0,Postgraduate,17936.0,18632.0,56.4,36.7,216371.0,12.96,6.32,5,4.2,2209488.0
38,Agriculture,Eldoret,Q2,1.8,5,175368.0,Primary,45700.0,57645.0,179.3,86.2,263504.0,13.45,7.09,6,4.1,1731408.0
39,Retail,Other,Q2,3.5,7,223641.0,Secondary,18167.0,17785.0,71.2,63.9,435346.0,20.01,6.97,6,4.1,2388823.0
40,Manufacturing,Mombasa,Q1,4.2,3,70933.0,Secondary,17764.0,16798.0,102.7,38.9,0.0,17.95,6.69,6,3.4,1660594.0
41,Hospitality,Other,Q2,4.1,13,555253.0,Tertiary,25929.0,25284.0,15.0,28.9,0.0,14.52,6.98,5,3.7,1833840.0
42,Services,Nairobi,Q2,2.8,5,193247.0,Postgraduate,20554.0,21964.0,69.6,39.8,880846.0,12.84,7.18,7,3.6,1533308.0
43,Manufacturing,Mombasa,Q2,1.6,5,155469.0,Tertiary,13246.0,14430.0,12.5,64.2,0.0,18.54,7.07,5,,2382780.0
44,Hospitality,Nairobi,Q3,2.2,10,350773.0,Secondary,42250.0,41973.0,47.6,35.0,455233.0,18.3,6.47,6,3.3,1811162.0
45,Services,Mombasa,Q3,3.6,8,209132.0,Tertiary,30493.0,32069.0,56.5,89.2,0.0,17.55,6.59,6,3.1,2239236.0
46,Services,Mombasa,Q2,8.9,6,172860.0,Tertiary,17235.0,20779.0,45.3,50.4,0.0,14.93,7.08,3,4.5,3274950.0
47,Hospitality,Nairobi,Q1,11.2,7,191847.0,Secondary,13280.0,13982.0,93.1,70.4,0.0,12.0,6.76,12,4.4,2300301.0
48,Hospitality,Eldoret,Q3,6.0,14,294520.0,Secondary,53785.0,57855.0,54.0,68.6,683553.0,15.45,6.57,8,4.1,4608069.0
49,Manufacturing,Nairobi,Q1,2.3,10,399004.0,Secondary,8940.0,10738.0,98.2,90.7,93864.0,20.0,6.9,8,5.0,2563559.0
50,Retail,Nairobi,Q2,3.7,6,122587.0,Tertiary,38451.0,38227.0,65.5,45.4,0.0,12.59,7.08,6,,2382780.0
51,Retail,Nairobi,Q2,0.8,12,357286.0,Tertiary,3909.0,3866.0,67.2,57.3,0.0,15.65,7.11,7,4.7,2487829.0
52,Retail,Mombasa,Q1,13.4,11,323615.0,Tertiary,27896.0,28243.0,82.4,24.2,0.0,20.73,6.68,6,3.1,3646871.0
53,Services,Nairobi,Q2,3.3,9,286761.0,Tertiary,28485.0,28707.0,76.0,57.3,330892.0,14.53,6.97,5,4.4,3782660.0
54,Manufacturing,Mombasa,Q2,7.2,14,350964.0,Secondary,7491.0,6774.0,65.9,80.1,0.0,15.09,7.22,8,3.8,7521152.0
55,Manufacturing,Nairobi,Q4,10.7,3,82527.0,Secondary,8106.0,8601.0,80.7,59.8,0.0,11.18,7.47,5,3.3,2222700.0
56,Services,Eldoret,Q4,15.8,7,202615.0,Primary,29219.0,31187.0,57.6,100.0,0.0,17.49,7.47,5,3.1,3281299.0
57,Hospitality,Other,Q1,9.6,12,372041.0,Postgraduate,7872.0,8148.0,118.2,66.4,0.0,13.13,6.84,10,3.9,2204489.0
58,Agriculture,Mombasa,Q3,4.1,15,391130.0,Tertiary,61594.0,65893.0,73.3,43.1,104330.0,10.53,6.51,7,4.4,4461731.0
59,Retail,Nakuru,Q3,7.9,9,253857.0,Secondary,17416.0,18647.0,85.9,65.0,42122.0,12.45,6.6,8,4.8,3378155.0
60,Retail,Other,Q2,15.5,5,105685.0,Primary,68839.0,65033.0,16.6,22.8,0.0,16.17,7.24,6,4.2,2184100.0
61,Manufacturing,Other,Q2,3.3,7,286289.0,Tertiary,59074.0,63391.0,7.7,37.4,0.0,10.44,7.24,8,,2382780.0
62,Agriculture,Kisumu,Q4,1.5,12,370278.0,Tertiary,23639.0,25877.0,99.1,28.2,276739.0,11.07,7.38,4,3.5,1562482.0
63,Agriculture,Other,Q2,2.8,9,298680.0,Tertiary,29933.0,27605.0,20.2,55.4,62416.0,17.29,7.31,2,3.9,969246.0
64,Services,Other,Q1,7.5,8,185056.0,Secondary,51607.0,60227.0,121.4,53.7,0.0,15.27,6.83,3,2.5,1640393.0
65,Manufacturing,Eldoret,Q2,4.1,7,159798.0,Postgraduate,10383.0,9875.0,133.8,81.5,104527.0,12.58,7.19,4,,2382780.0
66,Agriculture,Mombasa,Q2,5.2,8,268506.0,Tertiary,18712.0,17944.0,122.9,52.8,0.0,14.47,7.14,4,4.0,1929108.0
67,Agriculture,Nairobi,Q2,8.4,6,178569.0,Tertiary,67692.0,72170.0,83.1,32.9,0.0,21.06,7.14,3,5.0,2782548.0
68,Hospitality,Nairobi,Q1,2.7,13,420419.0,Tertiary,47577.0,51991.0,14.2,89.3,88050.0,19.6,6.69,2,3.7,2775280.0
69,Retail,Mombasa,Q1,5.0,7,143394.0,Postgraduate,21428.0,23832.0,13.9,0.0,0.0,15.16,6.91,4,4.7,1866646.0
70,Hospitality,Mombasa,Q4,3.7,10,382238.0,Postgraduate,30126.0,32984.0,22.9,55.8,128625.0,18.11,7.83,7,3.3,1556053.0
71,Retail,Mombasa,Q1,15.1,8,253123.0,Tertiary,14995.0,15122.0,39.7,59.8,257942.0,15.89,6.74,10,5.0,3984749.0
72,Hospitality,Kisumu,Q3,9.4,11,289502.0,Tertiary,20017.0,21191.0,108.6,54.8,0.0,9.82,6.51,3,4.9,2640885.0
73,Services,Kisumu,Q3,4.2,9,273430.0,Secondary,38024.0,38962.0,50.5,66.0,194736.0,9.25,6.43,3,4.6,2297764.0
74,Retail,Other,Q3,4.0,12,407990.0,Tertiary,20071.0,21354.0,125.4,57.4,196045.0,12.59,6.43,5,3.7,2151432.0
75,Retail,Nairobi,Q4,16.2,6,121266.0,Tertiary,42355.0,44705.0,44.6,66.0,0.0,10.46,7.63,9,3.5,1887170.0
76,Hospitality,Nairobi,Q1,15.3,8,301388.0,Primary,7878.0,7954.0,230.7,41.8,45085.0,16.37,6.7,10,3.4,7306131.0
77,Hospitality,Eldoret,Q2,7.5,12,396235.0,Secondary,37717.0,38556.0,144.6,22.9,441423.0,13.74,7.03,9,2.9,2487943.0
78,Manufacturing,Other,Q1,5.3,7,149931.0,Postgraduate,11484.0,10356.0,48.2,54.0,566632.0,16.86,6.56,3,4.1,2268443.0
79,Agriculture,Other,Q3,1.9,14,280456.0,Postgraduate,23135.0,25828.0,36.4,32.4,760998.0,16.91,6.39,5,3.5,1173564.0
80,Services,Other,Q3,2.8,8,237504.0,Postgraduate,14247.0,15299.0,145.7,39.0,167898.0,17.71,6.24,7,4.0,1660399.0
81,Manufacturing,Other,Q4,1.8,11,341386.0,Tertiary,37789.0,32705.0,30.6,80.6,0.0,12.52,7.49,7,,2382780.0
82,Hospitality,Nairobi,Q2,11.0,11,338208.0,Tertiary,8673.0,9656.0,45.9,89.3,487286.0,17.15,7.52,3,2.8,3894410.0
83,Services,Mombasa,Q1,1.9,11,324726.0,Tertiary,42708.0,44663.0,30.2,80.1,71030.0,12.44,6.74,4,4.5,1732108.0
84,Retail,Nairobi,Q4,3.9,11,240498.0,Secondary,25724.0,25082.0,76.1,76.1,0.0,17.78,7.15,1,3.8,2223468.0
85,Retail,Kisumu,Q3,1.0,11,359043.0,Secondary,21637.0,20944.0,130.4,56.3,262839.0,19.41,6.63,9,4.4,1751571.0
86,Retail,Other,Q4,1.4,12,319738.0,Postgraduate,15898.0,15818.0,49.4,77.3,195952.0,17.81,7.29,8,2.8,2766702.0
87,Services,Nairobi,Q2,8.6,7,199087.0,Primary,18446.0,17994.0,115.1,62.8,0.0,14.93,7.29,3,,2382780.0
88,Agriculture,Kisumu,Q2,6.7,15,642283.0,Tertiary,58193.0,57392.0,79.3,97.8,0.0,17.31,7.06,7,3.4,3648758.0
89,Retail,Nairobi,Q2,5.5,9,303977.0,Tertiary,15630.0,18538.0,29.6,34.8,0.0,10.59,7.01,5,3.9,1343414.0
90,Agriculture,Nairobi,Q3,4.0,12,436652.0,Tertiary,58481.0,63142.0,46.9,69.8,482592.0,9.87,6.47,2,3.6,3489151.0
91,Retail,Nairobi,Q1,1.2,9,366508.0,Secondary,71284.0,86460.0,22.0,27.2,0.0,16.99,6.91,3,4.8,5085393.0
92,Manufacturing,Nairobi,Q4,3.6,16,483261.0,Tertiary,21261.0,22708.0,28.6,69.9,0.0,19.68,7.37,5,4.5,5007344.0
93,Hospitality,Other,Q1,4.8,10,290025.0,Secondary,6771.0,7423.0,170.3,17.2,41152.0,11.56,6.73,6,3.1,607633.0
94,Hospitality,Mombasa,Q2,8.2,12,287790.0,Tertiary,49071.0,48067.0,71.5,28.3,305025.0,15.55,7.07,1,5.0,3802240.0
95,Hospitality,Other,Q2,10.6,6,148690.0,Secondary,48700.0,50480.0,64.7,26.8,274928.0,16.9,6.91,13,3.6,1365055.0
96,Manufacturing,Nakuru,Q3,8.8,10,152972.0,Tertiary,59046.0,61612.0,70.4,60.5,0.0,13.53,6.56,3,4.7,6973966.0
97,Hospitality,Nairobi,Q3,6.7,8,281979.0,Tertiary,24402.0,26833.0,35.8,62.8,0.0,14.41,6.23,10,3.5,2627054.0
98,Retail,Nairobi,Q4,5.4,11,223590.0,Secondary,32338.0,33827.0,50.9,100.0,142758.0,17.46,7.33,9,4.2,2358421.0
99,Retail,Other,Q4,6.2,11,412388.0,Secondary,18261.0,19687.0,82.6,53.0,246000.0,15.85,7.51,9,4.5,1953780.0
100,Technology,Nairobi,Q1,3.4,10,284746.0,Tertiary,17638.0,18965.0,,72.0,0.0,15.86,6.85,10,2.5,1785087.0
101,Technology,Other,Q1,5.8,10,283517.0,Primary,31156.0,31959.0,,58.5,166589.0,12.36,6.89,3,5.0,979180.0
102,Manufacturing,Nairobi,Q4,4.7,8,228100.0,Secondary,51926.0,52837.0,44.0,70.2,0.0,15.4,7.39,6,3.1,3246806.0
103,Retail,Nakuru,Q2,20.3,9,328628.0,Tertiary,44430.0,44274.0,39.4,58.2,0.0,14.23,7.28,4,3.4,4474235.0
104,Technology,Other,Q1,6.3,8,300979.0,Postgraduate,26574.0,30204.0,,79.2,0.0,14.4,6.94,3,3.2,2270161.0
105,Services,Nairobi,Q4,0.7,9,235818.0,Tertiary,54856.0,56271.0,35.7,31.8,667082.0,13.77,7.47,7,3.2,3265278.0
106,Manufacturing,Nairobi,Q3,3.8,8,164561.0,Secondary,8873.0,9550.0,83.8,1.2,0.0,15.41,6.64,4,3.3,1977442.0
107,Hospitality,Other,Q1,4.4,9,307339.0,Postgraduate,110580.0,114724.0,39.3,64.2,448546.0,12.72,6.91,3,2.7,1224392.0
108,Retail,Nairobi,Q4,9.6,7,161547.0,Tertiary,9768.0,11086.0,80.8,15.3,0.0,15.54,7.33,3,4.3,2167637.0
109,Retail,Mombasa,Q3,6.9,11,208315.0,Tertiary,24986.0,22261.0,72.3,83.9,118954.0,14.33,6.3,8,3.8,3545506.0
110,Technology,Mombasa,Q3,6.7,13,416417.0,Tertiary,30808.0,33095.0,,42.9,0.0,12.52,6.56,5,3.6,4490515.0
111,Hospitality,Nairobi,Q4,12.5,5,181193.0,Secondary,31658.0,30063.0,33.4,32.2,154939.0,9.26,7.48,7,4.5,3079969.0
112,Retail,Eldoret,Q2,15.4,11,260445.0,Secondary,51247.0,55412.0,33.5,100.0,0.0,18.53,7.26,8,5.0,4438784.0
113,Hospitality,Eldoret,Q2,8.6,11,339405.0,Tertiary,12990.0,13487.0,252.3,54.6,61094.0,17.89,6.96,7,2.5,1963726.0
114,Agriculture,Mombasa,Q3,4.1,9,244667.0,Primary,33180.0,30915.0,127.6,50.4,81228.0,12.92,6.36,12,5.0,2352518.0
115,Retail,Other,Q1,4.2,6,195658.0,Tertiary,41971.0,45203.0,46.4,71.5,0.0,17.68,6.87,3,3.7,3577940.0
116,Services,Nairobi,Q1,11.5,8,258447.0,Secondary,56242.0,60063.0,34.7,72.9,214442.0,12.22,6.79,5,2.6,3567855.0
117,Services,Nairobi,Q4,4.2,7,181872.0,Secondary,21082.0,21746.0,31.5,80.1,302287.0,14.52,7.12,1,4.0,2528860.0
118,Manufacturing,Kisumu,Q1,5.2,11,246864.0,Secondary,28791.0,29990.0,124.4,25.7,245604.0,13.8,6.86,9,3.6,2753092.0
119,Hospitality,Other,Q3,3.8,13,272829.0,Tertiary,26005.0,27641.0,41.4,66.8,0.0,14.61,6.22,10,4.4,1566240.0
120,Manufacturing,Nairobi,Q2,2.2,18,544895.0,Tertiary,40584.0,46439.0,36.5,48.5,0.0,17.57,6.96,8,3.8,2272226.0
121,Agriculture,Nairobi,Q1,19.3,14,301884.0,Secondary,40769.0,41782.0,35.8,34.7,0.0,14.21,7.0,5,4.0,2664408.0
122,Manufacturing,Kisumu,Q3,5.2,8,230584.0,Secondary,20417.0,23093.0,91.6,56.1,0.0,14.41,6.77,6,3.4,1983919.0
123,Retail,Other,Q4,13.7,10,334937.0,Secondary,25640.0,26845.0,55.4,15.2,0.0,17.88,7.22,7,2.9,2923447.0
124,Hospitality,Nairobi,Q2,4.2,12,308721.0,Tertiary,27057.0,31215.0,126.8,75.3,129174.0,15.7,7.05,4,4.3,5807194.0
125,Retail,Mombasa,Q1,3.3,13,346943.0,Secondary,11252.0,11602.0,191.3,48.6,402307.0,13.61,6.81,4,3.3,1728014.0
126,Agriculture,Eldoret,Q1,8.1,10,350678.0,Tertiary,34490.0,34376.0,72.4,44.5,0.0,16.27,7.07,12,4.0,1970886.0
127,Hospitality,Mombasa,Q1,10.6,15,367055.0,Secondary,33551.0,32283.0,77.1,52.0,0.0,18.68,6.73,10,4.9,4023270.0
128,Retail,Nairobi,Q4,11.0,10,223562.0,Secondary,11354.0,11891.0,53.4,51.3,537381.0,18.88,7.33,5,3.6,2481435.0
129,Retail,Nairobi,Q2,4.7,8,198525.0,Tertiary,36122.0,35636.0,70.4,80.1,0.0,11.26,7.33,5,4.3,6261523.0
130,Agriculture,Mombasa,Q2,8.7,8,305678.0,Tertiary,120710.0,140308.0,14.8,30.9,94334.0,11.42,7.04,6,3.7,3344034.0
131,Retail,Mombasa,Q1,3.6,9,353025.0,Primary,14259.0,13978.0,81.6,46.6,351350.0,18.7,6.91,7,3.4,2161110.0
132,Technology,Other,Q2,5.7,14,394518.0,Postgraduate,11253.0,11194.0,,50.2,40260.0,14.58,6.88,5,2.5,1674519.0
133,Agriculture,Nakuru,Q4,4.4,6,137445.0,Secondary,41607.0,45621.0,29.9,31.6,0.0,8.46,7.37,6,3.7,867727.0
134,Hospitality,Nakuru,Q2,3.9,10,360789.0,Secondary,20319.0,23262.0,172.5,58.5,45258.0,13.16,6.85,9,3.6,3352802.0
135,Agriculture,Other,Q3,5.9,8,158566.0,Secondary,51357.0,56928.0,44.6,39.1,410842.0,14.1,6.34,3,3.0,1754166.0
136,Retail,Mombasa,Q1,2.2,10,293068.0,Tertiary,24750.0,28084.0,146.1,24.1,330523.0,14.5,6.93,4,2.1,2342321.0
137,Technology,Mombasa,Q1,10.0,6,167205.0,Tertiary,16650.0,17375.0,,66.6,0.0,17.95,6.79,6,2.4,1645836.0
138,Agriculture,Other,Q3,3.9,11,372441.0,Primary,24451.0,25544.0,27.4,89.0,289793.0,12.53,6.45,12,5.0,1345604.0
139,Services,Nairobi,Q1,9.7,5,175308.0,Postgraduate,40761.0,49360.0,122.6,56.1,630315.0,18.49,6.69,6,,2382780.0
140,Retail,Eldoret,Q2,2.6,7,148010.0,Tertiary,39809.0,47183.0,65.1,52.7,0.0,16.41,7.07,3,2.6,2593001.0
141,Agriculture,Eldoret,Q2,3.9,11,321154.0,Postgraduate,8010.0,8868.0,86.5,52.3,0.0,11.38,7.15,2,3.2,3131270.0
142,Agriculture,Nairobi,Q1,2.2,14,338207.0,Tertiary,40680.0,46315.0,54.3,43.6,98704.0,14.48,6.95,8,3.7,2045906.0
143,Technology,Mombasa,Q3,2.1,5,133646.0,Postgraduate,27636.0,30916.0,,80.7,280349.0,17.08,6.11,7,,2382780.0
144,Agriculture,Nairobi,Q4,2.9,10,302905.0,Tertiary,29312.0,27950.0,18.2,57.1,0.0,15.63,7.28,8,3.5,1018030.0
145,Agriculture,Nairobi,Q1,2.6,4,103092.0,Secondary,34508.0,36124.0,90.6,7.1,58750.0,16.71,6.82,8,5.0,739543.0
146,Retail,Mombasa,Q4,2.2,6,166639.0,Tertiary,11072.0,12952.0,64.1,81.4,368057.0,13.62,7.39,4,5.0,3034710.0
147,Hospitality,Nairobi,Q3,5.4,9,306541.0,Tertiary,7705.0,8535.0,77.5,76.0,198168.0,17.28,6.56,7,4.0,2012365.0
148,Agriculture,Eldoret,Q3,8.0,8,272510.0,Tertiary,8266.0,8637.0,88.0,68.2,0.0,14.22,6.54,4,3.4,909684.0
149,Hospitality,Other,Q1,8.3,8,239659.0,Tertiary,49249.0,57656.0,84.1,0.0,0.0,23.65,6.75,6,,2382780.0
150,Retail,Other,Q4,1.1,11,311372.0,Primary,48975.0,52870.0,92.9,54.9,0.0,11.28,7.32,6,2.6,1806493.0
151,Services,Nairobi,Q1,4.4,11,237044.0,Tertiary,2608.0,2896.0,17.8,74.7,195776.0,24.13,6.76,5,,2382780.0
152,Services,Nairobi,Q4,4.1,6,206493.0,Secondary,25598.0,27645.0,55.2,63.3,24803.0,12.46,7.57,3,3.8,1467060.0
153,Retail,Nairobi,Q3,12.6,7,223917.0,Postgraduate,17863.0,19529.0,27.0,59.5,0.0,19.57,6.39,3,2.7,5060572.0
154,Agriculture,Nairobi,Q2,4.5,8,227095.0,Secondary,12311.0,13530.0,8.1,74.7,0.0,18.15,7.09,3,3.2,1347690.0
155,Retail,Other,Q1,5.1,5,144099.0,Secondary,55805.0,64397.0,85.6,58.1,366699.0,12.59,6.83,7,4.2,2107118.0
156,Manufacturing,Mombasa,Q3,1.6,7,191404.0,Tertiary,63254.0,73653.0,189.1,81.5,0.0,17.42,6.73,8,2.4,3007801.0
157,Hospitality,Nairobi,Q1,2.8,14,428444.0,Tertiary,30329.0,30751.0,9.3,58.6,1087692.0,13.91,6.75,4,3.0,2472490.0
158,Manufacturing,Other,Q3,1.5,10,327223.0,Tertiary,17024.0,18359.0,91.0,56.8,273725.0,16.38,6.64,5,3.3,1348639.0
159,Services,Mombasa,Q4,5.7,7,281786.0,Postgraduate,19505.0,22464.0,51.3,74.6,499256.0,15.97,7.58,7,4.5,20260736.0
160,Services,Nairobi,Q2,12.9,5,151163.0,Secondary,10609.0,11028.0,60.0,46.2,0.0,14.38,7.09,11,5.0,3347345.0
161,Retail,Nairobi,Q1,2.9,9,348978.0,Tertiary,19261.0,18207.0,89.1,30.9,0.0,14.12,6.77,7,4.0,2527962.0
162,Technology,Nakuru,Q1,4.5,6,196554.0,Secondary,13697.0,13387.0,,55.1,269784.0,16.59,6.75,3,1.2,1205390.0
163,Retail,Eldoret,Q1,2.6,8,208883.0,Tertiary,60543.0,59504.0,54.3,68.0,149720.0,12.61,6.76,7,2.8,3084831.0
164,Retail,Nairobi,Q1,3.4,7,127713.0,Tertiary,5271.0,5341.0,44.7,75.4,0.0,12.73,6.93,7,5.0,2273681.0
165,Agriculture,Other,Q1,5.8,5,147562.0,Primary,45530.0,45089.0,82.2,75.5,357788.0,18.56,6.83,4,3.8,1827951.0
166,Hospitality,Other,Q3,16.8,10,377411.0,Tertiary,12950.0,14664.0,11.8,53.5,56792.0,16.87,6.54,6,1.6,8436196.0
167,Services,Other,Q2,12.5,8,202754.0,Tertiary,40429.0,41555.0,88.6,51.2,0.0,11.32,6.93,8,5.0,5055859.0
168,Services,Nairobi,Q4,14.9,8,220180.0,Secondary,23691.0,27266.0,51.5,42.0,0.0,12.29,7.25,6,2.6,2039194.0
169,Hospitality,Nairobi,Q4,9.8,7,204759.0,Postgraduate,46015.0,44155.0,138.0,60.5,365038.0,8.66,7.72,6,4.2,7229091.0
170,Technology,Other,Q4,4.5,13,400449.0,Tertiary,8634.0,8821.0,,18.9,148869.0,18.41,7.37,4,,2382780.0
171,Hospitality,Nairobi,Q3,4.0,8,207552.0,Secondary,16419.0,17377.0,133.9,55.5,0.0,17.7,6.38,3,5.0,6223121.0
172,Agriculture,Kisumu,Q2,2.9,13,317949.0,Tertiary,20432.0,22779.0,32.4,100.0,316335.0,12.02,7.31,5,2.6,2382861.0
173,Retail,Eldoret,Q4,0.4,7,208487.0,Secondary,27434.0,31316.0,30.5,21.9,0.0,17.58,7.44,5,3.2,1645585.0
174,Technology,Nairobi,Q1,4.4,9,220778.0,Primary,27138.0,27326.0,,58.5,0.0,21.85,6.89,4,4.5,2467848.0
175,Retail,Eldoret,Q2,13.0,5,91055.0,Tertiary,10521.0,11884.0,152.3,63.3,0.0,10.57,7.08,9,3.3,3094499.0
176,Retail,Other,Q2,12.9,9,339263.0,Secondary,8078.0,7395.0,61.7,66.1,108652.0,13.53,7.05,5,4.1,2954715.0
177,Hospitality,Eldoret,Q3,20.8,4,137383.0,Secondary,21402.0,23963.0,43.5,33.7,0.0,10.5,6.47,4,,2382780.0
178,Technology,Mombasa,Q3,6.1,6,254426.0,Tertiary,24907.0,23480.0,,66.3,0.0,18.54,6.29,4,3.8,3056074.0
179,Services,Other,Q4,1.9,9,302645.0,Primary,20520.0,22280.0,40.0,43.2,0.0,15.19,7.39,2,2.8,359527.0
180,Services,Kisumu,Q4,7.7,3,100032.0,Tertiary,5256.0,5993.0,80.7,23.6,169099.0,14.23,7.44,4,3.1,1020307.0
181,Services,Eldoret,Q2,17.0,13,357981.0,Tertiary,25704.0,28813.0,61.5,75.9,0.0,16.23,7.38,6,3.4,3979320.0
182,Services,Other,Q4,14.1,4,110746.0,Secondary,35757.0,32856.0,42.5,69.6,36903.0,13.72,7.41,7,4.2,2615401.0
183,Agriculture,Eldoret,Q1,3.7,7,223134.0,Tertiary,30292.0,30723.0,63.7,33.7,110143.0,14.21,6.45,9,4.3,2241887.0
184,Hospitality,Nairobi,Q4,2.1,8,184352.0,Primary,23057.0,25532.0,63.8,43.0,152909.0,16.38,7.39,6,3.9,1874942.0
185,Services,Nairobi,Q1,2.0,10,205439.0,Tertiary,28567.0,31569.0,104.7,42.2,177876.0,13.55,7.21,6,4.3,2647052.0
186,Manufacturing,Nairobi,Q4,3.1,6,160752.0,Primary,14115.0,15132.0,26.1,18.8,399768.0,14.0,7.53,5,2.4,2266373.0
187,Hospitality,Kisumu,Q2,3.5,9,316871.0,Postgraduate,55840.0,48797.0,47.2,71.8,0.0,15.0,6.98,5,3.9,4018581.0
188,Retail,Kisumu,Q4,4.2,9,195760.0,Secondary,17590.0,20156.0,73.2,72.6,117041.0,15.79,7.49,2,3.6,3023692.0
189,Services,Kisumu,Q1,8.4,11,231248.0,Tertiary,36539.0,42389.0,37.0,47.7,363600.0,17.43,6.69,3,4.1,2785462.0
190,Retail,Mombasa,Q2,4.1,11,348006.0,Secondary,22377.0,23789.0,56.8,54.4,0.0,17.37,6.9,4,4.3,6650648.0
191,Technology,Eldoret,Q4,5.5,12,303505.0,Secondary,47374.0,50609.0,,57.5,598293.0,10.7,7.35,5,2.9,2260843.0
192,Retail,Other,Q1,1.4,12,376384.0,Tertiary,17278.0,18837.0,50.1,60.4,0.0,20.01,6.81,7,3.6,1719682.0
193,Retail,Nairobi,Q2,2.9,8,282413.0,Tertiary,47661.0,55612.0,30.7,25.4,0.0,15.69,6.82,5,,2382780.0
194,Services,Eldoret,Q1,2.8,7,221134.0,Postgraduate,60620.0,64867.0,189.5,65.7,60056.0,14.44,6.63,5,3.9,4495723.0
195,Retail,Nakuru,Q2,1.2,7,165862.0,Primary,13209.0,13667.0,12.3,29.1,58386.0,12.61,7.1,12,3.6,1399775.0
196,Retail,Kisumu,Q2,4.1,7,265369.0,Primary,44283.0,47849.0,41.7,70.0,244053.0,21.87,7.04,5,2.7,1310887.0
197,Agriculture,Nairobi,Q3,1.4,9,301679.0,Secondary,69621.0,73041.0,63.1,31.6,0.0,23.05,6.56,1,4.1,2372273.0
198,Services,Eldoret,Q2,3.8,9,258331.0,Secondary,31985.0,33585.0,62.7,26.4,737861.0,21.47,6.92,11,2.6,1638780.0
199,Retail,Other,Q1,5.8,12,335979.0,Postgraduate,53431.0,48554.0,125.4,54.4,0.0,15.89,6.91,4,3.6,5426694.0
200,Hospitality,Eldoret,Q1,13.2,10,310001.0,Postgraduate,61527.0,67176.0,25.9,53.9,0.0,16.6,6.62,0,,2382780.0
201,Services,Other,Q4,2.7,13,308557.0,Postgraduate,48641.0,55631.0,18.7,57.3,0.0,20.27,7.65,10,4.0,1484467.0
202,Technology,Other,Q4,5.7,6,110595.0,Secondary,14395.0,16290.0,,35.4,0.0,14.73,7.14,5,3.2,1582803.0
203,Agriculture,Mombasa,Q1,3.2,12,421996.0,Tertiary,35082.0,39505.0,63.1,59.5,161590.0,17.23,6.64,6,3.4,1724378.0
204,Retail,Nakuru,Q1,1.3,10,324980.0,Tertiary,38112.0,39856.0,52.3,61.5,0.0,16.23,6.86,10,3.0,1864279.0
205,Retail,Mombasa,Q1,13.3,10,142528.0,Secondary,4564.0,4845.0,110.0,80.6,0.0,21.64,7.05,5,,2382780.0
206,Retail,Other,Q4,6.0,7,210970.0,Tertiary,23756.0,27208.0,28.4,59.1,0.0,20.1,7.45,4,3.9,3027184.0
207,Retail,Nairobi,Q3,7.4,10,394884.0,Secondary,28687.0,32112.0,42.9,41.8,0.0,15.06,6.58,3,3.4,3409677.0
208,Manufacturing,Mombasa,Q4,14.7,9,189244.0,Secondary,36204.0,42319.0,87.9,25.4,341335.0,20.38,7.4,2,3.4,4432666.0
209,Retail,Other,Q2,3.8,14,411103.0,Postgraduate,11464.0,11420.0,63.8,21.3,0.0,15.49,6.95,5,3.8,1791406.0
210,Agriculture,Nairobi,Q3,1.8,12,308954.0,Secondary,22372.0,22276.0,126.9,62.1,0.0,13.75,6.43,4,4.5,3313091.0
211,Manufacturing,Eldoret,Q1,2.7,6,222624.0,Postgraduate,30288.0,30997.0,63.9,72.5,0.0,14.59,6.62,7,4.3,3013027.0
212,Agriculture,Mombasa,Q3,1.7,6,202094.0,Secondary,19010.0,18527.0,25.6,35.4,0.0,15.97,6.31,3,2.7,942855.0
213,Retail,Other,Q3,11.0,5,124072.0,Primary,4450.0,4202.0,117.9,60.6,236679.0,12.99,6.56,9,4.3,894938.0
214,Services,Other,Q2,17.4,9,267908.0,Secondary,57570.0,62607.0,110.2,51.2,0.0,13.84,6.93,5,4.8,2423792.0
215,Manufacturing,Nairobi,Q3,5.8,12,488041.0,Secondary,85888.0,92934.0,80.7,70.8,331177.0,10.88,6.55,6,4.3,3277311.0
216,Services,Eldoret,Q3,8.5,11,238884.0,Tertiary,33201.0,35515.0,209.1,74.1,380283.0,12.87,6.3,7,1.8,2851121.0
217,Retail,Nairobi,Q2,10.0,12,319922.0,Secondary,33636.0,36270.0,65.8,5.1,40001.0,16.25,7.14,7,,2382780.0
218,Retail,Kisumu,Q1,15.3,9,287113.0,Tertiary,25068.0,23386.0,68.9,77.7,180209.0,18.83,6.73,4,4.8,6469721.0
219,Technology,Nakuru,Q1,16.9,10,249772.0,Postgraduate,8180.0,8274.0,,60.5,0.0,18.42,7.01,4,3.3,3235528.0
220,Hospitality,Other,Q4,0.9,10,373231.0,Secondary,5895.0,6051.0,75.4,43.3,229269.0,16.88,7.45,7,5.0,660997.0
221,Hospitality,Nairobi,Q2,3.3,7,170902.0,Secondary,54669.0,57614.0,68.4,43.9,0.0,10.61,7.29,5,2.0,1861474.0
222,Agriculture,Nairobi,Q2,5.3,13,279430.0,Tertiary,79881.0,74546.0,18.3,55.7,0.0,12.74,6.99,2,3.8,1589173.0
223,Manufacturing,Nakuru,Q3,3.0,4,112801.0,Tertiary,35490.0,34630.0,23.5,43.9,0.0,14.87,6.51,4,4.3,1328412.0
224,Technology,Kisumu,Q2,4.3,5,168765.0,Tertiary,18826.0,19110.0,,34.4,278756.0,18.58,6.95,12,,2382780.0
225,Hospitality,Mombasa,Q2,7.1,11,275226.0,Secondary,22364.0,25375.0,50.7,39.4,0.0,13.72,7.04,9,3.8,1724949.0
226,Technology,Nairobi,Q3,7.0,6,194723.0,Tertiary,39095.0,41869.0,,32.1,0.0,11.6,6.46,3,2.9,4927994.0
227,Retail,Nairobi,Q3,9.8,8,278796.0,Tertiary,52790.0,59743.0,168.6,84.6,0.0,20.13,6.39,4,3.2,6094207.0
228,Agriculture,Other,Q3,5.4,19,388231.0,Secondary,25416.0,26437.0,140.5,56.2,195182.0,13.15,6.32,5,4.2,2041438.0
229,Manufacturing,Nairobi,Q1,0.5,12,282441.0,Secondary,20117.0,21125.0,144.1,100.0,0.0,11.89,6.59,5,2.0,5573605.0
230,Retail,Mombasa,Q2,4.1,11,361379.0,Postgraduate,11303.0,12320.0,34.2,63.2,142693.0,16.23,6.75,3,4.4,2014258.0
231,Retail,Other,Q2,6.6,10,306613.0,Secondary,17191.0,17807.0,63.8,68.0,148188.0,15.34,6.94,7,3.6,1712070.0
232,Hospitality,Nairobi,Q3,10.3,8,187948.0,Secondary,37462.0,37463.0,31.1,31.6,195936.0,13.9,6.59,6,4.1,4143286.0
233,Technology,Eldoret,Q1,9.3,8,219656.0,Secondary,31701.0,29508.0,,50.2,0.0,15.5,6.56,4,4.4,1624260.0
234,Agriculture,Nairobi,Q1,4.9,6,156742.0,Tertiary,29824.0,29888.0,51.1,56.6,361691.0,12.54,6.59,9,5.0,3401237.0
235,Technology,Other,Q4,3.2,8,233245.0,Tertiary,11678.0,13043.0,,41.0,663998.0,13.86,7.67,6,4.8,1624310.0
236,Services,Eldoret,Q3,5.1,9,259981.0,Secondary,21504.0,24748.0,84.9,44.8,0.0,15.38,6.4,7,2.7,2085692.0
237,Agriculture,Other,Q4,1.1,8,199660.0,Tertiary,44685.0,44155.0,39.3,64.2,431690.0,8.99,7.45,7,,2382780.0
238,Services,Nairobi,Q2,3.4,9,261222.0,Tertiary,66049.0,60190.0,59.7,64.7,241348.0,18.56,7.2,6,1.5,2904676.0
239,Retail,Kisumu,Q4,11.5,8,215042.0,Secondary,43170.0,48529.0,45.0,25.6,0.0,11.11,7.5,6,3.3,2762903.0
240,Retail,Eldoret,Q2,5.1,7,215281.0,Postgraduate,52655.0,55579.0,91.7,61.2,0.0,12.5,6.87,5,3.8,1614248.0
241,Services,Nairobi,Q3,6.8,9,285455.0,Secondary,4589.0,4323.0,70.0,67.2,0.0,18.7,6.47,3,3.4,2584924.0
242,Services,Nairobi,Q1,1.6,8,345707.0,Secondary,58787.0,47097.0,63.3,42.0,0.0,17.32,6.56,2,,2382780.0
243,Retail,Nairobi,Q4,10.2,9,231424.0,Postgraduate,35144.0,34192.0,137.7,39.8,276481.0,15.78,7.77,11,3.6,3878534.0
244,Agriculture,Other,Q2,4.7,12,341927.0,Tertiary,30035.0,30424.0,47.1,64.7,113189.0,10.03,6.86,3,4.7,1818237.0
245,Manufacturing,Nakuru,Q4,6.7,8,197295.0,Secondary,32241.0,30883.0,81.8,0.0,73555.0,13.56,7.24,8,3.3,2519566.0
246,Services,Nakuru,Q2,7.7,10,214560.0,Tertiary,74599.0,82459.0,48.2,55.0,0.0,14.81,6.94,8,3.6,2008686.0
247,Manufacturing,Eldoret,Q4,10.0,9,208209.0,Tertiary,18241.0,17967.0,233.8,91.0,126902.0,15.04,7.18,11,5.0,4701940.0
248,Hospitality,Kisumu,Q2,6.0,9,295411.0,Secondary,32264.0,33909.0,120.5,0.0,174269.0,19.15,7.3,2,4.5,1465258.0
249,Hospitality,Mombasa,Q1,4.8,9,273419.0,Tertiary,23514.0,29155.0,163.1,73.1,0.0,21.88,7.16,7,3.6,1378258.0
250,Hospitality,Mombasa,Q1,2.0,9,273062.0,Tertiary,12247.0,12975.0,68.9,67.0,0.0,17.47,6.73,4,4.1,1918807.0
251,Manufacturing,Nakuru,Q3,1.5,10,263289.0,Secondary,6830.0,7109.0,123.4,23.4,1267817.0,13.79,6.3,8,5.0,2444654.0
252,Services,Nairobi,Q1,5.9,15,350049.0,Tertiary,12075.0,12589.0,29.0,66.5,0.0,19.39,6.46,7,2.6,2025605.0
253,Hospitality,Other,Q2,6.7,7,159528.0,Secondary,14837.0,16373.0,25.6,77.0,0.0,13.61,7.06,3,2.8,1460886.0
254,Retail,Other,Q3,7.5,10,248946.0,Primary,24308.0,26583.0,55.6,29.1,0.0,8.0,6.45,11,3.2,1460456.0
255,Retail,Nairobi,Q2,2.7,6,122558.0,Postgraduate,52655.0,51061.0,77.4,39.4,283636.0,11.5,7.0,2,3.9,2211666.0
256,Services,Kisumu,Q1,3.4,13,473367.0,Tertiary,12107.0,12315.0,131.0,55.6,312804.0,8.0,6.83,4,4.5,3481880.0
257,Services,Nairobi,Q3,5.8,8,302000.0,Tertiary,14619.0,14569.0,65.5,76.5,199115.0,14.27,6.56,7,3.1,2231590.0
258,Retail,Other,Q3,3.8,5,84347.0,Tertiary,73579.0,75594.0,55.2,43.1,170883.0,14.93,6.55,1,2.9,1842844.0
259,Retail,Other,Q3,21.9,6,172279.0,Tertiary,18705.0,22374.0,102.5,54.1,504598.0,10.4,6.45,5,2.7,1876562.0
260,Agriculture,Other,Q4,3.4,13,364570.0,Secondary,16130.0,17733.0,157.9,40.4,71686.0,12.77,7.23,6,2.9,1455644.0
261,Retail,Nairobi,Q1,7.0,13,393115.0,Postgraduate,16630.0,17355.0,106.6,55.5,594380.0,10.94,6.9,7,3.2,4881963.0
262,Services,Nairobi,Q2,9.2,8,204704.0,Tertiary,28331.0,32568.0,85.3,78.0,253268.0,15.09,7.1,3,2.0,3716721.0
263,Hospitality,Nairobi,Q1,9.5,13,457206.0,Tertiary,24517.0,26112.0,122.8,57.3,43529.0,12.77,6.93,3,3.3,5652801.0
264,Retail,Nairobi,Q4,3.7,8,241178.0,Tertiary,15202.0,13970.0,117.3,47.1,30228.0,18.73,7.52,6,2.9,2991069.0
265,Technology,Nairobi,Q3,7.7,4,123551.0,Secondary,19551.0,23131.0,,54.3,114966.0,16.04,6.29,8,3.6,2379826.0
266,Retail,Nairobi,Q1,7.1,8,202572.0,Primary,45639.0,47350.0,119.0,37.4,135098.0,20.64,6.58,7,5.0,4692999.0
267,Hospitality,Other,Q3,7.9,6,106650.0,Secondary,31051.0,27000.0,78.8,33.1,32361.0,14.04,6.39,3,,2382780.0
268,Retail,Nairobi,Q1,5.8,9,283557.0,Secondary,61978.0,57145.0,176.5,81.5,0.0,22.36,6.64,7,4.5,5262448.0
269,Retail,Nairobi,Q2,9.2,13,319372.0,Tertiary,21147.0,24113.0,26.1,91.0,388156.0,15.51,7.21,5,5.0,5095378.0
270,Retail,Other,Q3,6.2,7,242089.0,Postgraduate,45521.0,42031.0,94.2,15.6,0.0,13.81,6.55,5,4.5,4130706.0
271,Retail,Kisumu,Q3,1.8,12,185546.0,Secondary,46607.0,53968.0,41.3,67.8,465736.0,23.21,6.66,10,4.0,2499438.0
272,Retail,Eldoret,Q4,6.1,11,282331.0,Secondary,14450.0,15266.0,74.1,73.9,146656.0,9.65,7.46,6,4.8,1786312.0
273,Retail,Nakuru,Q3,6.6,7,171817.0,Tertiary,34014.0,37657.0,27.5,28.3,302121.0,13.73,6.53,8,4.2,2309350.0
274,Agriculture,Other,Q4,8.8,7,203435.0,Secondary,26893.0,27685.0,50.1,44.6,462055.0,10.17,7.58,4,4.6,1270882.0
275,Manufacturing,Nakuru,Q3,5.9,10,283201.0,Postgraduate,4879.0,5328.0,54.5,42.3,0.0,9.62,6.57,6,3.8,3129476.0
276,Hospitality,Kisumu,Q1,15.5,13,375779.0,Secondary,7199.0,7741.0,87.5,96.8,0.0,8.89,6.81,8,2.9,4456363.0
277,Hospitality,Nakuru,Q1,4.9,11,344488.0,Secondary,29116.0,30482.0,47.3,91.4,611673.0,17.47,7.02,14,4.6,1961936.0
278,Agriculture,Mombasa,Q4,3.6,4,141445.0,Secondary,5318.0,5131.0,57.5,34.7,161482.0,11.25,7.42,9,5.0,911629.0
279,Services,Nairobi,Q1,12.5,10,261929.0,Postgraduate,4123.0,4448.0,105.2,22.9,0.0,14.68,6.75,3,3.4,3276913.0
280,Services,Mombasa,Q2,4.8,9,373742.0,Secondary,26418.0,23899.0,132.8,72.0,0.0,18.35,6.97,2,,2382780.0
281,Retail,Nairobi,Q1,5.5,9,344409.0,Tertiary,2324.0,2613.0,53.0,67.0,252112.0,16.98,6.91,8,3.8,1680361.0
282,Retail,Eldoret,Q2,6.6,14,380040.0,Secondary,10499.0,11189.0,144.9,82.4,243471.0,16.82,7.29,8,2.5,1893243.0
283,Retail,Nairobi,Q3,6.3,6,171374.0,Secondary,26330.0,28624.0,101.0,31.7,36085.0,19.38,6.49,6,3.0,2918169.0
284,Retail,Nairobi,Q1,7.9,9,250607.0,Postgraduate,23105.0,19423.0,143.8,70.9,511557.0,20.65,7.0,6,3.9,2464333.0
285,Agriculture,Nairobi,Q2,8.4,7,214514.0,Secondary,23095.0,22170.0,71.2,38.9,301385.0,11.49,6.8,4,3.6,1934445.0
286,Hospitality,Other,Q4,3.3,11,238279.0,Primary,38616.0,38985.0,56.8,68.7,19165.0,17.05,7.39,6,3.7,3831104.0
287,Retail,Nairobi,Q1,2.1,12,281208.0,Tertiary,50147.0,55357.0,64.5,54.2,0.0,14.63,6.79,7,3.7,6714304.0
288,Hospitality,Nakuru,Q1,2.3,7,103191.0,Postgraduate,53651.0,52287.0,86.1,96.8,132513.0,15.03,6.69,5,3.6,3882950.0
289,Agriculture,Other,Q2,11.7,7,201856.0,Secondary,77857.0,97620.0,70.2,64.8,237083.0,10.66,7.46,1,3.1,2280647.0
290,Retail,Nairobi,Q4,4.5,11,368200.0,Secondary,2693.0,2771.0,71.5,48.1,77589.0,13.8,7.39,7,4.0,2927395.0
291,Services,Eldoret,Q2,9.1,3,83225.0,Postgraduate,13616.0,13190.0,100.5,58.0,0.0,14.15,7.04,10,4.0,1622561.0
292,Retail,Nairobi,Q3,8.6,11,279016.0,Tertiary,9880.0,10226.0,47.7,52.8,206319.0,20.08,6.5,7,3.0,1097094.0
293,Technology,Nairobi,Q1,5.5,9,268794.0,Postgraduate,79477.0,77404.0,,29.6,138984.0,11.8,6.5,6,4.0,2875394.0
294,Retail,Nakuru,Q3,2.7,8,173368.0,Tertiary,26750.0,25553.0,27.2,97.3,482401.0,8.0,6.39,6,3.2,1947133.0
295,Services,Other,Q1,8.7,9,261925.0,Tertiary,23987.0,27126.0,66.9,90.2,63665.0,15.48,6.95,6,,2382780.0
296,Technology,Nairobi,Q3,5.4,9,310607.0,Secondary,17862.0,19488.0,,51.1,535297.0,11.48,6.41,4,3.7,3163323.0
297,Technology,Kisumu,Q1,2.0,11,351488.0,Secondary,17095.0,18656.0,,70.4,187776.0,15.05,6.68,6,4.0,3614463.0
298,Services,Nairobi,Q4,3.8,9,325207.0,Tertiary,17010.0,19598.0,31.6,100.0,408494.0,17.61,7.6,6,3.8,2971814.0
299,Services,Kisumu,Q2,1.4,9,319201.0,Tertiary,18211.0,19830.0,46.0,82.2,283478.0,15.18,7.3,3,3.7,1496438.0
300,Manufacturing,Nakuru,Q1,3.9,13,396054.0,Postgraduate,16795.0,16200.0,87.5,48.2,176240.0,14.12,6.88,6,4.0,2862921.0
301,Services,Kisumu,Q2,5.7,8,181911.0,Tertiary,67437.0,74632.0,36.5,53.1,35697.0,15.0,7.03,3,4.4,3532255.0
302,Retail,Nakuru,Q1,5.0,17,447572.0,Secondary,97260.0,93357.0,17.3,17.2,250629.0,18.21,6.76,10,3.8,2273604.0
303,Agriculture,Nairobi,Q1,4.6,10,399013.0,Tertiary,93474.0,94573.0,95.1,72.0,0.0,11.81,6.68,6,3.8,2817320.0
304,Agriculture,Nakuru,Q3,5.7,14,423786.0,Tertiary,4655.0,4870.0,201.3,82.3,0.0,17.83,6.35,4,3.4,2548646.0
305,Services,Nakuru,Q2,7.6,9,254768.0,Tertiary,15031.0,15606.0,44.2,82.5,0.0,12.29,6.94,9,2.2,1370487.0
306,Agriculture,Nakuru,Q2,9.6,10,244816.0,Tertiary,3510.0,3183.0,28.8,70.4,346249.0,17.43,7.01,4,3.7,1272137.0
307,Hospitality,Nairobi,Q4,10.4,6,152579.0,Tertiary,95699.0,93076.0,174.5,62.8,0.0,10.56,7.24,11,2.7,4415010.0
308,Manufacturing,Mombasa,Q1,3.0,11,344792.0,Primary,33281.0,34886.0,15.7,33.0,0.0,17.24,6.57,5,3.2,1629041.0
309,Retail,Mombasa,Q2,11.1,9,239187.0,Tertiary,44680.0,44731.0,91.8,62.0,118552.0,15.17,7.13,5,3.0,3285579.0
310,Retail,Nairobi,Q1,5.4,7,172366.0,Tertiary,22534.0,25691.0,41.2,41.1,0.0,15.81,6.84,3,3.1,2527722.0
311,Agriculture,Nairobi,Q2,4.2,5,139567.0,Postgraduate,24066.0,27767.0,198.4,66.6,265578.0,18.57,7.36,9,3.2,2229943.0
312,Hospitality,Mombasa,Q2,2.4,10,346452.0,Tertiary,57577.0,55295.0,60.7,38.2,0.0,12.87,7.0,5,4.1,1856144.0
313,Retail,Eldoret,Q1,0.4,14,450367.0,Tertiary,26556.0,28011.0,46.3,66.4,96293.0,15.42,6.84,4,,2382780.0
314,Hospitality,Nairobi,Q1,7.2,8,257925.0,Tertiary,27393.0,32232.0,5.5,84.1,0.0,16.47,6.85,8,3.8,1926804.0
315,Hospitality,Other,Q4,7.0,6,180789.0,Tertiary,42073.0,43725.0,109.5,63.3,0.0,14.54,7.36,4,4.7,3983762.0
316,Hospitality,Kisumu,Q1,3.5,9,191715.0,Primary,38581.0,39254.0,105.5,62.2,421300.0,17.79,6.91,5,5.0,2134204.0
317,Hospitality,Eldoret,Q4,3.6,12,360068.0,Postgraduate,25869.0,28943.0,140.8,75.1,0.0,16.56,7.52,8,4.1,3230316.0
318,Manufacturing,Mombasa,Q4,4.8,8,259701.0,Postgraduate,17501.0,17992.0,78.6,93.9,288074.0,13.64,7.45,3,4.4,5264096.0
319,Hospitality,Mombasa,Q2,4.1,10,258208.0,Tertiary,16433.0,18926.0,56.7,52.6,0.0,19.53,7.06,7,3.9,1920085.0
320,Technology,Kisumu,Q2,2.9,8,275720.0,Tertiary,54218.0,54349.0,,66.5,264381.0,17.3,7.05,4,,2382780.0
321,Technology,Other,Q4,2.2,6,199657.0,Primary,27839.0,28174.0,,88.2,663102.0,12.8,7.19,7,2.4,1535878.0
322,Agriculture,Mombasa,Q4,11.2,5,175390.0,Tertiary,13358.0,14870.0,25.6,69.7,57984.0,12.77,7.28,5,1.5,1006611.0
323,Hospitality,Kisumu,Q1,3.8,12,375256.0,Tertiary,48227.0,51026.0,90.1,10.9,0.0,14.8,6.71,6,2.0,1166149.0
324,Agriculture,Kisumu,Q4,7.0,3,102385.0,Tertiary,25506.0,27002.0,118.6,39.3,0.0,16.93,7.23,5,3.2,1814513.0
325,Services,Eldoret,Q4,8.0,8,150519.0,Primary,4458.0,4000.0,21.6,71.5,16860.0,8.42,7.47,5,4.8,1718583.0
326,Manufacturing,Nairobi,Q1,7.2,10,281087.0,Tertiary,14054.0,14359.0,75.1,46.2,149500.0,12.94,6.98,6,3.9,3030917.0
327,Services,Kisumu,Q1,8.2,9,288850.0,Secondary,25571.0,28617.0,109.8,86.7,777790.0,13.65,6.66,4,3.4,2522660.0
328,Agriculture,Mombasa,Q3,7.2,10,291705.0,Tertiary,5620.0,5549.0,47.5,95.9,0.0,10.9,6.54,3,4.2,1987925.0
329,Manufacturing,Other,Q1,3.3,9,317122.0,Tertiary,32100.0,35504.0,173.2,42.0,717625.0,12.23,6.64,6,4.0,5177747.0
330,Hospitality,Mombasa,Q3,4.3,7,193469.0,Secondary,36240.0,38829.0,44.2,32.3,151808.0,15.94,6.45,6,,2382780.0
331,Services,Mombasa,Q1,11.0,9,209383.0,Tertiary,51267.0,53011.0,44.2,47.1,0.0,13.94,6.7,9,4.1,2638393.0
332,Retail,Other,Q3,3.7,11,210693.0,Tertiary,29783.0,34507.0,50.7,45.8,0.0,14.19,6.59,5,4.4,1864443.0
333,Manufacturing,Mombasa,Q1,5.4,6,143647.0,Tertiary,14728.0,15064.0,35.0,88.8,92185.0,11.09,6.7,6,5.0,4230678.0
334,Services,Nairobi,Q1,7.6,8,246042.0,Primary,4624.0,4755.0,44.2,32.2,122954.0,14.82,6.95,8,3.6,1338335.0
335,Retail,Nairobi,Q1,13.6,12,413250.0,Tertiary,4393.0,4538.0,73.6,71.3,0.0,10.69,6.76,6,5.0,4083835.0
336,Manufacturing,Nairobi,Q1,10.4,13,262604.0,Secondary,22124.0,23373.0,38.3,85.5,14159.0,20.17,6.7,10,3.4,4037241.0
337,Retail,Nairobi,Q3,2.6,5,172132.0,Tertiary,22112.0,24574.0,95.6,73.0,193891.0,21.08,6.31,2,,2382780.0
338,Services,Mombasa,Q1,6.9,11,267677.0,Tertiary,5400.0,5034.0,23.3,64.6,0.0,13.99,6.84,8,,2382780.0
339,Retail,Eldoret,Q4,6.3,5,133365.0,Primary,31501.0,35264.0,38.7,51.4,375537.0,11.91,7.53,7,4.2,1409092.0
340,Technology,Eldoret,Q3,4.3,13,287638.0,Tertiary,17729.0,18712.0,,95.7,23623.0,18.23,6.54,6,3.9,2309671.0
341,Retail,Nairobi,Q2,5.5,10,311940.0,Tertiary,10748.0,11762.0,43.3,49.6,196201.0,17.4,7.44,8,4.9,3148813.0
342,Technology,Kisumu,Q4,3.3,10,260243.0,Tertiary,8192.0,10169.0,,75.9,0.0,21.5,7.61,7,4.8,3535302.0
343,Services,Nairobi,Q3,4.8,9,276612.0,Primary,67852.0,68467.0,69.9,51.5,0.0,22.35,6.45,8,2.9,2461711.0
344,Agriculture,Other,Q3,3.7,7,281954.0,Secondary,3842.0,3658.0,33.1,14.5,92265.0,9.01,6.45,10,3.4,1629422.0
345,Services,Nairobi,Q1,5.8,8,237495.0,Tertiary,80490.0,85763.0,40.7,49.1,0.0,19.21,6.87,3,5.0,3377616.0
346,Services,Nakuru,Q3,4.2,7,176766.0,Secondary,11341.0,12228.0,83.6,51.6,0.0,14.79,6.37,6,3.8,1593605.0
347,Technology,Nairobi,Q3,14.3,13,376804.0,Tertiary,85591.0,95839.0,,51.8,0.0,17.26,6.67,4,4.4,8202067.0
348,Retail,Nakuru,Q4,5.9,10,413737.0,Primary,4902.0,4936.0,41.9,40.5,15904.0,17.99,7.45,11,2.8,2530663.0
349,Agriculture,Mombasa,Q2,5.2,9,263140.0,Secondary,33673.0,33120.0,40.6,68.8,395032.0,17.85,7.14,4,,2382780.0
350,Retail,Eldoret,Q3,4.6,6,215366.0,Tertiary,59184.0,54885.0,139.6,71.2,0.0,18.7,6.6,7,3.1,3475891.0
351,Manufacturing,Nairobi,Q2,4.2,4,72001.0,Secondary,60088.0,56519.0,123.6,48.3,220497.0,13.71,7.36,4,4.4,4660270.0
352,Retail,Other,Q1,2.0,15,489639.0,Tertiary,33545.0,34106.0,74.3,48.1,166219.0,12.45,6.83,5,4.3,1759984.0
353,Agriculture,Kisumu,Q1,9.1,7,176979.0,Primary,30109.0,31334.0,60.0,31.9,0.0,19.3,6.78,10,4.7,1867645.0
354,Agriculture,Eldoret,Q4,12.5,9,235991.0,Tertiary,6302.0,7658.0,71.8,60.6,0.0,12.71,7.63,13,2.8,1723215.0
355,Agriculture,Other,Q3,3.7,8,212254.0,Secondary,48443.0,44305.0,87.2,85.3,97768.0,21.46,6.65,4,4.1,1216166.0
356,Agriculture,Other,Q2,11.0,9,234736.0,Tertiary,55232.0,59476.0,87.6,85.3,89871.0,13.05,7.05,7,3.7,2781883.0
357,Services,Nairobi,Q3,21.8,12,291671.0,Tertiary,26004.0,25794.0,43.8,41.8,0.0,14.28,6.5,6,1.7,4847250.0
358,Services,Nairobi,Q1,17.0,6,185569.0,Secondary,29295.0,31283.0,52.9,98.8,200447.0,14.89,6.83,4,4.1,5894417.0
359,Agriculture,Nairobi,Q1,12.2,10,280250.0,Tertiary,129172.0,129913.0,49.5,47.0,44315.0,10.57,6.85,7,4.7,5141787.0
360,Agriculture,Nairobi,Q3,2.2,3,102264.0,Secondary,6990.0,7919.0,78.1,32.6,204243.0,10.58,6.3,11,5.0,1126880.0
361,Technology,Kisumu,Q3,2.2,12,366666.0,Tertiary,34265.0,38800.0,,25.0,77599.0,18.42,6.27,4,3.7,4658104.0
362,Retail,Other,Q4,8.2,9,261132.0,Primary,47595.0,49544.0,66.7,31.3,128673.0,10.0,7.27,5,4.4,2400791.0
363,Retail,Other,Q4,5.4,7,246221.0,Tertiary,4282.0,4989.0,70.6,62.3,0.0,23.56,7.26,5,4.1,2184969.0
364,Retail,Kisumu,Q2,0.9,6,188851.0,Secondary,4776.0,5305.0,38.3,49.3,260160.0,15.2,7.0,6,3.1,1356818.0
365,Manufacturing,Nakuru,Q4,4.0,12,323654.0,Postgraduate,13326.0,15476.0,20.7,41.1,278942.0,12.21,7.5,6,3.0,3712873.0
366,Hospitality,Other,Q2,8.0,5,78086.0,Tertiary,14325.0,14991.0,51.9,36.4,177089.0,16.84,7.07,4,3.7,1037851.0
367,Services,Other,Q4,4.8,9,278953.0,Tertiary,12476.0,14050.0,98.1,31.1,142674.0,8.0,7.43,2,3.5,1613880.0
368,Manufacturing,Nairobi,Q1,5.4,7,168864.0,Secondary,14795.0,14625.0,38.9,35.4,126906.0,14.43,6.62,5,3.8,2326930.0
369,Hospitality,Kisumu,Q1,2.2,7,187425.0,Secondary,15155.0,14858.0,17.5,77.3,0.0,14.84,6.73,7,3.4,1214038.0
370,Services,Other,Q1,4.0,8,235020.0,Secondary,25695.0,31461.0,89.5,94.7,0.0,11.45,6.89,5,3.9,2269790.0
371,Services,Nairobi,Q4,8.2,6,208444.0,Postgraduate,11034.0,10627.0,84.0,96.0,92432.0,13.48,7.49,2,2.8,2947711.0
372,Retail,Mombasa,Q1,3.8,12,513095.0,Tertiary,20105.0,20409.0,45.0,70.1,227485.0,20.38,6.69,4,4.9,1911896.0
373,Hospitality,Other,Q4,11.5,12,261007.0,Secondary,24687.0,22173.0,41.5,44.2,54633.0,16.09,7.42,5,2.2,1579068.0
374,Hospitality,Other,Q3,5.5,11,235493.0,Tertiary,17850.0,17535.0,54.6,40.3,387501.0,16.78,6.83,6,3.6,1408208.0
375,Retail,Other,Q1,7.2,7,198867.0,Tertiary,34211.0,33200.0,47.1,71.6,233414.0,12.98,6.8,1,3.5,2994497.0
376,Retail,Eldoret,Q4,8.1,8,241605.0,Primary,65225.0,64989.0,155.3,49.6,297845.0,11.27,7.3,6,3.6,1627960.0
377,Technology,Nairobi,Q1,7.9,7,147431.0,Tertiary,6719.0,7216.0,,64.1,52022.0,14.73,6.77,10,3.0,1836852.0
378,Hospitality,Nairobi,Q1,2.5,8,236968.0,Secondary,10212.0,11165.0,80.5,97.5,310580.0,8.0,6.81,7,2.5,1756405.0
379,Hospitality,Kisumu,Q3,2.9,13,432953.0,Secondary,43171.0,41852.0,58.8,59.8,0.0,11.99,6.48,7,3.9,3237959.0
380,Services,Kisumu,Q2,0.8,4,82814.0,Tertiary,31048.0,30639.0,82.1,100.0,112687.0,11.49,7.1,5,3.5,1650493.0
381,Agriculture,Kisumu,Q2,4.3,11,235849.0,Secondary,45637.0,51875.0,45.9,30.2,0.0,8.98,6.88,9,4.0,2898795.0
382,Technology,Nakuru,Q1,2.7,13,339248.0,Postgraduate,41152.0,48824.0,,64.8,230161.0,17.58,6.66,4,2.4,2128046.0
383,Services,Mombasa,Q3,3.7,5,129376.0,Tertiary,14656.0,16861.0,66.5,61.9,0.0,15.08,6.48,6,,2382780.0
384,Agriculture,Eldoret,Q1,4.6,7,199618.0,Tertiary,68682.0,63070.0,41.0,33.4,0.0,13.52,6.78,4,3.6,2550367.0
385,Hospitality,Nairobi,Q1,6.0,8,188969.0,Tertiary,69840.0,79977.0,51.9,72.6,0.0,17.65,6.72,8,1.3,1652118.0
386,Technology,Nairobi,Q3,4.9,7,182308.0,Postgraduate,10528.0,12616.0,,88.7,0.0,10.24,6.47,6,3.9,2729968.0
387,Manufacturing,Nairobi,Q2,4.8,6,256275.0,Secondary,62361.0,57018.0,126.1,100.0,394054.0,11.2,7.11,9,3.3,4918038.0
388,Technology,Nairobi,Q3,6.8,4,98908.0,Tertiary,66927.0,76071.0,,64.0,497104.0,19.08,6.63,2,2.8,2739282.0
389,Retail,Other,Q1,5.3,14,302760.0,Tertiary,83805.0,89506.0,91.4,13.2,0.0,22.8,6.79,8,4.7,1522535.0
390,Services,Mombasa,Q3,9.5,4,123255.0,Postgraduate,41765.0,42761.0,78.1,65.5,48755.0,17.69,6.56,5,4.4,4052483.0
391,Manufacturing,Nairobi,Q4,5.3,8,272634.0,Secondary,19136.0,20256.0,35.6,71.3,0.0,17.01,7.32,6,4.0,3341619.0
392,Retail,Eldoret,Q2,13.7,10,328448.0,Tertiary,13814.0,14995.0,117.9,49.8,0.0,13.64,7.19,11,,2382780.0
393,Agriculture,Kisumu,Q2,2.5,6,223939.0,Tertiary,19141.0,21871.0,151.4,59.7,685840.0,13.71,7.16,8,4.1,1642396.0
394,Manufacturing,Nairobi,Q3,4.2,10,307881.0,Secondary,7764.0,8839.0,50.4,44.4,0.0,16.23,6.63,9,2.4,732989.0
395,Retail,Nairobi,Q3,3.3,8,127532.0,Postgraduate,34761.0,32308.0,175.4,52.1,97379.0,19.89,6.61,1,3.9,4307438.0
396,Hospitality,Nairobi,Q1,6.2,7,226155.0,Secondary,21984.0,21943.0,124.9,77.4,351777.0,16.86,6.89,8,4.7,3978557.0
397,Services,Nakuru,Q3,2.5,9,222765.0,Secondary,6355.0,6721.0,92.0,85.6,0.0,18.57,6.49,4,4.5,1697316.0
398,Hospitality,Nairobi,Q1,1.6,15,554227.0,Tertiary,14087.0,16564.0,59.8,27.0,0.0,12.57,6.84,7,2.9,1311227.0
399,Hospitality,Nairobi,Q3,2.8,6,203581.0,Tertiary,58853.0,48954.0,28.2,43.8,377536.0,17.47,6.66,7,3.8,1880416.0
400,Hospitality,Nairobi,Q4,1.7,8,144632.0,Primary,35246.0,35286.0,155.6,20.1,528229.0,13.35,7.3,11,2.8,2608647.0
401,Hospitality,Kisumu,Q3,4.7,10,378165.0,Primary,12698.0,11781.0,26.1,95.4,0.0,15.95,6.41,4,3.8,1748443.0
402,Technology,Nairobi,Q4,6.0,6,190122.0,Secondary,82334.0,77431.0,,74.2,0.0,17.47,7.43,9,3.1,2755878.0
403,Services,Other,Q2,1.4,7,164117.0,Tertiary,31805.0,35904.0,169.9,11.0,0.0,13.8,7.16,7,3.0,1137965.0
404,Retail,Nairobi,Q4,4.1,10,273226.0,Postgraduate,8628.0,8692.0,36.0,53.6,673138.0,12.25,7.28,7,4.0,3131212.0
405,Technology,Kisumu,Q4,10.3,8,302684.0,Tertiary,19224.0,16596.0,,48.8,51934.0,16.66,7.39,6,3.1,1396315.0
406,Services,Mombasa,Q4,12.3,11,172715.0,Secondary,5904.0,6124.0,49.4,38.4,44174.0,15.07,7.39,4,3.1,2234281.0
407,Hospitality,Mombasa,Q3,8.7,7,216709.0,Tertiary,68603.0,83206.0,62.4,77.8,245625.0,15.94,6.17,3,4.0,5252315.0
408,Services,Nairobi,Q3,0.5,9,292060.0,Postgraduate,46717.0,42300.0,46.7,77.3,0.0,17.6,6.47,9,2.5,1849496.0
409,Retail,Other,Q3,5.7,9,260345.0,Tertiary,13196.0,14419.0,48.9,60.9,500308.0,19.68,6.48,7,3.4,1483051.0
410,Technology,Other,Q4,11.1,8,263415.0,Secondary,3253.0,3824.0,,40.9,39504.0,17.62,7.38,12,2.5,1561837.0
411,Manufacturing,Nairobi,Q4,3.8,10,286472.0,Secondary,46171.0,48297.0,152.3,41.1,0.0,17.2,7.61,4,2.6,4312066.0
412,Manufacturing,Nairobi,Q2,2.0,8,187938.0,Postgraduate,31031.0,37368.0,59.0,56.0,21742.0,13.9,6.92,11,4.6,4287680.0
413,Retail,Other,Q1,10.6,9,193797.0,Postgraduate,61568.0,61396.0,96.4,44.9,0.0,14.39,6.68,9,3.4,3146414.0
414,Services,Kisumu,Q1,11.6,10,300950.0,Primary,1983.0,2312.0,29.1,54.9,240612.0,16.95,6.41,5,3.1,1865241.0
415,Retail,Nairobi,Q1,5.3,15,360574.0,Tertiary,42965.0,49272.0,69.2,67.3,207196.0,14.34,6.73,3,4.4,4501678.0
416,Retail,Nairobi,Q1,2.0,9,174031.0,Primary,23963.0,25098.0,51.9,21.3,0.0,16.94,6.74,2,5.0,3706836.0
417,Retail,Nakuru,Q1,1.3,8,236362.0,Primary,106192.0,98868.0,94.6,38.3,0.0,12.89,6.72,7,3.9,1831218.0
418,Services,Eldoret,Q1,6.6,6,146816.0,Tertiary,7965.0,7725.0,27.4,54.3,0.0,21.67,6.97,6,4.5,1115739.0
419,Retail,Kisumu,Q4,3.3,9,194227.0,Tertiary,49793.0,42945.0,132.9,89.4,303279.0,16.12,7.53,7,3.3,1785449.0
420,Technology,Other,Q1,5.0,12,365402.0,Tertiary,43753.0,48021.0,,73.6,187622.0,15.91,6.81,7,3.7,1727145.0
421,Manufacturing,Mombasa,Q3,4.7,6,194755.0,Postgraduate,6242.0,6791.0,39.8,54.9,0.0,13.96,6.44,3,3.7,1901438.0
422,Retail,Nairobi,Q2,2.7,7,199894.0,Tertiary,19924.0,21046.0,168.8,63.9,0.0,21.62,7.25,5,4.0,2225793.0
423,Retail,Mombasa,Q1,1.2,9,192402.0,Primary,39469.0,41055.0,76.4,52.8,257654.0,11.49,6.8,8,4.5,1654509.0
424,Retail,Mombasa,Q3,3.8,9,276262.0,Tertiary,13252.0,15354.0,62.9,78.7,319618.0,13.25,6.38,10,2.5,2507982.0
425,Manufacturing,Nairobi,Q4,5.8,15,517515.0,Tertiary,13609.0,14614.0,27.2,64.5,896114.0,18.23,7.14,4,3.0,2524759.0
426,Services,Nairobi,Q4,6.0,5,223968.0,Tertiary,54016.0,54320.0,35.7,83.1,185811.0,16.27,7.33,5,3.3,3540510.0
427,Retail,Mombasa,Q4,3.2,6,229970.0,Postgraduate,90133.0,95701.0,28.1,25.2,0.0,13.65,7.51,4,2.9,2811458.0
428,Services,Nakuru,Q3,11.4,5,114371.0,Tertiary,50718.0,61562.0,66.5,37.3,80655.0,13.75,6.84,9,3.9,6180741.0
429,Retail,Nairobi,Q3,2.2,6,194379.0,Secondary,6816.0,7496.0,123.9,61.0,668694.0,14.57,6.51,9,3.9,1804207.0
430,Services,Mombasa,Q1,9.8,6,169275.0,Secondary,651.0,663.0,80.0,65.9,0.0,15.83,6.69,6,3.7,1509808.0
431,Technology,Nakuru,Q4,5.7,9,193483.0,Tertiary,9160.0,9585.0,,100.0,0.0,20.47,7.22,4,3.4,1569149.0
432,Services,Kisumu,Q3,3.9,8,252399.0,Postgraduate,42656.0,46370.0,64.0,15.2,0.0,17.44,6.58,8,4.8,1536970.0
433,Manufacturing,Eldoret,Q2,7.2,11,472085.0,Primary,46505.0,47264.0,107.0,54.3,0.0,18.77,6.84,8,3.9,2560619.0
434,Services,Other,Q2,4.5,16,493785.0,Secondary,18332.0,18502.0,57.0,53.3,0.0,14.11,7.18,6,3.6,1432326.0
435,Retail,Nakuru,Q3,1.6,10,246005.0,Tertiary,9018.0,9461.0,23.1,60.2,105609.0,17.15,6.62,10,3.8,1055188.0
436,Retail,Nairobi,Q1,2.1,10,286678.0,Primary,19783.0,23176.0,116.1,93.1,0.0,10.52,6.87,6,4.3,3747444.0
437,Retail,Mombasa,Q4,4.3,12,388279.0,Primary,4169.0,4641.0,31.6,74.3,207767.0,16.08,7.37,6,,2382780.0
438,Agriculture,Kisumu,Q2,3.5,8,128701.0,Postgraduate,32651.0,33214.0,20.8,19.7,28273.0,15.88,7.18,10,3.0,1667415.0
439,Services,Nairobi,Q1,9.7,8,140930.0,Tertiary,29870.0,33440.0,77.8,88.7,371329.0,21.33,6.83,5,5.0,6251405.0
440,Manufacturing,Nairobi,Q2,3.4,9,271061.0,Postgraduate,8435.0,8862.0,15.0,88.1,135332.0,20.48,6.98,7,4.1,2230564.0
441,Services,Nairobi,Q4,3.2,7,191116.0,Tertiary,51369.0,55354.0,64.7,60.8,0.0,14.67,7.68,4,2.8,4360263.0
442,Retail,Mombasa,Q2,2.9,14,203235.0,Secondary,26558.0,28425.0,72.0,19.4,0.0,12.89,7.05,5,2.2,2370162.0
443,Services,Mombasa,Q3,2.7,5,154183.0,Postgraduate,12219.0,10767.0,85.4,51.7,179143.0,12.97,6.62,5,4.3,2065383.0
444,Retail,Nairobi,Q4,2.8,14,482102.0,Secondary,33664.0,27140.0,80.3,65.3,0.0,14.56,7.04,7,4.7,2094668.0
445,Retail,Other,Q1,1.8,9,257523.0,Secondary,104368.0,111479.0,26.0,76.9,0.0,19.67,6.99,1,4.1,1132024.0
446,Manufacturing,Other,Q4,5.9,11,309453.0,Postgraduate,4500.0,4418.0,107.1,16.1,150696.0,16.83,7.62,5,4.2,3275317.0
447,Technology,Nairobi,Q2,4.7,11,344214.0,Tertiary,109646.0,100749.0,,38.1,0.0,17.16,7.1,9,4.2,5490446.0
448,Manufacturing,Other,Q3,4.6,12,380434.0,Postgraduate,26307.0,25892.0,51.4,79.2,253201.0,18.1,6.58,8,3.7,4615653.0
449,Retail,Nairobi,Q1,1.3,11,208096.0,Secondary,39879.0,44823.0,27.4,88.0,495070.0,12.32,6.88,3,2.4,5330715.0
450,Manufacturing,Other,Q1,6.8,9,195925.0,Postgraduate,42176.0,45492.0,120.1,64.5,101578.0,13.23,6.7,5,3.1,4700591.0
451,Retail,Other,Q4,7.3,5,134175.0,Tertiary,12582.0,13988.0,113.4,80.3,0.0,17.16,7.48,8,4.3,2054912.0
452,Services,Nairobi,Q4,13.2,13,289112.0,Tertiary,17983.0,19534.0,46.6,65.0,55532.0,13.01,7.28,8,4.2,5771017.0
453,Manufacturing,Eldoret,Q4,7.0,15,552483.0,Postgraduate,66099.0,64545.0,85.7,76.2,167659.0,10.62,7.31,8,3.5,3544538.0
454,Retail,Other,Q3,14.9,6,197242.0,Secondary,74731.0,83110.0,98.3,58.2,0.0,12.04,6.67,2,3.3,3275554.0
455,Retail,Other,Q2,3.1,14,311409.0,Tertiary,22043.0,24178.0,55.0,65.6,0.0,18.87,7.25,6,3.8,2587643.0
456,Retail,Other,Q1,13.7,11,298531.0,Tertiary,92619.0,96380.0,114.2,28.1,0.0,14.3,6.69,7,3.4,4208118.0
457,Technology,Kisumu,Q2,7.2,14,460644.0,Tertiary,24041.0,25356.0,,70.9,56486.0,16.22,6.99,8,3.6,2659137.0
458,Hospitality,Nairobi,Q3,6.6,5,109334.0,Postgraduate,47715.0,53126.0,18.5,27.4,0.0,12.2,6.4,6,3.8,1216376.0
459,Services,Other,Q2,4.5,8,262387.0,Tertiary,13565.0,13430.0,96.1,70.9,0.0,16.71,7.21,7,3.1,922156.0
460,Manufacturing,Kisumu,Q2,3.9,15,570929.0,Primary,45400.0,51621.0,47.4,45.3,99925.0,14.64,6.95,7,4.3,3671869.0
461,Agriculture,Kisumu,Q1,3.3,11,396995.0,Secondary,20553.0,22510.0,37.1,63.1,0.0,16.93,6.85,7,3.6,1441260.0
462,Retail,Mombasa,Q2,14.0,14,412081.0,Postgraduate,124924.0,131193.0,15.3,34.0,896606.0,13.97,7.21,7,4.1,6392122.0
463,Technology,Kisumu,Q1,4.4,12,425924.0,Postgraduate,35207.0,41280.0,,43.9,0.0,17.11,6.79,5,3.8,1634421.0
464,Hospitality,Nairobi,Q1,7.2,8,202007.0,Postgraduate,85367.0,80796.0,54.1,63.1,173218.0,13.81,6.95,5,4.9,7389937.0
465,Agriculture,Eldoret,Q1,8.3,13,530169.0,Primary,30570.0,30973.0,45.9,71.6,204605.0,15.24,6.75,6,4.1,1666326.0
466,Manufacturing,Nairobi,Q3,8.2,9,275344.0,Secondary,26689.0,26567.0,99.8,79.1,0.0,14.63,6.47,10,4.0,7677092.0
467,Manufacturing,Eldoret,Q2,5.9,5,181784.0,Tertiary,29971.0,32328.0,297.5,29.7,0.0,15.58,6.95,6,4.0,1446752.0
468,Technology,Other,Q1,13.5,8,202953.0,Tertiary,100290.0,114791.0,,22.0,105944.0,16.39,6.95,7,5.0,3496438.0
469,Retail,Mombasa,Q3,6.9,11,348411.0,Primary,17267.0,16773.0,53.9,33.5,0.0,13.92,6.39,8,3.7,1701520.0
470,Agriculture,Kisumu,Q1,3.2,10,285777.0,Tertiary,121434.0,159617.0,116.2,31.6,0.0,15.12,6.85,6,3.8,2385515.0
471,Hospitality,Nairobi,Q1,4.0,7,158402.0,Secondary,53406.0,53245.0,33.0,89.5,233837.0,16.1,6.79,6,3.8,4202429.0
472,Agriculture,Other,Q1,1.4,17,375721.0,Tertiary,96786.0,104418.0,47.7,84.5,0.0,17.12,6.64,5,2.1,2502822.0
473,Retail,Eldoret,Q2,6.3,14,398421.0,Secondary,9106.0,9563.0,71.5,33.1,235970.0,15.26,7.01,6,3.8,1526092.0
474,Retail,Mombasa,Q4,7.6,15,514320.0,Primary,46889.0,49407.0,72.0,92.6,0.0,12.66,7.61,5,4.5,3693695.0
475,Retail,Nairobi,Q1,8.1,11,195253.0,Primary,68070.0,67158.0,109.0,83.2,216699.0,15.78,6.83,7,4.1,2749756.0
476,Hospitality,Nairobi,Q2,7.2,11,278496.0,Postgraduate,69389.0,78784.0,149.3,19.1,0.0,17.65,6.95,3,4.9,2392477.0
477,Hospitality,Mombasa,Q1,4.5,16,508166.0,Tertiary,46849.0,45991.0,107.5,32.3,98043.0,11.23,6.85,9,4.3,2475546.0
478,Manufacturing,Other,Q2,5.1,7,142624.0,Postgraduate,19215.0,17457.0,150.1,18.5,370877.0,11.27,7.08,7,4.1,1577036.0
479,Manufacturing,Eldoret,Q3,5.2,7,251110.0,Tertiary,18138.0,17417.0,154.0,53.1,0.0,13.38,7.02,4,4.4,1648048.0
480,Hospitality,Nairobi,Q2,9.7,9,192540.0,Tertiary,17171.0,20015.0,77.7,55.4,300499.0,14.88,7.14,8,4.0,3131052.0
481,Hospitality,Other,Q3,0.9,10,226875.0,Secondary,33618.0,38662.0,59.6,55.3,0.0,8.47,6.44,9,3.5,1495218.0
482,Retail,Mombasa,Q4,3.7,5,132150.0,Tertiary,29561.0,26293.0,94.0,10.4,107083.0,17.34,7.61,7,3.6,1805078.0
483,Agriculture,Other,Q4,2.3,5,193028.0,Secondary,19927.0,22221.0,20.0,23.6,121557.0,14.92,7.12,2,1.8,526162.0
484,Hospitality,Nairobi,Q3,17.0,7,159595.0,Tertiary,22750.0,20280.0,108.8,60.7,0.0,8.0,6.51,5,5.0,34527379.0
485,Retail,Kisumu,Q3,11.0,10,158450.0,Tertiary,26984.0,28274.0,100.9,68.7,378318.0,11.94,6.8,5,3.5,3284094.0
486,Hospitality,Other,Q4,3.8,15,292262.0,Postgraduate,2604.0,2483.0,32.2,10.6,0.0,14.54,7.38,7,2.9,1373143.0
487,Agriculture,Nairobi,Q4,1.7,8,258720.0,Secondary,20781.0,23301.0,141.6,26.8,99221.0,9.83,7.14,6,3.4,1540070.0
488,Retail,Nakuru,Q2,2.1,10,209445.0,Tertiary,16120.0,17642.0,119.9,77.5,0.0,18.61,7.04,7,5.0,1449464.0
489,Agriculture,Other,Q1,9.6,11,344249.0,Secondary,8672.0,9785.0,90.9,28.1,0.0,16.1,7.02,7,3.8,1323169.0
490,Agriculture,Nairobi,Q1,1.4,11,317155.0,Primary,9253.0,9497.0,59.1,54.7,221385.0,17.67,6.86,4,3.9,1574836.0
491,Manufacturing,Nairobi,Q4,5.2,9,276803.0,Tertiary,20477.0,21187.0,144.6,26.0,213219.0,12.21,7.27,8,5.0,2300203.0
492,Manufacturing,Nakuru,Q3,8.6,4,118046.0,Tertiary,34780.0,32347.0,21.4,73.3,39057.0,16.82,6.4,9,4.4,2266656.0
493,Manufacturing,Nairobi,Q2,1.9,9,208722.0,Tertiary,36425.0,35244.0,63.2,10.6,0.0,13.39,7.02,5,3.5,2099713.0
494,Hospitality,Nairobi,Q2,5.2,7,206092.0,Primary,40301.0,45374.0,96.8,48.3,204539.0,14.88,7.15,8,2.3,2064753.0
495,Services,Mombasa,Q2,3.8,9,192306.0,Postgraduate,36465.0,39360.0,126.5,75.7,155506.0,16.63,7.3,4,4.2,3938110.0
496,Agriculture,Eldoret,Q4,3.5,14,494986.0,Postgraduate,17766.0,18803.0,118.0,68.4,289639.0,15.28,7.56,1,3.2,1807083.0
497,Hospitality,Nairobi,Q3,3.0,10,207354.0,Tertiary,9211.0,10601.0,30.4,44.8,0.0,18.09,6.57,9,4.2,2509946.0
498,Manufacturing,Nairobi,Q4,9.1,6,189798.0,Postgraduate,11523.0,10900.0,85.0,39.6,96270.0,15.95,7.2,7,3.7,3051911.0
499,Hospitality,Other,Q2,12.4,9,177413.0,Secondary,24546.0,27187.0,72.6,49.9,257879.0,14.02,6.9,7,4.0,2045765.0
500,Agriculture,Kisumu,Q2,4.3,12,309993.0,Tertiary,29869.0,28545.0,18.8,26.6,0.0,18.2,7.18,2,4.4,1707803.0
501,Services,Other,Q1,6.6,2,50505.0,Postgraduate,49608.0,57954.0,28.6,52.8,0.0,18.87,6.6,5,2.3,1056673.0
502,Services,Mombasa,Q4,5.2,12,550742.0,Tertiary,69826.0,76359.0,15.4,53.2,0.0,15.78,7.37,7,3.8,1753723.0
503,Technology,Other,Q3,1.1,8,217438.0,Tertiary,18824.0,21217.0,,45.8,0.0,19.78,6.55,4,3.7,667023.0
504,Agriculture,Nakuru,Q3,4.2,8,197771.0,Tertiary,30681.0,30493.0,30.4,77.0,74638.0,14.75,6.33,6,3.9,2860136.0
505,Agriculture,Nairobi,Q2,0.9,12,307777.0,Tertiary,41707.0,51073.0,60.4,31.4,164051.0,15.09,6.95,7,4.1,2618049.0
506,Services,Other,Q2,3.6,11,205334.0,Tertiary,27054.0,32732.0,62.5,17.5,247570.0,15.51,7.09,7,3.8,1308393.0
507,Hospitality,Mombasa,Q4,5.1,8,212404.0,Secondary,11853.0,12854.0,83.4,43.4,0.0,15.08,7.48,6,3.2,2651310.0
508,Services,Nairobi,Q2,8.2,7,271718.0,Secondary,13828.0,15819.0,43.0,57.7,309018.0,14.51,7.26,6,2.8,6451549.0
509,Agriculture,Nairobi,Q3,6.2,11,369750.0,Tertiary,52465.0,53821.0,130.4,52.7,70990.0,13.21,6.59,3,2.4,10058686.0
510,Retail,Nakuru,Q1,9.3,14,437073.0,Tertiary,19967.0,18939.0,113.8,51.7,0.0,12.32,6.81,6,3.8,3312153.0
511,Retail,Nairobi,Q2,2.7,14,332651.0,Tertiary,21676.0,24140.0,81.3,30.2,0.0,15.85,6.99,3,4.1,4063171.0
512,Services,Nairobi,Q4,11.5,11,302947.0,Postgraduate,2337.0,2282.0,162.9,33.4,595818.0,19.33,7.24,7,,2382780.0
513,Retail,Nairobi,Q1,12.4,7,220313.0,Tertiary,62189.0,71817.0,77.0,44.3,0.0,18.11,6.72,4,4.4,2768832.0
514,Hospitality,Mombasa,Q1,0.8,12,292704.0,Secondary,42627.0,48331.0,23.7,42.5,269137.0,16.74,6.86,4,3.6,2770373.0
515,Hospitality,Mombasa,Q4,1.3,4,121621.0,Tertiary,6564.0,7016.0,95.1,79.2,0.0,19.5,7.45,6,,2382780.0
516,Retail,Kisumu,Q2,5.0,8,266471.0,Tertiary,38819.0,41316.0,69.9,60.8,0.0,15.56,6.79,6,2.5,1764227.0
517,Hospitality,Nairobi,Q2,3.4,13,411010.0,Tertiary,40852.0,46127.0,50.7,43.3,56486.0,12.34,6.98,9,3.3,1613025.0
518,Services,Nairobi,Q3,3.8,6,168697.0,Tertiary,84657.0,90749.0,55.3,79.1,0.0,14.38,6.68,3,,2382780.0
519,Retail,Kisumu,Q1,6.2,11,407136.0,Tertiary,12754.0,12979.0,86.9,64.8,0.0,15.31,6.81,13,4.8,1728803.0
520,Services,Mombasa,Q1,9.5,16,425227.0,Tertiary,37210.0,34562.0,79.4,25.1,0.0,13.86,6.59,7,3.5,2459622.0
521,Services,Nakuru,Q1,2.6,6,152144.0,Tertiary,16576.0,18676.0,182.2,0.0,47291.0,17.45,7.15,5,4.4,1138445.0
522,Hospitality,Nairobi,Q1,10.5,8,283756.0,Tertiary,15883.0,17142.0,73.5,25.8,74199.0,18.49,6.8,6,4.8,2827464.0
523,Retail,Nairobi,Q1,3.0,12,262072.0,Primary,74117.0,94163.0,77.0,68.1,292074.0,9.96,6.86,3,3.0,2421599.0
524,Manufacturing,Nairobi,Q3,18.5,13,221018.0,Tertiary,52756.0,54989.0,69.4,74.6,0.0,15.03,6.56,3,4.0,6631406.0
525,Retail,Mombasa,Q2,11.5,10,223944.0,Tertiary,6700.0,7197.0,68.8,18.5,43813.0,8.0,7.04,8,3.9,3883720.0
526,Hospitality,Mombasa,Q1,3.2,10,288565.0,Primary,5651.0,6081.0,31.8,69.5,290751.0,15.21,6.69,4,,2382780.0
527,Technology,Other,Q1,1.7,6,219654.0,Tertiary,39908.0,43981.0,,68.7,0.0,15.17,7.12,12,3.0,1289472.0
528,Technology,Mombasa,Q2,3.2,8,185063.0,Tertiary,23253.0,22617.0,,85.7,169188.0,21.18,7.25,3,4.0,2813675.0
529,Services,Kisumu,Q4,2.9,15,545806.0,Tertiary,11264.0,11758.0,23.6,75.9,682941.0,20.22,7.52,8,3.5,1375239.0
530,Hospitality,Kisumu,Q2,7.5,10,265990.0,Tertiary,40471.0,45174.0,56.9,84.7,0.0,18.48,7.19,5,4.0,3470899.0
531,Manufacturing,Nairobi,Q1,0.8,5,132635.0,Secondary,36741.0,37600.0,135.7,65.7,126681.0,12.43,6.65,4,4.7,3992784.0
532,Manufacturing,Kisumu,Q1,1.3,8,178803.0,Secondary,26554.0,29560.0,54.8,65.0,397574.0,12.24,6.99,6,4.9,1912214.0
533,Hospitality,Nairobi,Q2,7.4,8,321659.0,Secondary,28603.0,30254.0,157.5,47.6,384579.0,11.99,6.97,6,4.7,4410090.0
534,Manufacturing,Mombasa,Q1,2.8,10,268793.0,Tertiary,12125.0,13121.0,55.6,73.0,571698.0,20.39,6.84,6,2.9,2654015.0
535,Retail,Nairobi,Q4,3.6,16,326057.0,Tertiary,36523.0,41712.0,118.2,25.7,364666.0,12.59,7.15,5,3.3,3862898.0
536,Retail,Eldoret,Q4,8.6,9,393382.0,Tertiary,94013.0,97003.0,70.9,51.9,0.0,14.27,7.09,7,4.5,6119528.0
537,Agriculture,Other,Q2,9.8,7,220403.0,Tertiary,8135.0,7597.0,32.2,66.9,216413.0,12.62,7.15,8,4.2,1609839.0
538,Retail,Nairobi,Q4,11.2,9,266983.0,Secondary,51500.0,52978.0,179.1,86.0,78763.0,11.47,7.28,5,3.5,3903758.0
539,Retail,Kisumu,Q2,8.1,7,251598.0,Secondary,9885.0,9727.0,30.0,44.5,0.0,16.56,6.8,13,3.0,1657673.0
540,Services,Eldoret,Q1,4.4,15,488489.0,Secondary,44995.0,39593.0,49.0,76.3,0.0,15.99,6.88,4,1.0,1945968.0
541,Technology,Nairobi,Q4,4.2,7,239450.0,Tertiary,22764.0,23708.0,,50.7,0.0,8.38,7.72,5,2.4,1504175.0
542,Agriculture,Eldoret,Q4,3.8,5,148548.0,Secondary,45827.0,48848.0,76.7,76.7,0.0,11.33,7.61,5,3.5,826820.0
543,Services,Nakuru,Q2,1.9,5,149505.0,Tertiary,8657.0,9797.0,40.5,37.4,215588.0,16.32,7.06,7,3.5,1159115.0
544,Technology,Other,Q3,2.5,10,271347.0,Tertiary,29498.0,28284.0,,71.0,0.0,15.27,6.5,5,4.0,2537899.0
545,Retail,Other,Q1,10.2,12,329587.0,Tertiary,48943.0,51737.0,93.8,52.9,0.0,14.22,6.93,7,4.2,4340706.0
546,Hospitality,Nairobi,Q3,3.0,5,144787.0,Secondary,30381.0,34642.0,54.7,28.9,0.0,17.44,6.67,8,5.0,2344402.0
547,Hospitality,Mombasa,Q3,1.9,5,128325.0,Secondary,42326.0,42497.0,143.8,51.6,237352.0,10.88,6.45,4,3.1,3406171.0
548,Retail,Kisumu,Q3,10.8,11,349293.0,Tertiary,17910.0,19573.0,42.5,84.1,0.0,13.6,6.51,5,2.1,3059948.0
549,Services,Nairobi,Q3,5.9,7,215833.0,Tertiary,43128.0,50797.0,15.5,32.6,290303.0,17.16,6.55,11,3.0,1995367.0
550,Hospitality,Nairobi,Q3,14.2,3,105516.0,Primary,73568.0,66286.0,111.1,22.3,910262.0,13.42,6.58,7,,2382780.0
551,Agriculture,Other,Q3,13.2,13,448888.0,Postgraduate,17693.0,18964.0,61.9,63.8,0.0,16.5,6.48,5,3.7,1969440.0
552,Retail,Nairobi,Q4,2.1,11,415409.0,Tertiary,41832.0,47816.0,118.0,18.1,238512.0,11.83,7.38,2,4.5,2230218.0
553,Retail,Mombasa,Q1,4.7,7,240752.0,Tertiary,13802.0,14105.0,53.1,89.4,52474.0,12.86,7.01,5,,2382780.0
554,Technology,Other,Q2,2.3,9,250417.0,Secondary,78962.0,91670.0,,88.8,55400.0,9.8,7.28,6,3.3,1649205.0
555,Retail,Nairobi,Q2,2.3,7,221322.0,Secondary,6769.0,7451.0,51.4,77.8,120896.0,8.92,7.17,4,2.3,2683234.0
556,Retail,Mombasa,Q3,3.7,10,357324.0,Secondary,35268.0,42024.0,58.2,54.8,179740.0,13.98,6.76,3,3.4,1583813.0
557,Hospitality,Other,Q1,7.7,9,203259.0,Secondary,27089.0,29706.0,24.8,91.6,0.0,16.94,6.74,7,3.7,1341262.0
558,Agriculture,Mombasa,Q2,7.7,6,221471.0,Tertiary,17820.0,21352.0,31.4,84.6,0.0,15.13,7.34,4,4.4,3178763.0
559,Agriculture,Nairobi,Q4,7.1,7,163309.0,Tertiary,17296.0,18576.0,80.4,43.3,0.0,19.21,7.48,5,4.1,2129384.0
560,Agriculture,Nairobi,Q1,4.4,11,340591.0,Postgraduate,25260.0,23759.0,111.1,86.7,747511.0,14.24,7.29,5,5.0,3772538.0
561,Retail,Other,Q3,8.0,7,201262.0,Postgraduate,71367.0,71333.0,85.0,34.9,827966.0,8.72,6.32,7,,2382780.0
562,Retail,Nairobi,Q3,1.9,15,392237.0,Secondary,31965.0,36168.0,35.8,50.7,0.0,16.6,6.4,8,3.9,5827314.0
563,Services,Kisumu,Q2,6.0,12,244165.0,Secondary,3873.0,4376.0,90.0,15.5,407099.0,12.05,7.16,9,3.7,2027738.0
564,Manufacturing,Nairobi,Q1,5.2,9,305809.0,Tertiary,5554.0,5694.0,36.4,58.2,525315.0,15.9,6.86,6,,2382780.0
565,Manufacturing,Mombasa,Q1,4.2,8,162774.0,Postgraduate,31857.0,38049.0,79.6,48.5,0.0,8.19,7.09,5,4.0,3860488.0
566,Manufacturing,Other,Q2,6.1,10,187322.0,Postgraduate,55473.0,56676.0,42.8,45.1,547183.0,14.62,7.0,8,3.5,2934371.0
567,Services,Kisumu,Q1,0.8,14,484267.0,Primary,12497.0,13584.0,60.5,51.4,46697.0,17.75,6.94,8,5.0,3788552.0
568,Retail,Other,Q1,2.4,5,205126.0,Secondary,30467.0,33049.0,45.6,42.3,442418.0,17.36,6.97,5,3.1,1032875.0
569,Hospitality,Nairobi,Q1,7.3,9,211384.0,Primary,56066.0,52902.0,92.1,55.9,0.0,14.7,6.91,8,3.4,3274277.0
570,Agriculture,Kisumu,Q1,5.1,17,578937.0,Tertiary,34180.0,35587.0,50.3,83.2,77595.0,15.34,6.66,7,2.7,2518631.0
571,Hospitality,Other,Q4,1.4,7,223066.0,Tertiary,28222.0,35008.0,93.9,31.6,0.0,13.91,7.61,7,4.0,1878026.0
572,Services,Mombasa,Q3,5.0,10,288515.0,Tertiary,20097.0,19619.0,11.5,74.0,0.0,14.55,6.68,6,2.6,3785650.0
573,Agriculture,Nairobi,Q1,3.4,10,361551.0,Tertiary,22821.0,25104.0,114.5,59.7,0.0,17.51,6.89,5,3.7,2135319.0
574,Services,Other,Q3,10.4,13,337821.0,Secondary,43438.0,41598.0,35.6,63.2,312039.0,13.1,6.53,7,2.8,2703887.0
575,Services,Mombasa,Q1,2.0,11,342279.0,Tertiary,47395.0,46229.0,151.0,54.3,97420.0,13.41,6.83,5,2.9,2891762.0
576,Agriculture,Kisumu,Q2,2.1,8,161845.0,Primary,46764.0,43811.0,52.6,39.2,0.0,10.45,7.09,9,3.1,895176.0
577,Technology,Other,Q1,6.7,9,199597.0,Tertiary,14274.0,16063.0,,64.8,0.0,17.57,6.9,5,4.3,2582884.0
578,Agriculture,Nairobi,Q1,4.5,9,314424.0,Tertiary,1264.0,1239.0,18.4,66.4,137828.0,14.48,6.8,11,3.6,2450309.0
579,Services,Nairobi,Q1,4.4,8,233142.0,Tertiary,18219.0,20978.0,123.7,37.4,394914.0,11.46,6.67,4,3.6,3733733.0
580,Hospitality,Nairobi,Q2,18.5,9,250398.0,Secondary,50685.0,51065.0,39.7,25.6,0.0,18.13,6.94,8,4.1,3467812.0
581,Agriculture,Mombasa,Q2,7.9,8,343759.0,Tertiary,82584.0,87559.0,123.1,56.9,0.0,15.18,6.99,9,3.2,1750544.0
582,Agriculture,Nairobi,Q2,4.0,9,375668.0,Tertiary,10517.0,11389.0,66.4,71.6,0.0,12.95,7.13,5,2.1,2476688.0
583,Retail,Nakuru,Q3,1.3,9,260510.0,Secondary,41770.0,38456.0,56.0,77.1,0.0,18.18,6.5,5,2.8,1336632.0
584,Hospitality,Nairobi,Q3,3.8,7,133050.0,Secondary,15166.0,16171.0,136.6,81.5,528153.0,14.23,6.53,8,3.5,1810159.0
585,Technology,Nakuru,Q3,1.9,8,218308.0,Tertiary,67884.0,73179.0,,63.2,0.0,10.3,6.58,8,3.7,2355235.0
586,Manufacturing,Nairobi,Q3,2.5,10,229832.0,Secondary,50109.0,57185.0,157.3,49.2,0.0,18.39,6.41,10,4.1,4854280.0
587,Retail,Mombasa,Q3,2.6,10,290807.0,Secondary,33505.0,32608.0,57.6,55.0,181237.0,12.64,6.72,9,3.6,2170094.0
588,Hospitality,Nairobi,Q2,9.9,10,219971.0,Secondary,35403.0,34859.0,69.7,27.7,156545.0,24.99,7.06,2,4.5,3093441.0
589,Retail,Nakuru,Q1,1.5,11,218563.0,Secondary,62952.0,69421.0,74.5,40.0,9853.0,13.9,6.73,8,4.0,2214228.0
590,Retail,Mombasa,Q2,9.3,12,181329.0,Tertiary,4295.0,4995.0,30.4,53.8,225871.0,8.88,7.17,7,2.6,1672258.0
591,Technology,Mombasa,Q1,6.9,6,164245.0,Tertiary,24390.0,24454.0,,49.1,0.0,20.94,6.52,4,1.7,1487480.0
592,Hospitality,Other,Q4,6.8,7,95463.0,Secondary,9192.0,8743.0,39.6,57.0,275314.0,15.15,7.28,9,2.9,665642.0
593,Hospitality,Kisumu,Q2,2.4,4,98422.0,Tertiary,34943.0,35805.0,34.4,24.8,0.0,16.14,7.25,13,3.8,1651788.0
594,Agriculture,Nairobi,Q4,8.5,8,265208.0,Secondary,29763.0,28839.0,34.0,29.7,844218.0,16.55,7.14,1,4.0,6661200.0
595,Retail,Other,Q4,2.2,11,261728.0,Secondary,33452.0,36189.0,52.5,72.1,25432.0,10.97,7.57,6,3.6,1956107.0
596,Retail,Nairobi,Q2,12.6,9,201964.0,Secondary,7877.0,7590.0,139.8,36.7,0.0,8.39,7.33,5,3.8,5587864.0
597,Manufacturing,Nairobi,Q4,10.0,6,159058.0,Tertiary,55847.0,62986.0,42.9,40.1,764050.0,21.58,7.34,5,4.8,3944359.0
598,Manufacturing,Mombasa,Q2,14.0,11,237442.0,Postgraduate,45067.0,48087.0,81.5,57.1,0.0,10.32,7.14,9,3.7,20018982.0
599,Technology,Nairobi,Q1,5.2,7,199274.0,Tertiary,17750.0,20064.0,,34.5,382487.0,20.57,6.97,1,4.0,5174301.0
600,Manufacturing,Nairobi,Q1,4.5,7,151228.0,Primary,47625.0,40773.0,57.8,79.3,0.0,17.01,6.73,7,5.0,2991245.0
601,Agriculture,Eldoret,Q1,3.7,6,165955.0,Secondary,2191.0,1992.0,73.7,27.3,0.0,15.89,6.93,4,2.3,1075596.0
602,Services,Nairobi,Q4,18.3,6,142446.0,Secondary,9468.0,10921.0,146.0,55.0,699511.0,13.83,7.3,4,,2382780.0
603,Technology,Other,Q2,7.6,10,285994.0,Tertiary,25142.0,24952.0,,38.5,1445019.0,22.71,7.03,7,1.7,1991061.0
604,Services,Other,Q2,1.9,7,252842.0,Primary,20410.0,19036.0,84.6,58.4,0.0,13.11,6.98,8,3.0,1192736.0
605,Technology,Kisumu,Q2,11.7,14,395551.0,Postgraduate,65625.0,67842.0,,44.1,338336.0,13.2,7.15,9,3.3,2410134.0
606,Services,Nakuru,Q2,4.4,7,229932.0,Tertiary,42877.0,45852.0,154.7,54.5,96903.0,17.48,7.27,10,2.4,1495384.0
607,Services,Nakuru,Q4,0.4,9,194436.0,Tertiary,75419.0,78237.0,52.8,81.9,0.0,13.17,7.37,3,3.6,5584232.0
608,Retail,Other,Q4,2.8,8,238501.0,Tertiary,6580.0,7155.0,48.4,39.9,351981.0,12.09,7.21,10,3.7,1391739.0
609,Services,Nairobi,Q1,10.0,11,294482.0,Primary,20254.0,21805.0,54.5,39.7,0.0,15.14,6.64,10,4.3,6883957.0
610,Hospitality,Nairobi,Q3,6.9,9,243219.0,Tertiary,8962.0,9611.0,95.4,48.1,229932.0,17.53,6.56,3,4.3,17173342.0
611,Agriculture,Kisumu,Q2,7.8,5,155904.0,Secondary,33624.0,38932.0,78.4,87.4,0.0,21.34,7.38,7,3.8,2575383.0
612,Manufacturing,Kisumu,Q1,11.6,6,159149.0,Tertiary,6601.0,6923.0,36.7,53.0,0.0,22.0,6.86,4,4.6,1705365.0
613,Technology,Nairobi,Q4,1.1,11,309380.0,Tertiary,30286.0,31695.0,,82.2,18030.0,9.6,7.34,4,4.2,3363142.0
614,Technology,Kisumu,Q1,2.9,13,343418.0,Primary,13528.0,15074.0,,51.1,0.0,18.67,6.91,5,3.4,3673606.0
615,Hospitality,Nairobi,Q1,5.3,10,273198.0,Tertiary,48075.0,52604.0,43.1,81.2,256309.0,12.18,6.76,9,3.8,2703388.0
616,Services,Other,Q1,10.2,8,224285.0,Primary,25353.0,24789.0,82.1,64.0,117820.0,12.34,6.74,4,3.2,1581286.0
617,Services,Nairobi,Q2,2.2,9,213989.0,Secondary,5327.0,5554.0,115.6,67.2,0.0,13.61,6.96,6,2.7,2673660.0
618,Hospitality,Nairobi,Q3,4.0,6,221343.0,Tertiary,53607.0,58166.0,56.4,23.4,0.0,13.4,6.71,4,4.0,2645957.0
619,Retail,Nairobi,Q2,5.0,6,275092.0,Tertiary,54225.0,54391.0,18.8,20.1,0.0,11.91,6.72,4,2.5,4277621.0
620,Retail,Nairobi,Q1,2.8,10,223117.0,Postgraduate,46183.0,46500.0,62.8,78.5,0.0,8.0,6.92,8,3.6,3634313.0
621,Services,Nairobi,Q1,5.0,11,312238.0,Tertiary,17472.0,16400.0,54.3,78.3,149132.0,19.96,6.73,6,1.9,2573430.0
622,Agriculture,Nairobi,Q4,4.5,8,262661.0,Tertiary,39565.0,32418.0,14.9,100.0,0.0,18.21,7.34,11,3.8,2809113.0
623,Technology,Nairobi,Q4,3.4,7,188134.0,Secondary,57649.0,58806.0,,22.3,0.0,15.28,7.65,11,3.1,1363010.0
624,Agriculture,Nairobi,Q4,8.5,11,245129.0,Secondary,23366.0,24772.0,31.6,65.7,545450.0,12.24,7.29,5,4.2,1997898.0
625,Technology,Mombasa,Q3,7.5,8,295517.0,Postgraduate,24237.0,23324.0,,32.5,553968.0,19.29,6.4,3,3.5,1480672.0
626,Hospitality,Mombasa,Q3,8.7,14,453680.0,Secondary,28055.0,32550.0,136.1,38.7,213011.0,15.13,6.48,8,3.6,969674.0
627,Services,Nairobi,Q4,9.2,10,282000.0,Tertiary,46671.0,45096.0,86.5,44.0,874416.0,13.5,7.46,5,3.7,3914367.0
628,Retail,Nairobi,Q3,13.5,3,107762.0,Secondary,31243.0,35086.0,60.4,63.4,0.0,10.08,6.43,6,3.2,2032076.0
629,Agriculture,Nairobi,Q2,1.4,10,305584.0,Secondary,41576.0,45047.0,52.5,40.4,239245.0,17.06,6.86,6,3.2,1659326.0
630,Services,Nairobi,Q2,1.5,7,192530.0,Tertiary,22434.0,27461.0,110.7,55.7,0.0,14.27,6.97,8,3.2,3331431.0
631,Technology,Nairobi,Q2,8.0,4,85016.0,Tertiary,21992.0,24042.0,,73.3,0.0,16.17,7.29,11,3.6,1734318.0
632,Services,Eldoret,Q1,3.6,5,129522.0,Tertiary,42678.0,39874.0,64.7,79.8,0.0,15.88,6.81,6,3.3,2408758.0
633,Retail,Other,Q1,3.3,7,246280.0,Postgraduate,15499.0,17581.0,76.8,70.2,0.0,17.37,6.87,9,4.1,1010161.0
634,Hospitality,Other,Q3,2.9,8,253829.0,Secondary,10677.0,12661.0,153.7,64.9,0.0,16.03,6.46,4,2.3,974152.0
635,Retail,Kisumu,Q4,8.9,7,204795.0,Tertiary,14884.0,13518.0,20.8,51.9,91010.0,14.36,7.3,6,2.5,3461007.0
636,Retail,Kisumu,Q1,17.5,8,314713.0,Primary,21212.0,23357.0,44.0,42.5,0.0,17.11,7.05,4,5.0,3101315.0
637,Manufacturing,Nairobi,Q1,9.2,12,318703.0,Tertiary,26642.0,29807.0,26.5,66.9,0.0,18.38,6.77,1,3.4,7105944.0
638,Manufacturing,Eldoret,Q1,3.5,5,164675.0,Secondary,17550.0,18129.0,85.0,31.9,0.0,20.29,6.73,6,2.9,3350292.0
639,Services,Eldoret,Q4,8.6,11,303475.0,Tertiary,19220.0,16457.0,21.3,57.6,0.0,11.75,7.56,4,3.7,2044533.0
640,Services,Other,Q2,1.5,15,592009.0,Secondary,34750.0,35665.0,39.4,31.3,173107.0,18.9,6.99,8,4.3,1281129.0
641,Services,Other,Q2,4.3,8,264147.0,Tertiary,13396.0,13444.0,72.7,54.1,0.0,10.26,7.01,6,4.2,816654.0
642,Services,Mombasa,Q1,1.1,8,204563.0,Tertiary,45618.0,53482.0,101.6,31.8,0.0,18.59,6.8,3,3.1,2278177.0
643,Retail,Eldoret,Q4,3.6,9,225817.0,Postgraduate,11920.0,12431.0,62.4,46.2,248330.0,13.45,7.4,6,3.3,2106850.0
644,Retail,Other,Q2,5.7,8,217501.0,Primary,26112.0,26556.0,39.9,40.1,0.0,18.03,7.14,6,3.4,1857101.0
645,Manufacturing,Nairobi,Q4,19.6,7,156444.0,Postgraduate,24816.0,24892.0,53.9,37.5,0.0,20.12,7.71,6,3.9,9231900.0
646,Services,Other,Q3,10.8,12,238111.0,Secondary,65309.0,70276.0,52.2,53.1,0.0,16.07,6.55,4,3.7,1883251.0
647,Retail,Nairobi,Q1,1.1,15,451864.0,Secondary,22706.0,23945.0,109.6,1.7,0.0,15.35,6.44,7,3.0,4417306.0
648,Agriculture,Other,Q4,1.2,9,221825.0,Secondary,50219.0,49556.0,42.7,15.3,0.0,15.19,7.45,5,3.3,994905.0
649,Manufacturing,Eldoret,Q3,2.8,10,254647.0,Secondary,42750.0,45790.0,105.8,72.7,0.0,13.99,6.51,7,3.5,3135442.0
650,Retail,Nairobi,Q3,15.1,8,213309.0,Tertiary,16648.0,16738.0,61.6,58.2,208512.0,19.1,6.51,4,4.9,4796896.0
651,Hospitality,Nakuru,Q1,1.1,5,141242.0,Secondary,61494.0,51816.0,120.9,39.1,83562.0,15.16,6.84,11,3.6,1166693.0
652,Services,Nairobi,Q4,2.9,5,133187.0,Secondary,17351.0,19146.0,69.6,76.4,458038.0,8.54,7.4,5,5.0,1853905.0
653,Manufacturing,Eldoret,Q4,2.9,7,272837.0,Tertiary,20558.0,22528.0,46.0,40.9,48903.0,18.33,7.39,10,3.5,1889108.0
654,Retail,Eldoret,Q2,6.7,7,224669.0,Tertiary,36789.0,39216.0,119.6,42.2,0.0,18.16,7.19,12,2.4,1305464.0
655,Services,Kisumu,Q1,8.8,11,420322.0,Tertiary,19000.0,19278.0,195.0,37.8,0.0,15.64,6.72,5,4.0,2797121.0
656,Hospitality,Other,Q4,7.5,10,251694.0,Tertiary,6786.0,7087.0,72.4,96.9,232105.0,12.98,7.26,5,4.5,1899683.0
657,Services,Nairobi,Q4,6.0,10,326405.0,Secondary,20834.0,23241.0,110.3,60.2,617232.0,11.79,7.85,6,4.1,2994865.0
658,Hospitality,Nairobi,Q3,1.4,12,312727.0,Tertiary,20555.0,20544.0,70.6,59.3,0.0,12.99,6.39,6,3.9,1513795.0
659,Agriculture,Mombasa,Q3,5.4,9,225225.0,Primary,11255.0,12592.0,41.7,65.3,501000.0,16.14,6.52,4,3.4,572621.0
660,Hospitality,Nairobi,Q1,11.8,8,315195.0,Secondary,25875.0,24116.0,123.8,14.2,701124.0,9.6,6.58,6,3.5,4298843.0
661,Retail,Mombasa,Q1,14.4,15,364264.0,Primary,26320.0,27991.0,29.4,41.9,0.0,16.86,6.82,4,1.8,4331312.0
662,Services,Nairobi,Q4,6.5,8,119933.0,Tertiary,34916.0,36734.0,26.6,65.0,0.0,15.73,7.26,5,4.4,1362793.0
663,Retail,Mombasa,Q2,1.1,11,251810.0,Secondary,9462.0,10694.0,124.7,54.9,334275.0,19.62,7.03,6,3.4,2286777.0
664,Retail,Mombasa,Q2,6.6,9,135349.0,Tertiary,10011.0,9775.0,55.2,100.0,84832.0,17.74,7.26,8,4.6,3389941.0
665,Hospitality,Other,Q3,4.5,8,172557.0,Secondary,46664.0,45974.0,32.0,43.2,382528.0,13.19,6.57,8,3.3,905612.0
666,Manufacturing,Nairobi,Q1,1.3,7,148168.0,Tertiary,11663.0,10945.0,157.8,75.8,243393.0,10.09,6.89,5,3.7,4494024.0
667,Services,Other,Q1,2.1,10,285051.0,Tertiary,31782.0,31930.0,98.4,72.7,809444.0,12.87,6.53,11,4.7,3187618.0
668,Technology,Mombasa,Q1,2.4,5,83158.0,Primary,22039.0,23591.0,,58.1,428025.0,19.92,7.08,6,4.8,2513585.0
669,Hospitality,Nairobi,Q2,8.0,11,414435.0,Tertiary,14103.0,12780.0,80.5,62.1,64927.0,16.44,6.92,2,4.4,6796577.0
670,Hospitality,Kisumu,Q2,14.0,4,63333.0,Tertiary,64743.0,65686.0,75.0,48.6,289081.0,17.41,7.33,4,2.2,3343524.0
671,Retail,Mombasa,Q1,7.2,10,283049.0,Tertiary,26622.0,29253.0,97.5,11.6,0.0,13.49,6.95,4,,2382780.0
672,Agriculture,Nairobi,Q2,8.2,6,156991.0,Primary,15961.0,16628.0,60.9,62.7,239320.0,17.05,7.19,2,4.3,2416574.0
673,Technology,Kisumu,Q2,4.7,11,319050.0,Tertiary,5484.0,5791.0,,64.4,1098104.0,10.64,6.97,7,3.1,2090386.0
674,Manufacturing,Nairobi,Q3,3.2,9,266480.0,Secondary,40682.0,37815.0,72.0,67.9,414659.0,18.49,6.52,11,3.8,5846753.0
675,Agriculture,Mombasa,Q3,7.3,9,309079.0,Primary,11569.0,12054.0,15.8,56.4,87970.0,11.8,6.43,7,3.9,1631173.0
676,Hospitality,Kisumu,Q4,6.1,7,191766.0,Secondary,61024.0,64216.0,47.7,76.3,0.0,9.18,7.4,9,3.9,2047973.0
677,Technology,Mombasa,Q4,2.6,7,168795.0,Tertiary,24434.0,25335.0,,35.9,103078.0,22.74,7.36,7,2.9,866699.0
678,Agriculture,Other,Q2,5.8,9,282013.0,Secondary,122134.0,129734.0,26.1,87.3,0.0,15.93,6.79,5,4.5,3012789.0
679,Retail,Nairobi,Q4,5.0,10,339922.0,Tertiary,20534.0,21053.0,72.0,33.3,0.0,15.84,7.57,7,3.3,2923104.0
680,Hospitality,Other,Q3,3.9,4,122274.0,Secondary,11160.0,11311.0,55.3,52.6,306908.0,9.52,6.49,5,4.2,890186.0
681,Retail,Eldoret,Q1,3.1,17,494777.0,Tertiary,27017.0,26120.0,159.5,70.0,0.0,17.49,6.73,12,3.5,3498583.0
682,Retail,Other,Q2,6.5,8,253177.0,Secondary,15430.0,17405.0,104.4,43.7,461260.0,18.34,7.02,4,5.0,1755859.0
683,Retail,Other,Q3,3.3,17,468204.0,Tertiary,2894.0,2755.0,27.1,71.5,165274.0,14.86,6.55,4,4.9,1162497.0
684,Hospitality,Nairobi,Q4,17.6,9,286553.0,Tertiary,48022.0,51030.0,94.5,47.5,166693.0,18.35,7.27,9,5.0,9119524.0
685,Manufacturing,Kisumu,Q2,7.0,4,167683.0,Secondary,32370.0,38684.0,54.6,57.6,0.0,19.25,6.76,5,5.0,1299323.0
686,Hospitality,Nairobi,Q1,6.6,6,155698.0,Primary,13093.0,14902.0,68.3,51.0,0.0,17.18,6.86,7,3.6,2153538.0
687,Hospitality,Other,Q1,4.4,9,217409.0,Tertiary,9362.0,10212.0,55.0,42.3,0.0,8.57,6.88,7,3.3,1320835.0
688,Technology,Kisumu,Q1,3.7,6,143361.0,Postgraduate,10448.0,11179.0,,100.0,0.0,11.81,6.77,4,2.8,1088098.0
689,Services,Nairobi,Q3,0.8,10,325381.0,Postgraduate,25969.0,27002.0,154.9,36.5,0.0,20.9,6.33,4,3.9,3156618.0
690,Agriculture,Other,Q3,2.7,11,169239.0,Secondary,90016.0,88026.0,42.5,4.7,283195.0,15.76,6.51,8,3.7,1046521.0
691,Hospitality,Nairobi,Q2,1.1,9,223493.0,Tertiary,21752.0,22398.0,120.8,37.3,0.0,15.78,6.88,6,3.7,4239040.0
692,Services,Kisumu,Q3,1.1,9,312046.0,Secondary,5175.0,5672.0,46.9,57.9,56809.0,12.84,6.35,3,3.0,2020558.0
693,Retail,Eldoret,Q4,1.8,10,226231.0,Secondary,11460.0,12390.0,40.9,46.7,0.0,13.46,7.29,4,4.0,1806884.0
694,Hospitality,Nairobi,Q4,11.0,7,195422.0,Tertiary,28408.0,31621.0,72.1,77.4,266042.0,19.32,7.53,3,3.4,1490484.0
695,Technology,Kisumu,Q1,11.0,11,449034.0,Tertiary,13398.0,15375.0,,76.6,304489.0,20.3,6.75,13,3.3,2041028.0
696,Agriculture,Other,Q3,2.8,5,168845.0,Tertiary,7842.0,8134.0,36.5,48.0,20207.0,18.05,6.43,5,3.8,741255.0
697,Services,Nairobi,Q4,1.4,8,121271.0,Tertiary,22324.0,23783.0,21.9,18.0,19087.0,17.27,7.69,4,3.6,2841667.0
698,Agriculture,Kisumu,Q4,3.6,11,209763.0,Secondary,11422.0,10258.0,68.3,26.8,0.0,17.51,7.45,4,2.6,1402189.0
699,Manufacturing,Nairobi,Q2,7.9,7,185720.0,Tertiary,29660.0,36497.0,36.5,54.3,83369.0,15.27,7.15,16,3.1,3439761.0
700,Hospitality,Nakuru,Q2,9.6,10,242429.0,Secondary,30260.0,30772.0,57.4,20.6,108964.0,11.65,7.04,7,4.1,3354626.0
701,Retail,Nairobi,Q4,5.7,8,245240.0,Primary,37341.0,41155.0,127.6,46.9,0.0,10.96,7.31,5,3.7,5638008.0
702,Hospitality,Other,Q1,6.5,4,103631.0,Secondary,42043.0,42751.0,59.9,86.3,0.0,19.71,6.47,9,2.1,2115224.0
703,Retail,Other,Q3,6.0,15,519208.0,Postgraduate,12774.0,12965.0,21.1,62.5,0.0,15.39,6.65,10,4.3,2602526.0
704,Services,Nairobi,Q1,1.1,9,185055.0,Tertiary,47429.0,48901.0,119.4,56.0,0.0,17.03,6.87,3,3.7,2768047.0
705,Hospitality,Nairobi,Q4,1.5,7,193514.0,Secondary,18807.0,17874.0,87.4,32.1,491834.0,16.17,7.37,4,2.9,2060723.0
706,Agriculture,Kisumu,Q1,14.4,8,246454.0,Tertiary,3807.0,3242.0,108.5,59.0,87430.0,16.34,6.78,7,3.2,2073473.0
707,Services,Nakuru,Q1,5.7,5,135671.0,Postgraduate,43689.0,49926.0,65.4,49.3,378152.0,16.6,6.91,8,3.8,2774553.0
708,Services,Mombasa,Q2,0.6,10,283078.0,Postgraduate,64095.0,70098.0,65.1,60.3,419335.0,17.73,6.87,6,1.9,1798671.0
709,Hospitality,Nairobi,Q1,6.7,9,114402.0,Tertiary,21306.0,20810.0,201.8,71.0,34804.0,13.04,6.71,5,4.0,5226496.0
710,Agriculture,Nairobi,Q2,2.3,12,344578.0,Secondary,49233.0,53475.0,87.8,74.8,0.0,19.28,6.93,6,4.5,3164560.0
711,Technology,Other,Q2,10.1,8,203347.0,Tertiary,22585.0,25203.0,,57.8,434949.0,13.14,7.37,3,4.4,2595712.0
712,Manufacturing,Mombasa,Q2,9.4,12,371931.0,Tertiary,15626.0,15541.0,295.1,66.3,0.0,16.27,7.23,10,4.6,3231795.0
713,Services,Other,Q3,7.7,14,478162.0,Postgraduate,22869.0,24766.0,198.4,43.7,0.0,11.71,6.17,8,3.1,2263602.0
714,Technology,Mombasa,Q3,5.7,7,204409.0,Tertiary,24792.0,28028.0,,79.9,261519.0,14.97,6.27,7,4.5,3255122.0
715,Services,Other,Q4,11.7,10,297895.0,Tertiary,28497.0,26643.0,35.5,35.5,164734.0,13.39,7.38,6,3.9,2120489.0
716,Retail,Nairobi,Q2,12.5,6,221363.0,Secondary,19590.0,21405.0,26.5,50.4,54296.0,15.58,7.03,5,3.0,1244304.0
717,Agriculture,Nairobi,Q3,2.4,8,292768.0,Tertiary,42381.0,45735.0,64.5,82.2,0.0,17.85,6.3,5,4.1,1825418.0
718,Retail,Other,Q3,7.6,11,319345.0,Secondary,35947.0,43152.0,224.0,44.4,140751.0,15.74,6.79,4,4.0,2889888.0
719,Manufacturing,Other,Q1,3.2,6,240376.0,Primary,10431.0,11417.0,5.6,25.5,0.0,21.77,6.85,4,4.9,1870700.0
720,Technology,Nairobi,Q3,2.1,9,213802.0,Tertiary,16628.0,16913.0,,46.0,18061.0,18.05,6.57,8,4.7,2247108.0
721,Agriculture,Mombasa,Q4,12.5,8,176135.0,Tertiary,40777.0,41853.0,65.3,85.6,0.0,14.77,7.3,9,3.1,2668414.0
722,Hospitality,Mombasa,Q2,8.4,11,306238.0,Postgraduate,22189.0,26890.0,33.3,5.0,210540.0,15.22,7.21,7,,17909513.0
723,Retail,Mombasa,Q1,6.0,12,304587.0,Tertiary,13463.0,13754.0,56.0,57.3,381441.0,16.71,6.74,5,4.0,2907724.0
724,Technology,Nairobi,Q2,2.6,15,201991.0,Postgraduate,21605.0,23698.0,,41.1,663849.0,17.75,7.06,4,3.9,3876342.0
725,Retail,Other,Q2,12.7,4,105164.0,Tertiary,6425.0,6623.0,24.7,51.3,0.0,11.55,7.19,6,3.5,1355309.0
726,Retail,Nairobi,Q3,2.3,12,362078.0,Tertiary,58289.0,66245.0,106.6,47.3,467597.0,17.54,6.26,6,5.0,3582161.0
727,Retail,Nakuru,Q4,1.9,7,190955.0,Primary,25448.0,29022.0,56.5,76.1,0.0,11.63,7.64,6,3.2,2340510.0
728,Retail,Nairobi,Q3,5.0,11,281697.0,Tertiary,15403.0,16146.0,31.4,56.2,47003.0,17.23,6.53,6,5.0,4256498.0
729,Hospitality,Nairobi,Q1,7.9,7,210928.0,Secondary,6118.0,6224.0,65.9,77.2,0.0,19.02,6.99,10,2.6,1786093.0
730,Agriculture,Nakuru,Q2,3.8,13,395732.0,Primary,78061.0,79275.0,104.4,83.3,0.0,16.46,6.94,3,3.4,1672983.0
731,Hospitality,Nairobi,Q3,30.0,12,377785.0,Secondary,5550.0,5061.0,62.3,55.7,332989.0,8.06,6.36,3,4.3,4257706.0
732,Retail,Nakuru,Q2,5.6,10,234267.0,Tertiary,33320.0,35254.0,33.6,47.1,332650.0,9.8,6.93,7,2.9,1297606.0
733,Retail,Nairobi,Q3,3.1,8,241556.0,Tertiary,19678.0,20788.0,73.5,63.3,0.0,17.3,6.54,6,3.1,2083746.0
734,Hospitality,Other,Q3,3.4,8,179930.0,Postgraduate,21610.0,21280.0,190.5,67.5,209125.0,8.0,6.51,2,4.1,2503011.0
735,Retail,Eldoret,Q2,15.4,9,225683.0,Postgraduate,23625.0,21339.0,45.3,29.6,40371.0,17.45,7.03,6,2.3,1422016.0
736,Manufacturing,Other,Q3,4.6,3,104264.0,Postgraduate,15979.0,17041.0,37.1,60.2,561355.0,18.65,6.35,7,4.6,932826.0
737,Retail,Nairobi,Q2,12.2,10,231702.0,Secondary,24942.0,26852.0,50.0,49.4,0.0,19.13,6.91,3,4.9,5085262.0
738,Hospitality,Nairobi,Q1,1.0,11,260060.0,Postgraduate,27809.0,30078.0,38.9,45.8,164301.0,14.73,6.79,5,4.9,5200713.0
739,Hospitality,Mombasa,Q2,10.2,9,182359.0,Tertiary,38957.0,37820.0,40.0,39.8,0.0,16.9,7.03,5,4.0,4354291.0
740,Hospitality,Kisumu,Q2,2.7,10,212937.0,Postgraduate,36024.0,38969.0,29.0,41.2,176184.0,16.17,7.0,4,3.4,1048639.0
741,Retail,Nairobi,Q1,8.6,8,236317.0,Secondary,10585.0,10963.0,118.0,82.6,68782.0,10.79,7.03,7,3.4,3926677.0
742,Retail,Nairobi,Q4,2.6,5,165240.0,Secondary,12533.0,14026.0,99.0,47.0,458422.0,17.88,7.39,7,3.9,2807793.0
743,Services,Mombasa,Q3,3.6,11,306034.0,Postgraduate,47539.0,46208.0,54.0,80.2,0.0,19.95,6.69,4,3.8,2739377.0
744,Retail,Nairobi,Q1,2.0,9,229564.0,Secondary,17658.0,20165.0,44.2,57.9,0.0,17.71,6.72,6,3.4,2110943.0
745,Agriculture,Mombasa,Q4,8.7,6,139447.0,Secondary,31924.0,37377.0,83.1,30.1,62078.0,13.89,7.44,7,5.0,2688631.0
746,Agriculture,Nairobi,Q4,9.6,13,288795.0,Tertiary,54479.0,57709.0,72.7,59.2,0.0,17.87,7.39,9,3.5,4375102.0
747,Hospitality,Nairobi,Q1,2.7,6,108290.0,Secondary,26036.0,28178.0,71.1,28.9,160997.0,19.65,6.55,5,4.8,2497276.0
748,Hospitality,Nakuru,Q1,1.3,3,100702.0,Primary,10174.0,11320.0,139.0,68.4,145017.0,19.23,7.01,7,3.8,1441088.0
749,Services,Mombasa,Q2,12.1,4,124684.0,Postgraduate,10356.0,10024.0,88.9,50.4,432106.0,18.79,7.08,4,3.7,2679611.0
750,Services,Nairobi,Q3,3.0,11,288717.0,Postgraduate,19588.0,19805.0,362.9,73.8,0.0,10.41,6.61,5,4.1,3460086.0
751,Retail,Kisumu,Q3,4.5,12,388592.0,Postgraduate,19643.0,20914.0,47.0,86.5,162655.0,16.77,6.39,3,4.1,2719762.0
752,Hospitality,Eldoret,Q2,2.3,8,274110.0,Secondary,8812.0,10681.0,195.1,16.8,0.0,17.57,7.08,6,3.6,980930.0
753,Retail,Mombasa,Q3,8.1,14,410196.0,Secondary,11942.0,11397.0,86.4,44.9,758392.0,18.82,6.37,7,4.2,2559430.0
754,Agriculture,Kisumu,Q1,8.3,11,403615.0,Tertiary,36352.0,42933.0,32.6,28.4,0.0,17.15,6.99,12,4.3,2618630.0
755,Manufacturing,Other,Q3,13.4,10,211008.0,Tertiary,48117.0,49779.0,41.4,100.0,0.0,20.47,6.55,6,5.0,3450012.0
756,Retail,Kisumu,Q4,10.4,6,153484.0,Primary,18084.0,18938.0,95.7,45.3,62332.0,9.65,7.46,7,3.8,3464294.0
757,Hospitality,Other,Q3,9.9,9,225845.0,Tertiary,555.0,637.0,27.3,26.1,0.0,17.29,6.7,0,3.1,667478.0
758,Technology,Eldoret,Q2,4.8,8,265860.0,Postgraduate,34286.0,41545.0,,100.0,0.0,17.03,7.27,4,3.2,2528433.0
759,Retail,Nairobi,Q2,4.3,11,217889.0,Tertiary,4660.0,5051.0,236.1,39.0,0.0,18.39,7.21,6,5.0,4082298.0
760,Agriculture,Mombasa,Q4,8.0,14,489801.0,Secondary,6849.0,7829.0,7.6,19.3,476553.0,20.43,7.19,5,2.2,1475234.0
761,Manufacturing,Nakuru,Q1,4.6,10,326091.0,Secondary,21245.0,20743.0,61.9,29.5,256855.0,12.66,6.7,6,2.7,1088725.0
762,Retail,Other,Q2,10.6,10,352705.0,Primary,56380.0,56811.0,41.4,58.2,144328.0,20.33,6.95,2,,2382780.0
763,Retail,Mombasa,Q1,2.2,11,300431.0,Secondary,40256.0,37913.0,199.4,56.0,0.0,18.11,6.91,3,3.2,2133529.0
764,Retail,Nairobi,Q4,1.0,4,93151.0,Tertiary,37401.0,37728.0,59.1,36.6,89858.0,14.9,7.43,6,4.4,1402296.0
765,Technology,Kisumu,Q2,7.4,7,214016.0,Tertiary,21424.0,23464.0,,44.3,116854.0,12.59,6.89,10,4.3,2377802.0
766,Retail,Nairobi,Q4,3.3,12,449715.0,Tertiary,8099.0,8641.0,27.6,56.2,0.0,16.13,7.37,6,3.3,1523620.0
767,Retail,Eldoret,Q3,1.9,11,241667.0,Tertiary,50835.0,60400.0,30.2,84.1,0.0,16.41,6.28,6,4.9,3039721.0
768,Retail,Kisumu,Q3,18.8,11,168943.0,Secondary,8357.0,10149.0,182.4,62.3,163626.0,16.59,6.49,5,2.8,6194506.0
769,Retail,Eldoret,Q3,5.1,8,139819.0,Primary,31320.0,32544.0,11.2,42.6,505058.0,13.49,6.25,5,3.1,1699455.0
770,Manufacturing,Other,Q1,1.6,13,375355.0,Primary,27312.0,27192.0,88.3,50.0,64741.0,17.45,6.88,6,5.0,2084055.0
771,Retail,Nakuru,Q3,3.0,7,262716.0,Secondary,7367.0,8420.0,146.7,71.9,364895.0,14.2,6.56,3,2.7,1588350.0
772,Agriculture,Kisumu,Q3,4.1,10,216385.0,Tertiary,4490.0,5169.0,61.5,92.0,74690.0,19.39,6.79,9,4.0,2374329.0
773,Agriculture,Eldoret,Q4,7.3,9,245059.0,Tertiary,37352.0,40538.0,30.6,30.7,102145.0,20.97,7.53,8,5.0,1716433.0
774,Services,Other,Q3,3.0,7,177115.0,Postgraduate,24494.0,27101.0,88.1,79.5,196802.0,12.9,6.44,3,1.6,1308387.0
775,Retail,Other,Q4,4.5,7,274813.0,Tertiary,50608.0,55361.0,35.5,48.1,0.0,15.69,7.52,7,3.4,1199208.0
776,Services,Nairobi,Q4,6.2,8,341237.0,Tertiary,30268.0,29387.0,43.6,19.3,151538.0,18.61,7.19,9,4.5,1952597.0
777,Manufacturing,Kisumu,Q3,7.0,8,252132.0,Secondary,27613.0,26302.0,38.6,14.9,191483.0,16.38,6.36,7,3.5,3029917.0
778,Retail,Nairobi,Q2,4.8,11,367649.0,Tertiary,2990.0,3127.0,39.9,84.4,257477.0,11.17,7.15,7,3.7,2248085.0
779,Services,Other,Q1,15.2,6,202921.0,Secondary,27008.0,27924.0,113.8,87.0,0.0,18.27,6.48,5,3.9,3383375.0
780,Services,Nakuru,Q2,8.2,10,206854.0,Postgraduate,22536.0,24162.0,57.0,42.5,64437.0,13.56,7.09,4,4.0,3427265.0
781,Retail,Mombasa,Q4,7.9,11,352470.0,Tertiary,30569.0,31777.0,91.5,50.3,538449.0,16.14,7.25,4,3.1,2271981.0
782,Technology,Nairobi,Q1,7.7,16,339523.0,Secondary,22555.0,20610.0,,15.8,136152.0,12.32,6.82,7,4.3,2467325.0
783,Hospitality,Nairobi,Q2,10.7,11,307694.0,Secondary,22099.0,19470.0,64.7,71.8,39227.0,18.04,6.94,6,3.9,4589401.0
784,Manufacturing,Nakuru,Q3,5.9,7,247427.0,Secondary,21038.0,23331.0,151.7,54.4,278026.0,14.15,6.56,3,2.8,2552230.0
785,Technology,Nairobi,Q1,2.2,9,229695.0,Postgraduate,14081.0,14038.0,,20.8,0.0,18.38,6.8,6,3.3,1844557.0
786,Hospitality,Nairobi,Q4,6.8,8,265485.0,Primary,37013.0,38176.0,60.2,59.5,88707.0,14.81,7.61,12,2.6,2702188.0
787,Services,Other,Q3,7.4,8,279482.0,Primary,117210.0,117838.0,16.1,24.4,0.0,13.96,6.5,4,3.9,2528022.0
788,Hospitality,Eldoret,Q1,11.8,9,155545.0,Secondary,7838.0,7657.0,67.4,67.3,204068.0,16.82,6.68,4,4.1,2290861.0
789,Services,Nairobi,Q1,2.0,8,126662.0,Tertiary,10858.0,10585.0,109.7,31.2,0.0,12.06,6.76,8,3.9,1839752.0
790,Manufacturing,Nairobi,Q3,2.4,7,284006.0,Tertiary,36907.0,41763.0,24.6,62.4,0.0,21.25,6.3,2,4.1,3272557.0
791,Retail,Other,Q4,5.2,6,185311.0,Tertiary,19119.0,19709.0,44.7,40.6,738838.0,16.09,7.46,4,3.8,1137309.0
792,Hospitality,Nakuru,Q4,7.8,9,269903.0,Secondary,16225.0,17860.0,39.1,3.0,0.0,13.69,7.49,4,4.3,1866934.0
793,Hospitality,Kisumu,Q4,1.7,6,182753.0,Primary,4520.0,5024.0,7.2,76.9,330743.0,14.22,7.77,4,3.6,7230510.0
794,Retail,Nairobi,Q1,2.0,7,231401.0,Postgraduate,11469.0,12333.0,30.4,78.1,0.0,15.56,6.71,7,4.3,1985372.0
795,Retail,Nairobi,Q3,9.1,11,375639.0,Secondary,9839.0,10962.0,95.6,43.5,271830.0,18.69,6.46,4,2.7,2452268.0
796,Hospitality,Nairobi,Q1,1.7,7,184597.0,Primary,4795.0,5041.0,62.9,61.0,0.0,12.64,6.71,2,2.6,7483772.0
797,Retail,Eldoret,Q1,2.5,5,165627.0,Tertiary,46156.0,53500.0,78.6,64.6,411258.0,14.32,6.83,3,3.8,2653300.0
798,Retail,Nairobi,Q3,9.5,9,233632.0,Primary,26069.0,29090.0,109.9,65.4,131307.0,15.34,6.56,8,4.2,2840263.0
799,Services,Nairobi,Q2,7.8,11,333093.0,Primary,109871.0,123771.0,173.3,93.0,172775.0,20.44,7.09,5,3.5,3564931.0
800,Manufacturing,Eldoret,Q3,3.1,14,418234.0,Tertiary,28181.0,27475.0,30.2,64.2,445905.0,18.7,6.66,5,4.2,2460647.0
801,Services,Other,Q4,7.2,10,230588.0,Tertiary,8505.0,9109.0,89.2,47.1,0.0,20.59,7.31,5,3.9,2070161.0
802,Hospitality,Eldoret,Q1,6.2,12,274264.0,Secondary,30152.0,27233.0,43.6,64.4,0.0,15.6,6.95,7,2.1,2342163.0
803,Services,Mombasa,Q3,4.6,9,425168.0,Secondary,34911.0,40569.0,32.2,45.5,125983.0,20.08,6.58,4,5.0,2823952.0
804,Agriculture,Mombasa,Q4,3.8,5,115279.0,Tertiary,15071.0,15073.0,53.4,31.6,0.0,19.56,7.4,6,2.7,1584578.0
805,Retail,Mombasa,Q2,7.0,9,282346.0,Primary,34137.0,34520.0,91.7,81.8,487760.0,17.73,7.05,4,2.9,4254821.0
806,Retail,Nairobi,Q3,1.9,13,398834.0,Secondary,33536.0,31544.0,66.6,66.8,0.0,17.99,6.86,9,4.6,3596259.0
807,Manufacturing,Kisumu,Q2,6.9,8,223496.0,Tertiary,12099.0,12669.0,49.1,14.0,551932.0,13.6,6.98,7,3.7,1665452.0
808,Retail,Mombasa,Q4,5.8,9,290878.0,Tertiary,38719.0,39824.0,97.4,40.0,695810.0,21.35,7.44,7,3.1,2448594.0
809,Agriculture,Kisumu,Q1,6.1,7,189759.0,Postgraduate,29231.0,34955.0,93.0,71.7,390037.0,14.72,6.69,5,3.3,1407360.0
810,Technology,Other,Q4,2.4,9,197660.0,Secondary,24261.0,27142.0,,20.6,187470.0,17.29,7.67,3,3.0,1314562.0
811,Retail,Other,Q4,12.0,9,270660.0,Primary,26136.0,26367.0,88.7,38.4,0.0,17.67,7.53,4,3.1,1681552.0
812,Retail,Nairobi,Q4,3.1,12,287871.0,Tertiary,8422.0,7721.0,65.5,100.0,0.0,11.11,7.3,10,4.3,3619429.0
813,Technology,Mombasa,Q2,3.5,11,400263.0,Tertiary,59726.0,51800.0,,47.7,95334.0,15.34,7.18,5,3.3,2484217.0
814,Agriculture,Nairobi,Q3,4.5,9,275776.0,Secondary,18891.0,18285.0,92.7,78.8,502487.0,16.15,6.54,5,2.8,2052428.0
815,Retail,Mombasa,Q2,7.7,7,178233.0,Tertiary,17415.0,16431.0,94.5,88.0,102906.0,15.14,7.02,1,3.1,3310835.0
816,Services,Nairobi,Q2,6.0,11,332748.0,Secondary,30996.0,33411.0,28.5,35.0,0.0,15.37,7.21,6,3.6,2586509.0
817,Services,Nairobi,Q4,1.3,9,190124.0,Tertiary,99407.0,103224.0,88.3,60.9,113722.0,20.28,7.46,12,3.1,2220622.0
818,Agriculture,Eldoret,Q3,5.1,7,196166.0,Tertiary,39849.0,41897.0,118.4,100.0,0.0,12.85,6.53,8,,2382780.0
819,Manufacturing,Mombasa,Q3,5.4,6,156861.0,Tertiary,19143.0,18647.0,30.7,65.1,0.0,11.44,6.49,4,4.0,3285292.0
820,Retail,Other,Q1,12.2,4,85632.0,Postgraduate,30721.0,32630.0,72.9,100.0,277412.0,13.62,6.86,7,3.3,1666188.0
821,Retail,Nairobi,Q4,4.0,10,233129.0,Postgraduate,30580.0,28634.0,31.2,41.0,0.0,17.88,7.43,4,3.0,5113876.0
822,Agriculture,Nairobi,Q3,7.3,6,272954.0,Secondary,24127.0,25163.0,33.4,94.5,477415.0,18.19,6.51,9,3.1,3546782.0
823,Hospitality,Mombasa,Q4,24.4,13,360442.0,Secondary,8783.0,9805.0,19.8,55.4,0.0,17.44,7.3,2,4.8,2848351.0
824,Manufacturing,Nairobi,Q1,10.9,9,229557.0,Tertiary,40707.0,41552.0,127.6,47.8,426214.0,18.42,7.05,4,5.0,7425902.0
825,Services,Nairobi,Q3,2.3,8,190782.0,Primary,16491.0,17901.0,119.1,69.1,222376.0,16.32,6.34,4,3.7,3674177.0
826,Retail,Other,Q3,8.5,8,238852.0,Secondary,12990.0,11586.0,123.1,52.5,113192.0,13.84,6.56,5,4.3,1717069.0
827,Agriculture,Nairobi,Q3,6.9,7,170787.0,Secondary,17904.0,15853.0,50.3,53.1,0.0,12.48,6.45,8,2.9,2323108.0
828,Retail,Nairobi,Q1,3.9,5,103607.0,Postgraduate,48352.0,52035.0,109.8,65.7,89719.0,11.46,7.06,6,3.2,3030090.0
829,Services,Kisumu,Q2,8.5,12,320179.0,Tertiary,16209.0,18377.0,32.1,15.2,0.0,14.77,6.96,6,4.1,2931346.0
830,Retail,Mombasa,Q2,2.2,6,153076.0,Tertiary,22289.0,22978.0,28.2,37.4,246395.0,18.02,6.99,6,1.8,1193814.0
831,Manufacturing,Kisumu,Q3,3.1,17,434862.0,Secondary,83403.0,101887.0,50.9,70.9,75269.0,16.26,6.35,2,4.3,6058147.0
832,Agriculture,Mombasa,Q1,4.5,9,214747.0,Secondary,17056.0,15939.0,114.8,76.8,0.0,15.57,6.85,6,3.2,1993392.0
833,Hospitality,Other,Q2,3.8,6,159369.0,Postgraduate,21666.0,21571.0,74.3,62.9,409491.0,12.12,6.89,4,2.8,1335172.0
834,Manufacturing,Nairobi,Q3,7.9,13,351790.0,Primary,23845.0,25305.0,47.0,61.1,579420.0,23.75,6.43,3,4.0,5004980.0
835,Services,Mombasa,Q1,5.0,6,141172.0,Primary,16925.0,18400.0,45.4,63.9,102376.0,12.86,6.48,6,4.9,3103971.0
836,Agriculture,Nakuru,Q4,3.5,9,278286.0,Secondary,21458.0,21529.0,127.7,76.1,1755439.0,15.89,7.44,7,3.4,799628.0
837,Services,Other,Q3,10.7,7,273541.0,Tertiary,26026.0,25121.0,99.2,23.6,399770.0,18.71,6.42,8,3.9,689828.0
838,Technology,Mombasa,Q1,7.7,7,260868.0,Secondary,16294.0,17917.0,,43.8,244343.0,15.64,6.58,4,4.1,2526496.0
839,Hospitality,Kisumu,Q1,1.5,10,429112.0,Primary,4251.0,4509.0,126.4,53.4,0.0,12.92,6.96,4,3.9,1218787.0
840,Agriculture,Nairobi,Q4,1.5,9,226860.0,Secondary,6498.0,6644.0,17.0,59.3,0.0,18.09,7.2,5,2.9,860780.0
841,Retail,Nairobi,Q2,3.5,9,370886.0,Secondary,23185.0,25269.0,117.6,8.6,64871.0,11.21,7.22,6,3.9,2263077.0
842,Services,Nairobi,Q4,1.7,12,341815.0,Primary,65479.0,68039.0,100.4,27.3,0.0,21.07,7.29,7,,2382780.0
843,Agriculture,Eldoret,Q2,9.6,6,202143.0,Tertiary,18859.0,19591.0,34.4,54.6,354894.0,16.4,7.34,6,1.5,820299.0
844,Hospitality,Nairobi,Q2,3.2,11,322724.0,Secondary,28846.0,29881.0,50.7,77.3,877220.0,14.69,7.21,5,4.4,4346444.0
845,Retail,Eldoret,Q2,7.3,9,233870.0,Secondary,50813.0,50016.0,57.9,45.8,254099.0,10.97,6.95,6,,2382780.0
846,Services,Nairobi,Q3,8.4,9,294775.0,Tertiary,33818.0,33013.0,171.0,40.3,473224.0,11.81,6.36,3,3.8,2437342.0
847,Hospitality,Other,Q1,0.9,7,216649.0,Tertiary,23701.0,23890.0,67.1,66.6,865126.0,15.33,6.89,4,4.9,1343090.0
848,Manufacturing,Other,Q2,3.3,11,186765.0,Secondary,21731.0,22873.0,97.8,47.8,36351.0,21.56,7.06,4,3.5,1168440.0
849,Retail,Nairobi,Q2,4.4,11,292452.0,Secondary,13737.0,12367.0,116.6,74.4,359475.0,16.25,7.07,4,,2382780.0
850,Technology,Nairobi,Q1,6.2,7,236656.0,Secondary,39948.0,44965.0,,50.1,594583.0,16.61,6.99,11,4.1,2049170.0
851,Retail,Nairobi,Q2,9.3,6,176570.0,Postgraduate,48769.0,51279.0,125.8,30.5,524910.0,16.74,6.99,4,4.8,2930400.0
852,Retail,Other,Q3,19.4,10,290421.0,Secondary,244.0,235.0,62.5,86.3,561452.0,23.06,6.51,1,2.8,1555122.0
853,Services,Nairobi,Q3,14.3,9,191367.0,Secondary,40149.0,47349.0,238.1,82.2,131656.0,14.09,6.64,2,1.8,4970422.0
854,Technology,Kisumu,Q1,4.9,10,286578.0,Tertiary,35271.0,37153.0,,34.0,0.0,20.51,6.92,9,4.6,1687445.0
855,Retail,Mombasa,Q4,4.9,9,229740.0,Secondary,17864.0,16849.0,58.8,63.7,599744.0,14.22,7.38,6,4.4,3367928.0
856,Agriculture,Eldoret,Q4,13.3,7,179623.0,Secondary,13781.0,16203.0,119.8,47.8,348814.0,13.25,7.36,4,4.0,1767106.0
857,Services,Mombasa,Q3,5.1,7,163927.0,Primary,32132.0,37221.0,40.3,68.6,55417.0,15.25,6.24,7,2.3,1778549.0
858,Services,Kisumu,Q4,3.3,10,332445.0,Tertiary,6458.0,6311.0,104.1,35.7,0.0,15.23,7.24,5,4.2,890475.0
859,Hospitality,Other,Q2,9.7,16,465142.0,Tertiary,18344.0,18788.0,52.6,74.2,0.0,17.3,7.15,1,4.5,2945094.0
860,Agriculture,Nairobi,Q4,6.4,11,359653.0,Tertiary,28777.0,29163.0,30.4,81.3,0.0,8.06,7.38,4,5.0,8560887.0
861,Services,Other,Q3,1.4,7,264343.0,Tertiary,55527.0,49910.0,26.4,34.2,426511.0,15.97,6.51,9,3.5,1725709.0
862,Services,Nairobi,Q3,4.1,7,228953.0,Secondary,70264.0,75602.0,72.6,56.5,0.0,13.58,6.66,2,3.8,3022466.0
863,Services,Mombasa,Q1,1.7,8,279335.0,Postgraduate,9627.0,10760.0,85.4,81.8,428377.0,13.18,6.62,6,2.0,1276070.0
864,Agriculture,Other,Q3,0.4,13,372622.0,Tertiary,30501.0,33629.0,32.8,33.0,0.0,11.35,6.46,7,4.5,2605761.0
865,Retail,Nakuru,Q4,15.6,8,213131.0,Tertiary,23758.0,25008.0,89.9,40.3,0.0,14.33,7.43,3,4.5,3560528.0
866,Technology,Nakuru,Q4,5.6,12,253861.0,Tertiary,36617.0,41208.0,,69.6,22925.0,13.85,7.29,7,4.0,2132105.0
867,Services,Nairobi,Q2,4.2,9,254341.0,Secondary,21088.0,20227.0,49.1,51.5,0.0,14.13,7.31,6,4.7,2305246.0
868,Services,Mombasa,Q1,3.5,10,130947.0,Secondary,38068.0,45509.0,61.6,20.3,313355.0,10.26,6.94,11,3.1,4186175.0
869,Retail,Mombasa,Q3,5.2,10,263832.0,Tertiary,28324.0,27990.0,58.5,48.0,0.0,15.81,6.54,9,3.5,2514971.0
870,Retail,Kisumu,Q1,3.5,10,295264.0,Primary,15066.0,15023.0,70.5,93.4,71873.0,12.97,7.07,6,3.6,2722046.0
871,Services,Mombasa,Q1,2.3,12,323379.0,Tertiary,38321.0,38474.0,60.1,100.0,624301.0,10.27,6.58,5,4.6,3554099.0
872,Retail,Nairobi,Q3,3.6,8,235024.0,Primary,21468.0,21428.0,55.0,41.0,0.0,13.75,6.5,7,4.6,2545480.0
873,Technology,Nairobi,Q4,12.5,10,200847.0,Primary,25076.0,25943.0,,34.9,425154.0,13.02,7.45,5,4.0,2921419.0
874,Hospitality,Nairobi,Q2,9.6,8,329161.0,Postgraduate,11251.0,11606.0,42.8,44.9,0.0,15.63,6.96,7,3.9,4756679.0
875,Manufacturing,Mombasa,Q2,3.6,9,242662.0,Tertiary,19418.0,20591.0,91.0,94.6,317698.0,13.7,7.15,4,4.1,3817005.0
876,Services,Nairobi,Q2,16.6,5,97718.0,Tertiary,54797.0,53947.0,55.3,73.5,114890.0,10.86,6.93,9,3.4,2835180.0
877,Hospitality,Other,Q2,4.9,11,318948.0,Secondary,15495.0,16477.0,39.7,87.2,51924.0,12.66,7.2,7,4.8,2307666.0
878,Hospitality,Kisumu,Q1,2.8,13,377054.0,Tertiary,70525.0,67899.0,87.6,77.0,0.0,9.97,6.96,3,3.3,2982447.0
879,Manufacturing,Nairobi,Q3,6.6,11,268087.0,Postgraduate,25780.0,28580.0,80.0,26.0,0.0,19.14,6.54,6,4.0,4613665.0
880,Agriculture,Nakuru,Q3,13.8,8,207252.0,Tertiary,29403.0,32567.0,31.8,34.1,487530.0,19.65,6.22,5,3.2,1882397.0
881,Hospitality,Other,Q2,12.1,11,300649.0,Tertiary,13190.0,13844.0,139.4,39.7,303936.0,20.04,6.95,8,4.5,1916271.0
882,Manufacturing,Nairobi,Q2,2.9,8,271341.0,Tertiary,40030.0,39951.0,49.5,43.5,47163.0,13.61,7.18,5,3.6,4465479.0
883,Technology,Nairobi,Q4,1.9,7,205317.0,Secondary,6006.0,6456.0,,40.1,42965.0,19.65,7.4,6,5.0,3479343.0
884,Agriculture,Nairobi,Q1,3.9,12,347729.0,Tertiary,19821.0,19404.0,62.9,42.6,0.0,16.8,6.4,2,3.6,1317948.0
885,Retail,Nairobi,Q1,7.4,6,178591.0,Postgraduate,13265.0,13965.0,78.5,69.1,0.0,12.87,6.99,1,4.4,3829028.0
886,Hospitality,Eldoret,Q1,8.8,4,118549.0,Tertiary,7220.0,7493.0,64.7,58.0,0.0,13.49,6.82,9,3.2,1186213.0
887,Hospitality,Other,Q4,11.0,10,320431.0,Secondary,36584.0,46111.0,37.4,81.8,191822.0,14.95,7.28,8,3.5,1655512.0
888,Retail,Nairobi,Q2,5.8,11,312705.0,Tertiary,20461.0,19475.0,18.1,60.5,0.0,15.83,7.25,4,3.7,1439553.0
889,Retail,Eldoret,Q1,5.9,14,410536.0,Tertiary,25038.0,20948.0,137.8,40.1,0.0,16.66,6.7,7,4.0,3097355.0
890,Manufacturing,Nairobi,Q4,5.7,13,338511.0,Postgraduate,13801.0,13787.0,34.2,59.1,0.0,15.49,7.3,2,3.1,3180576.0
891,Hospitality,Kisumu,Q1,10.1,9,185844.0,Tertiary,42080.0,38409.0,83.9,21.8,0.0,14.38,6.85,4,3.2,2116918.0
892,Technology,Eldoret,Q2,8.9,6,185446.0,Secondary,28163.0,27934.0,,4.1,208265.0,19.83,7.37,9,3.8,2255022.0
893,Retail,Mombasa,Q1,2.8,13,527336.0,Secondary,61569.0,58257.0,14.8,69.2,0.0,15.14,7.04,11,4.0,2331031.0
894,Retail,Nairobi,Q3,8.2,12,246003.0,Tertiary,14495.0,14170.0,42.3,77.4,161663.0,14.95,6.55,8,3.7,3162667.0
895,Services,Kisumu,Q3,9.7,14,377098.0,Primary,14417.0,13910.0,156.8,56.6,120470.0,14.8,6.57,8,3.6,1780798.0
896,Services,Other,Q4,10.2,5,128337.0,Tertiary,34144.0,38481.0,19.1,46.4,162737.0,15.14,7.52,5,2.6,1073824.0
897,Retail,Nairobi,Q2,6.4,8,265498.0,Tertiary,65759.0,68792.0,52.1,25.5,0.0,11.14,6.91,10,4.1,5657415.0
898,Retail,Nairobi,Q2,6.2,10,316705.0,Tertiary,16239.0,18448.0,78.4,80.7,0.0,12.29,7.2,7,4.4,4940273.0
899,Retail,Nairobi,Q4,5.0,8,376418.0,Secondary,2248.0,2368.0,34.3,65.8,0.0,23.33,7.29,7,4.5,3061922.0
900,Agriculture,Kisumu,Q4,5.4,13,334190.0,Tertiary,8289.0,9319.0,68.7,61.4,0.0,10.22,7.45,6,3.8,1577010.0
901,Agriculture,Kisumu,Q1,15.0,5,189238.0,Tertiary,54795.0,56210.0,88.4,54.9,0.0,16.37,6.77,5,3.2,3103193.0
902,Retail,Eldoret,Q3,5.5,10,381850.0,Secondary,19166.0,22569.0,81.9,44.7,0.0,16.6,6.58,5,3.4,2896314.0
903,Retail,Eldoret,Q4,3.0,8,252484.0,Tertiary,75072.0,81654.0,68.6,30.5,518441.0,18.74,7.42,4,3.8,2569837.0
904,Agriculture,Other,Q3,6.5,8,228850.0,Tertiary,9567.0,9448.0,57.5,60.6,374468.0,16.67,6.04,4,3.7,2477821.0
905,Technology,Other,Q3,8.6,13,374454.0,Tertiary,34314.0,37729.0,,43.2,346341.0,21.55,6.53,3,3.0,2267245.0
906,Manufacturing,Nairobi,Q1,9.9,14,384676.0,Secondary,34819.0,36636.0,86.8,45.7,0.0,16.27,6.9,4,2.4,4342548.0
907,Agriculture,Kisumu,Q1,2.3,8,289989.0,Secondary,6461.0,6679.0,63.6,92.8,0.0,19.81,6.87,8,3.3,606799.0
908,Retail,Nairobi,Q1,13.1,10,223545.0,Tertiary,6612.0,6993.0,168.8,53.9,0.0,18.83,6.78,7,3.5,4359279.0
909,Retail,Nairobi,Q1,8.4,10,281213.0,Primary,19717.0,21888.0,99.9,1.0,0.0,20.43,7.05,4,3.9,3273320.0
910,Hospitality,Other,Q4,12.6,9,253190.0,Tertiary,36482.0,32126.0,46.8,43.2,420525.0,15.58,7.45,5,3.4,3292896.0
911,Services,Nakuru,Q3,1.6,6,102271.0,Tertiary,31249.0,31934.0,73.4,33.0,0.0,16.77,6.57,6,3.5,1197812.0
912,Services,Other,Q4,10.5,9,334254.0,Secondary,21070.0,23274.0,28.4,51.9,108164.0,14.32,7.56,14,3.8,1745693.0
913,Technology,Mombasa,Q2,2.2,12,397831.0,Tertiary,20487.0,21919.0,,23.7,0.0,16.01,7.15,9,5.0,1297038.0
914,Technology,Kisumu,Q4,4.2,13,303438.0,Postgraduate,3188.0,3060.0,,64.5,0.0,16.19,7.27,5,3.6,1073557.0
915,Technology,Mombasa,Q1,8.6,11,386140.0,Tertiary,11668.0,10042.0,,48.5,198217.0,8.85,6.43,7,2.5,2833077.0
916,Technology,Nairobi,Q4,2.0,11,207971.0,Tertiary,5314.0,6303.0,,44.5,522588.0,15.04,7.33,5,3.2,2962519.0
917,Retail,Nairobi,Q1,3.4,9,254203.0,Tertiary,30777.0,31855.0,160.1,58.3,144064.0,18.35,6.91,5,5.0,6087989.0
918,Retail,Kisumu,Q1,1.6,7,198499.0,Secondary,8345.0,9773.0,117.8,53.3,0.0,11.18,6.75,7,4.8,2289139.0
919,Hospitality,Nairobi,Q1,8.5,5,144434.0,Secondary,54204.0,60362.0,50.7,52.0,0.0,12.34,6.92,5,4.5,6541854.0
920,Agriculture,Other,Q4,2.8,5,157192.0,Tertiary,25018.0,24680.0,96.3,50.1,161921.0,19.2,7.42,5,4.3,1100837.0
921,Retail,Nairobi,Q2,5.3,11,302109.0,Secondary,11342.0,9639.0,44.3,54.6,0.0,19.8,7.29,5,4.3,3854270.0
922,Services,Nairobi,Q2,6.9,4,98306.0,Secondary,48442.0,49074.0,126.6,62.5,456442.0,13.51,7.06,10,3.5,1741670.0
923,Manufacturing,Eldoret,Q2,6.5,11,292527.0,Primary,7560.0,7916.0,88.4,59.8,319873.0,16.06,7.17,9,4.4,788216.0
924,Agriculture,Nairobi,Q4,6.1,8,296255.0,Tertiary,7740.0,8406.0,63.0,79.8,0.0,15.25,7.48,9,4.4,2118414.0
925,Retail,Other,Q2,6.0,9,226113.0,Primary,10977.0,10551.0,60.5,43.0,653363.0,19.27,7.33,7,4.4,1452096.0
926,Retail,Eldoret,Q1,1.7,12,503530.0,Tertiary,48644.0,51769.0,88.3,60.2,184738.0,13.79,6.54,12,3.2,2433317.0
927,Retail,Nairobi,Q2,4.4,7,162131.0,Secondary,75519.0,80368.0,60.9,100.0,0.0,14.29,7.03,3,3.4,3525926.0
928,Services,Nakuru,Q2,6.0,8,248578.0,Tertiary,5327.0,6014.0,114.1,54.1,209428.0,19.79,7.23,3,3.2,1946003.0
929,Agriculture,Nakuru,Q3,5.6,10,344710.0,Secondary,133142.0,136532.0,50.0,55.0,150791.0,12.29,6.73,6,4.5,4982437.0
930,Services,Eldoret,Q4,4.8,9,236590.0,Secondary,37333.0,40522.0,56.8,27.2,323740.0,13.91,7.44,5,3.9,2488732.0
931,Hospitality,Other,Q1,3.1,10,395799.0,Tertiary,16737.0,17960.0,58.9,39.3,0.0,15.93,6.76,6,4.0,1143963.0
932,Hospitality,Nakuru,Q4,6.4,4,130503.0,Tertiary,34961.0,39158.0,54.3,52.7,497830.0,20.38,7.51,6,4.2,743126.0
933,Hospitality,Kisumu,Q1,7.2,8,237923.0,Secondary,49333.0,48563.0,36.8,66.7,0.0,11.68,6.93,8,2.6,1473436.0
934,Services,Nairobi,Q3,3.8,8,296670.0,Tertiary,11545.0,9286.0,47.7,69.3,0.0,13.23,6.45,7,4.4,4452395.0
935,Services,Nakuru,Q2,10.0,11,242623.0,Tertiary,49530.0,51068.0,62.4,62.2,299049.0,17.4,7.15,7,3.3,2529235.0
936,Retail,Other,Q2,13.2,10,256436.0,Secondary,23718.0,24466.0,59.6,72.7,26669.0,17.89,7.28,12,3.3,3002615.0
937,Technology,Kisumu,Q2,5.4,3,92086.0,Tertiary,5226.0,5004.0,,33.0,62228.0,16.18,7.38,2,,2382780.0
938,Retail,Nakuru,Q2,2.8,6,200860.0,Secondary,37039.0,34423.0,78.7,65.8,0.0,15.13,7.21,5,3.8,2000517.0
939,Services,Mombasa,Q4,2.0,7,223493.0,Tertiary,63499.0,63755.0,130.1,55.3,54669.0,15.91,7.41,6,3.6,2462721.0
940,Retail,Eldoret,Q4,4.2,8,226823.0,Secondary,32317.0,33636.0,22.4,57.7,0.0,10.68,7.39,1,2.6,1400723.0
941,Retail,Other,Q4,5.1,8,211603.0,Tertiary,9252.0,9785.0,105.7,47.0,0.0,15.82,7.48,6,2.3,2937582.0
942,Services,Nairobi,Q2,1.9,9,316233.0,Secondary,32682.0,28341.0,78.7,34.0,1332927.0,20.24,7.08,10,3.5,1546929.0
943,Retail,Nairobi,Q3,4.1,9,275020.0,Tertiary,28836.0,26233.0,59.0,28.3,0.0,11.28,6.53,4,4.4,4744589.0
944,Hospitality,Kisumu,Q2,9.6,10,235912.0,Tertiary,34800.0,39685.0,34.8,62.1,16886.0,12.99,6.94,12,4.3,3877694.0
945,Hospitality,Mombasa,Q4,0.7,6,139569.0,Postgraduate,4871.0,5041.0,92.8,66.0,0.0,14.23,7.59,8,4.5,2190887.0
946,Retail,Kisumu,Q3,5.6,9,339391.0,Tertiary,5594.0,5873.0,85.4,52.1,115154.0,14.43,6.33,5,3.5,1958376.0
947,Manufacturing,Nairobi,Q2,3.4,11,249819.0,Tertiary,15173.0,14313.0,94.9,54.7,356886.0,21.39,7.04,6,3.4,1896324.0
948,Services,Mombasa,Q2,5.2,7,200555.0,Secondary,43222.0,45368.0,46.9,39.2,0.0,12.52,7.11,5,3.6,1527007.0
949,Services,Kisumu,Q2,13.7,11,406318.0,Secondary,38730.0,39502.0,113.8,66.1,854953.0,11.88,7.4,11,4.3,3128351.0
950,Hospitality,Kisumu,Q3,5.0,10,325519.0,Primary,46657.0,46681.0,89.3,56.3,0.0,17.97,6.44,6,5.0,3019681.0
951,Agriculture,Nakuru,Q3,4.5,13,315605.0,Tertiary,35263.0,32902.0,49.5,47.0,0.0,13.43,6.4,9,3.3,2707911.0
952,Retail,Eldoret,Q2,8.1,10,211663.0,Tertiary,41137.0,40336.0,139.6,74.1,0.0,18.02,7.02,4,3.5,3513693.0
953,Retail,Nakuru,Q4,6.4,6,233537.0,Tertiary,28705.0,34669.0,72.1,69.2,143360.0,14.87,7.65,5,3.7,2608266.0
954,Retail,Eldoret,Q4,5.6,12,245710.0,Tertiary,21181.0,21647.0,19.0,21.2,0.0,16.97,6.98,5,3.5,2625666.0
955,Technology,Nakuru,Q2,6.6,13,298523.0,Tertiary,37834.0,42116.0,,56.1,0.0,10.48,6.95,7,3.2,1247422.0
956,Services,Kisumu,Q4,11.4,8,242866.0,Secondary,8412.0,8701.0,113.0,33.9,96044.0,16.96,7.81,8,3.6,977593.0
957,Services,Kisumu,Q1,9.2,9,256491.0,Primary,10644.0,10910.0,50.4,58.1,335256.0,16.2,6.89,3,3.1,1174156.0
958,Agriculture,Nairobi,Q4,4.3,13,410797.0,Tertiary,7555.0,7548.0,65.0,0.0,0.0,14.68,7.23,6,4.3,2810278.0
959,Agriculture,Nairobi,Q2,13.2,11,231270.0,Secondary,27206.0,31495.0,115.0,59.3,130288.0,11.56,7.09,6,4.9,2314820.0
960,Agriculture,Kisumu,Q3,3.6,6,159109.0,Primary,8542.0,9224.0,50.8,70.7,164319.0,16.19,6.51,12,3.5,1199372.0
961,Agriculture,Other,Q2,5.6,11,353278.0,Postgraduate,1942.0,1917.0,98.6,52.6,0.0,17.82,7.23,3,5.0,1082443.0
962,Hospitality,Nakuru,Q2,6.1,7,213476.0,Postgraduate,6369.0,6487.0,29.0,29.4,338105.0,13.8,7.38,4,3.6,1577208.0
963,Retail,Nairobi,Q2,4.1,3,72416.0,Tertiary,63566.0,72215.0,77.1,98.0,0.0,13.86,7.16,10,3.1,2630267.0
964,Retail,Kisumu,Q3,12.3,6,123411.0,Secondary,27412.0,22558.0,74.5,80.4,260937.0,18.04,6.42,7,4.2,3488441.0
965,Technology,Nairobi,Q1,4.0,7,189138.0,Tertiary,48395.0,52017.0,,43.3,924188.0,20.97,6.92,10,3.0,1897300.0
966,Agriculture,Eldoret,Q4,4.7,13,246284.0,Secondary,5440.0,5945.0,86.8,49.3,230094.0,18.51,7.3,6,4.2,1989749.0
967,Technology,Other,Q4,10.1,7,251005.0,Tertiary,34103.0,33763.0,,11.4,721969.0,16.23,7.24,9,3.9,2764167.0
968,Retail,Kisumu,Q3,3.7,8,223026.0,Secondary,7774.0,8259.0,62.1,65.4,0.0,14.72,6.24,9,3.4,2721871.0
969,Agriculture,Kisumu,Q3,1.8,11,255462.0,Postgraduate,33387.0,36398.0,64.8,24.9,0.0,15.41,6.27,11,3.3,1488704.0
970,Retail,Nairobi,Q3,5.7,9,199054.0,Postgraduate,46645.0,44384.0,136.6,69.7,0.0,11.26,6.37,2,3.0,3193673.0
971,Retail,Mombasa,Q1,2.3,11,245602.0,Tertiary,37188.0,41552.0,70.6,77.6,153090.0,15.01,6.62,8,4.5,3529602.0
972,Retail,Other,Q3,2.1,14,261854.0,Secondary,25204.0,27064.0,194.0,53.5,0.0,19.08,6.55,7,,2382780.0
973,Retail,Eldoret,Q1,0.7,8,258255.0,Tertiary,61284.0,63598.0,86.6,31.6,0.0,15.63,6.62,3,3.9,1998490.0
974,Technology,Kisumu,Q3,0.8,6,145597.0,Secondary,43157.0,45677.0,,82.5,13651.0,13.5,6.03,5,3.7,2587036.0
975,Hospitality,Mombasa,Q2,0.9,10,311832.0,Postgraduate,12551.0,13889.0,30.8,55.0,454858.0,13.2,6.94,3,3.5,2584931.0
976,Manufacturing,Nairobi,Q3,14.3,11,342582.0,Secondary,8128.0,10041.0,102.4,57.1,268071.0,15.4,6.43,7,4.0,6414635.0
977,Agriculture,Nairobi,Q4,0.9,8,261936.0,Primary,104273.0,114575.0,55.8,34.5,673488.0,11.55,7.31,8,4.1,3479921.0
978,Hospitality,Nairobi,Q1,2.3,11,323285.0,Tertiary,13269.0,14793.0,111.4,59.2,0.0,12.59,7.03,6,3.8,1738704.0
979,Agriculture,Mombasa,Q3,4.8,7,263371.0,Tertiary,21848.0,23279.0,41.6,50.5,0.0,20.41,6.41,7,3.5,1237496.0
980,Retail,Other,Q2,7.9,5,184063.0,Tertiary,10187.0,12246.0,64.7,25.8,138157.0,12.18,7.23,3,2.8,1344206.0
981,Technology,Kisumu,Q2,8.4,9,264522.0,Primary,41515.0,38722.0,,84.5,59778.0,12.94,7.1,6,3.2,3967775.0
982,Services,Nairobi,Q3,2.8,7,215279.0,Tertiary,11182.0,10187.0,98.1,93.7,327165.0,16.43,6.49,8,3.5,3995152.0
983,Services,Nairobi,Q4,5.5,6,148299.0,Primary,24351.0,25866.0,142.7,77.4,0.0,14.09,7.27,7,3.7,2759170.0
984,Agriculture,Nairobi,Q1,4.7,12,267882.0,Primary,32495.0,35836.0,63.8,74.1,0.0,15.78,6.79,5,2.3,3346280.0
985,Retail,Other,Q4,5.3,4,141009.0,Tertiary,14240.0,12019.0,51.8,93.8,0.0,18.26,7.29,8,4.2,1378294.0
986,Technology,Mombasa,Q4,5.8,6,185869.0,Secondary,32170.0,33770.0,,32.0,0.0,10.55,7.43,3,4.0,9863978.0
987,Hospitality,Eldoret,Q3,6.9,9,303485.0,Tertiary,71353.0,73891.0,48.3,31.7,0.0,17.91,6.46,10,3.2,1248518.0
988,Retail,Other,Q3,3.4,7,154496.0,Primary,28626.0,31762.0,143.8,45.9,459971.0,13.64,6.36,7,3.0,1389417.0
989,Hospitality,Nairobi,Q2,11.1,6,231880.0,Primary,39139.0,42439.0,64.4,61.6,571407.0,14.58,7.25,2,3.2,2713266.0
990,Services,Kisumu,Q1,4.0,13,337916.0,Tertiary,17704.0,16028.0,84.2,48.6,0.0,21.65,6.86,11,,2382780.0
991,Manufacturing,Other,Q3,18.9,14,293719.0,Secondary,16485.0,15885.0,25.3,32.6,0.0,11.01,6.43,6,3.4,4057549.0
992,Services,Mombasa,Q4,3.5,7,163529.0,Tertiary,7697.0,7585.0,24.6,55.1,0.0,17.39,7.42,6,3.6,1674010.0
993,Services,Nairobi,Q1,5.6,9,336237.0,Tertiary,26773.0,29694.0,22.6,52.9,0.0,19.11,6.79,7,4.4,2935662.0
994,Retail,Other,Q3,4.7,15,321629.0,Primary,48830.0,52735.0,123.8,73.5,0.0,13.31,6.37,8,4.1,2283418.0
995,Technology,Other,Q3,5.4,6,146175.0,Tertiary,37689.0,37702.0,,56.0,3369.0,13.36,6.51,10,,2382780.0
996,Hospitality,Kisumu,Q4,10.3,6,283349.0,Secondary,16385.0,17394.0,40.6,13.1,0.0,14.32,7.31,4,3.8,1182695.0
997,Manufacturing,Kisumu,Q2,4.5,10,310442.0,Secondary,19105.0,18443.0,104.2,63.5,0.0,13.29,6.96,5,3.0,3525157.0
998,Retail,Nairobi,Q2,2.0,12,288566.0,Primary,72037.0,87451.0,54.0,89.8,652109.0,15.71,6.86,7,5.0,3941192.0
999,Technology,Other,Q2,3.3,8,178359.0,Tertiary,34520.0,37832.0,,55.6,0.0,18.36,7.05,8,3.4,927793.0
1000,Hospitality,Mombasa,Q4,4.5,8,145284.0,Tertiary,42245.0,47014.0,63.7,76.7,229250.0,14.34,7.49,6,2.5,3811131.0
1001,Retail,Nairobi,Q4,6.0,6,175804.0,Tertiary,45913.0,53265.0,112.0,43.9,0.0,18.47,7.3,4,3.9,5825582.0
1002,Hospitality,Nakuru,Q2,2.9,11,321646.0,Postgraduate,17046.0,19284.0,37.6,67.4,366918.0,19.98,7.48,5,2.4,2571251.0
1003,Retail,Other,Q4,3.1,10,352753.0,Secondary,15406.0,16215.0,82.5,38.6,286565.0,16.88,7.53,9,3.6,1664775.0
1004,Retail,Other,Q3,6.1,11,195496.0,Postgraduate,16775.0,17366.0,94.2,49.6,0.0,17.18,6.7,10,3.3,2149430.0
1005,Manufacturing,Nairobi,Q2,6.2,7,138371.0,Tertiary,15085.0,17394.0,23.5,49.8,0.0,13.6,7.22,5,4.1,3100470.0
1006,Hospitality,Nairobi,Q1,9.4,10,303153.0,Postgraduate,62460.0,65716.0,65.9,65.5,177196.0,8.0,7.08,2,4.5,5809175.0
1007,Technology,Other,Q3,3.3,5,209335.0,Postgraduate,20994.0,20786.0,,36.9,249723.0,17.37,6.38,8,3.4,1480624.0
1008,Hospitality,Other,Q3,7.4,7,251442.0,Postgraduate,56476.0,68185.0,25.2,22.8,0.0,18.05,6.12,3,3.4,2118041.0
1009,Services,Kisumu,Q4,4.7,1,29314.0,Secondary,21556.0,21020.0,56.5,65.3,0.0,16.28,7.33,5,4.3,1553518.0
1010,Agriculture,Nakuru,Q3,3.7,8,172328.0,Tertiary,22616.0,20609.0,84.5,64.5,0.0,18.41,6.58,8,3.1,517152.0
1011,Manufacturing,Mombasa,Q1,4.9,9,135490.0,Tertiary,3691.0,4169.0,41.6,57.5,225618.0,13.75,6.82,5,3.8,3535186.0
1012,Agriculture,Mombasa,Q3,5.3,10,283964.0,Tertiary,16002.0,15866.0,58.1,75.5,0.0,17.16,6.54,9,4.1,2509205.0
1013,Agriculture,Nairobi,Q3,1.9,9,253978.0,Secondary,63612.0,69006.0,45.5,50.5,0.0,20.21,6.7,3,3.1,1330988.0
1014,Technology,Nairobi,Q2,2.0,9,230254.0,Postgraduate,61997.0,74109.0,,61.2,375816.0,17.63,7.16,5,3.5,3177298.0
1015,Hospitality,Nairobi,Q2,8.1,13,347718.0,Secondary,15662.0,14722.0,128.7,47.3,6480.0,19.8,7.22,2,3.8,17213225.0
1016,Retail,Other,Q4,3.9,10,231973.0,Tertiary,2181.0,2283.0,215.1,49.3,380950.0,19.82,7.26,5,,2382780.0
1017,Manufacturing,Nairobi,Q3,6.0,3,66994.0,Tertiary,10492.0,12261.0,119.2,62.5,295117.0,11.59,6.34,5,2.7,1984609.0
1018,Services,Nairobi,Q3,7.9,12,378374.0,Secondary,15537.0,17162.0,88.8,100.0,0.0,17.8,6.74,11,3.6,2487953.0
1019,Retail,Kisumu,Q2,4.9,9,200685.0,Tertiary,15627.0,16183.0,106.8,71.3,427404.0,13.48,7.12,4,4.8,2142545.0
1020,Hospitality,Nairobi,Q2,7.5,8,224059.0,Primary,15620.0,19387.0,45.8,67.1,30055.0,11.96,7.01,4,4.5,3596255.0
1021,Services,Nairobi,Q3,5.4,9,258569.0,Tertiary,24727.0,25775.0,55.8,72.0,555855.0,14.59,6.41,5,3.5,2575269.0
1022,Services,Kisumu,Q4,5.5,7,235667.0,Tertiary,9465.0,10239.0,75.3,3.3,0.0,21.11,7.3,0,3.6,1594291.0
1023,Technology,Mombasa,Q3,10.8,6,137700.0,Secondary,22036.0,26045.0,,62.0,0.0,13.76,6.39,3,4.1,3641434.0
1024,Agriculture,Nakuru,Q3,4.5,9,330363.0,Tertiary,29965.0,33815.0,43.6,75.0,98542.0,9.87,6.31,6,4.1,1921684.0
1025,Manufacturing,Other,Q1,8.1,7,174130.0,Secondary,16647.0,19239.0,197.7,56.9,113185.0,10.88,6.57,4,4.8,3712196.0
1026,Hospitality,Nairobi,Q4,1.6,5,130683.0,Tertiary,25656.0,25092.0,56.0,54.1,28343.0,17.03,7.37,2,4.6,3722815.0
1027,Technology,Other,Q1,5.8,12,473728.0,Postgraduate,70727.0,81213.0,,34.3,0.0,13.07,6.71,7,2.6,2620305.0
1028,Hospitality,Other,Q4,12.6,14,324912.0,Secondary,38861.0,41331.0,48.9,45.5,144493.0,8.96,7.57,3,2.4,2912869.0
1029,Services,Other,Q2,19.7,11,366773.0,Tertiary,34962.0,34624.0,72.3,36.7,486952.0,11.0,7.14,3,3.3,4737386.0
1030,Hospitality,Nakuru,Q4,1.6,14,466790.0,Tertiary,17825.0,19033.0,86.0,77.0,326644.0,16.03,7.44,3,2.2,2202104.0
1031,Agriculture,Nakuru,Q4,3.9,15,454194.0,Tertiary,15037.0,16017.0,63.8,88.0,287100.0,17.99,7.29,4,4.7,3403505.0
1032,Manufacturing,Nakuru,Q4,2.4,12,350356.0,Tertiary,23031.0,27624.0,81.0,97.6,160290.0,14.07,7.38,11,2.5,1756969.0
1033,Agriculture,Nakuru,Q4,4.6,7,292091.0,Tertiary,34421.0,37192.0,43.2,36.3,0.0,17.58,7.45,2,3.5,1558355.0
1034,Technology,Nairobi,Q3,9.0,10,258542.0,Tertiary,28420.0,28066.0,,40.3,765668.0,18.43,6.61,4,3.0,3411065.0
1035,Hospitality,Other,Q4,11.1,8,226446.0,Secondary,26358.0,25543.0,115.1,38.5,0.0,12.99,7.39,2,2.4,1759420.0
1036,Manufacturing,Kisumu,Q1,11.3,11,276140.0,Secondary,43338.0,45341.0,17.9,32.6,4614.0,15.11,6.96,4,4.6,8798065.0
1037,Hospitality,Eldoret,Q1,1.5,8,222530.0,Postgraduate,33000.0,31095.0,34.2,32.9,0.0,13.58,6.8,9,3.2,1392659.0
1038,Hospitality,Mombasa,Q3,5.3,7,211528.0,Secondary,41480.0,41180.0,104.5,43.7,84750.0,17.22,6.62,3,,2382780.0
1039,Hospitality,Nairobi,Q4,3.2,9,259549.0,Tertiary,11168.0,11509.0,78.0,74.2,0.0,13.54,7.33,7,4.8,3005461.0
1040,Retail,Kisumu,Q4,4.4,6,88058.0,Secondary,8054.0,8185.0,75.6,39.2,246695.0,11.62,7.13,10,3.7,2121689.0
1041,Retail,Kisumu,Q3,3.6,5,149160.0,Tertiary,66699.0,73912.0,69.9,78.2,86441.0,15.67,6.54,9,2.0,1448120.0
1042,Manufacturing,Mombasa,Q3,1.6,8,155518.0,Tertiary,1982.0,1964.0,119.4,85.1,0.0,19.05,6.61,4,3.4,2036656.0
1043,Manufacturing,Nairobi,Q3,11.1,7,237000.0,Tertiary,9035.0,7701.0,76.6,61.3,198178.0,17.13,6.59,7,5.0,4293399.0
1044,Manufacturing,Nairobi,Q4,2.9,6,167189.0,Secondary,17700.0,16198.0,86.6,82.0,688319.0,18.72,7.46,0,4.0,3139942.0
1045,Retail,Kisumu,Q4,3.3,14,462953.0,Tertiary,56092.0,58817.0,71.1,25.1,235395.0,18.44,7.35,14,3.6,1897378.0
1046,Hospitality,Mombasa,Q1,12.6,10,219775.0,Postgraduate,7798.0,7822.0,36.4,42.7,0.0,15.63,6.68,4,3.2,3881997.0
1047,Retail,Other,Q3,1.3,7,178621.0,Tertiary,3926.0,3733.0,108.5,59.2,0.0,13.59,6.58,6,4.4,2926702.0
1048,Services,Nairobi,Q2,6.9,15,380051.0,Tertiary,11739.0,14165.0,53.2,59.9,0.0,12.72,7.16,10,4.0,2577995.0
1049,Services,Nairobi,Q4,9.8,9,154857.0,Tertiary,16044.0,17910.0,52.9,86.4,432104.0,10.42,7.32,4,3.9,2601132.0
1050,Retail,Nairobi,Q3,12.0,5,162149.0,Secondary,25420.0,26572.0,59.6,33.0,593107.0,19.31,6.67,2,4.6,2861607.0
1051,Manufacturing,Kisumu,Q4,6.5,8,136174.0,Tertiary,35491.0,37928.0,29.0,43.2,0.0,14.44,7.27,10,4.6,4753676.0
1052,Retail,Mombasa,Q2,8.2,16,560959.0,Secondary,44319.0,45595.0,181.0,53.1,319592.0,10.04,7.01,4,4.0,4246016.0
1053,Retail,Nakuru,Q3,9.8,9,287701.0,Secondary,6198.0,5886.0,104.2,43.6,606336.0,19.45,6.75,4,2.4,2059896.0
1054,Retail,Other,Q1,4.7,8,230172.0,Tertiary,1732.0,1961.0,34.7,32.1,0.0,15.8,6.93,3,2.9,706552.0
1055,Hospitality,Nairobi,Q4,2.6,15,414189.0,Postgraduate,24772.0,27698.0,149.7,44.5,356983.0,18.6,7.35,4,3.2,5802637.0
1056,Manufacturing,Nakuru,Q1,13.2,13,400841.0,Postgraduate,7645.0,6818.0,47.6,49.6,0.0,14.66,6.84,5,3.7,3272663.0
1057,Technology,Nairobi,Q2,7.6,12,297723.0,Postgraduate,14650.0,15648.0,,86.8,0.0,12.96,7.12,3,4.9,5009217.0
1058,Retail,Nairobi,Q4,5.3,4,136573.0,Tertiary,18542.0,19968.0,47.3,32.6,0.0,16.93,6.99,5,5.0,1857404.0
1059,Agriculture,Mombasa,Q4,1.7,10,346276.0,Secondary,15573.0,15951.0,134.6,72.9,0.0,17.19,7.26,4,4.0,1536180.0
1060,Manufacturing,Nairobi,Q2,0.6,11,266555.0,Tertiary,3397.0,4137.0,122.2,83.0,154537.0,14.6,7.09,4,4.1,3094010.0
1061,Technology,Kisumu,Q2,6.8,8,250271.0,Postgraduate,26757.0,32352.0,,43.7,0.0,19.7,7.05,4,2.5,2020396.0
1062,Manufacturing,Nakuru,Q1,0.5,9,112282.0,Tertiary,83305.0,84955.0,63.7,60.7,0.0,18.53,6.84,5,3.4,18577485.0
1063,Retail,Eldoret,Q4,5.2,12,193102.0,Tertiary,22091.0,22801.0,101.8,67.7,0.0,17.31,7.57,7,3.3,1340804.0
1064,Manufacturing,Kisumu,Q1,3.0,10,304466.0,Tertiary,92295.0,94398.0,100.1,64.0,0.0,11.95,6.75,5,3.2,2526612.0
1065,Hospitality,Kisumu,Q1,3.6,13,318151.0,Tertiary,1931.0,1933.0,66.0,56.8,0.0,11.5,6.64,4,,2382780.0
1066,Technology,Mombasa,Q2,11.4,3,70758.0,Postgraduate,11546.0,11273.0,,40.1,0.0,19.34,7.15,7,3.3,1889903.0
1067,Hospitality,Nairobi,Q1,3.0,9,268574.0,Tertiary,74387.0,81122.0,105.2,69.6,0.0,8.5,6.75,8,2.2,2034397.0
1068,Manufacturing,Nairobi,Q1,5.4,12,302006.0,Tertiary,11249.0,13576.0,21.5,46.8,457325.0,15.21,6.78,7,4.4,3275883.0
1069,Retail,Nakuru,Q3,3.0,9,191442.0,Secondary,28232.0,33144.0,83.3,55.6,0.0,15.97,6.46,6,4.7,1907494.0
1070,Hospitality,Other,Q3,6.3,6,100910.0,Tertiary,22474.0,25017.0,80.3,58.9,0.0,13.93,6.84,5,3.9,1639772.0
1071,Services,Nairobi,Q2,5.7,6,98335.0,Secondary,18020.0,15451.0,135.1,73.8,172884.0,15.39,6.76,9,3.6,2066110.0
1072,Manufacturing,Kisumu,Q4,5.2,3,103279.0,Postgraduate,44675.0,40245.0,87.6,97.4,0.0,16.84,7.34,5,3.0,1876223.0
1073,Hospitality,Eldoret,Q3,9.8,13,352221.0,Tertiary,23109.0,26232.0,93.1,38.8,194471.0,13.62,6.5,3,3.0,2809314.0
1074,Technology,Other,Q1,1.3,7,253036.0,Tertiary,39270.0,46321.0,,56.2,0.0,18.32,6.68,7,4.6,2301941.0
1075,Services,Kisumu,Q3,1.0,7,181522.0,Secondary,75676.0,82812.0,46.0,22.3,557492.0,17.36,6.63,6,3.1,2107361.0
1076,Hospitality,Kisumu,Q3,1.9,8,242126.0,Tertiary,45653.0,46819.0,82.2,87.6,179877.0,14.92,6.62,10,5.0,4023853.0
1077,Agriculture,Nakuru,Q4,5.8,12,347934.0,Tertiary,8967.0,10385.0,15.0,56.0,173746.0,12.86,7.39,9,4.5,2695287.0
1078,Agriculture,Other,Q1,7.1,9,240280.0,Secondary,105475.0,117107.0,55.0,48.4,617914.0,15.21,6.76,14,4.0,1726104.0
1079,Manufacturing,Nairobi,Q1,0.2,6,167572.0,Postgraduate,34639.0,39523.0,30.4,56.1,0.0,22.25,6.78,7,5.0,5762451.0
1080,Hospitality,Other,Q2,7.0,11,302414.0,Secondary,19460.0,17542.0,47.5,57.3,104851.0,13.08,7.08,4,4.7,2703299.0
1081,Retail,Nairobi,Q2,4.0,9,175628.0,Tertiary,7500.0,8081.0,17.7,38.9,302241.0,20.4,7.09,5,3.4,1380691.0
1082,Technology,Other,Q4,13.5,5,162703.0,Secondary,24257.0,28913.0,,81.1,0.0,9.88,7.37,3,2.9,1608297.0
1083,Technology,Nairobi,Q3,6.7,10,387470.0,Tertiary,12360.0,13499.0,,69.2,203945.0,12.75,6.54,6,3.4,3086767.0
1084,Services,Nairobi,Q3,12.5,10,381122.0,Tertiary,5723.0,6443.0,31.2,72.3,867111.0,13.76,6.61,7,3.6,4532302.0
1085,Technology,Nairobi,Q3,11.0,9,234889.0,Postgraduate,8221.0,8656.0,,40.0,196060.0,18.54,6.32,9,3.1,2446184.0
1086,Services,Mombasa,Q4,4.0,7,177809.0,Primary,4715.0,4991.0,49.9,38.8,0.0,15.68,7.24,8,2.8,896099.0
1087,Services,Nairobi,Q2,9.0,12,303193.0,Postgraduate,17115.0,19892.0,93.5,52.5,0.0,19.69,6.84,10,3.9,4925563.0
1088,Services,Nairobi,Q1,4.0,6,172906.0,Tertiary,20943.0,20868.0,59.6,72.6,0.0,14.44,6.93,5,4.4,1969280.0
1089,Agriculture,Mombasa,Q1,14.5,8,211198.0,Secondary,31269.0,30912.0,22.1,66.0,93944.0,15.33,6.84,5,5.0,3761867.0
1090,Hospitality,Mombasa,Q2,4.3,11,240229.0,Secondary,33898.0,34296.0,16.1,37.9,479755.0,14.45,7.18,4,,2382780.0
1091,Retail,Eldoret,Q3,7.3,6,128527.0,Secondary,14817.0,15586.0,54.9,69.7,0.0,21.98,6.29,8,4.2,1196230.0
1092,Manufacturing,Other,Q2,16.3,12,372586.0,Postgraduate,16501.0,15201.0,58.9,33.6,47235.0,11.92,7.37,6,2.2,5534756.0
1093,Hospitality,Nakuru,Q2,7.5,8,51058.0,Secondary,27006.0,29935.0,109.0,40.4,101217.0,13.87,7.01,3,4.4,2425170.0
1094,Retail,Nairobi,Q2,3.7,8,219029.0,Tertiary,8635.0,8954.0,33.5,58.5,38463.0,12.37,7.13,8,,2382780.0
1095,Agriculture,Nairobi,Q4,1.7,13,292285.0,Tertiary,38162.0,42676.0,144.0,29.2,0.0,17.33,7.53,7,,2382780.0
1096,Hospitality,Other,Q4,1.3,5,166808.0,Postgraduate,17711.0,15594.0,22.3,33.8,0.0,11.85,7.25,6,3.7,584093.0
1097,Retail,Nairobi,Q1,7.0,5,182349.0,Tertiary,42852.0,47934.0,22.5,89.1,105582.0,21.33,6.72,6,3.5,3340340.0
1098,Services,Mombasa,Q1,4.9,10,375934.0,Tertiary,25079.0,29015.0,53.9,85.1,0.0,15.76,6.83,6,2.5,3425784.0
1099,Services,Other,Q1,2.0,8,207759.0,Secondary,19374.0,21022.0,107.0,100.0,605485.0,16.82,7.23,6,,2382780.0
1100,Retail,Other,Q4,8.4,9,201400.0,Postgraduate,51527.0,54227.0,75.4,64.9,0.0,16.98,7.45,11,2.9,2381995.0
1101,Retail,Mombasa,Q2,8.3,9,214754.0,Secondary,5379.0,6021.0,32.7,69.2,549931.0,15.44,7.34,7,3.2,1679091.0
1102,Hospitality,Nakuru,Q4,4.8,9,267248.0,Secondary,30233.0,34820.0,185.7,51.6,0.0,15.89,7.58,7,4.6,2588225.0
1103,Services,Mombasa,Q3,12.8,15,248788.0,Postgraduate,66741.0,72870.0,73.5,47.3,130936.0,15.77,6.56,10,3.4,7686401.0
1104,Services,Eldoret,Q3,1.1,16,611407.0,Secondary,25932.0,28469.0,77.6,74.2,0.0,17.16,6.35,9,3.2,2435649.0
1105,Retail,Nairobi,Q2,3.8,12,321642.0,Secondary,22139.0,26180.0,101.1,85.0,0.0,12.87,7.26,6,4.2,5182809.0
1106,Services,Nairobi,Q2,7.5,11,347654.0,Tertiary,43607.0,48442.0,79.2,72.3,237955.0,12.33,6.88,4,4.0,5953298.0
1107,Retail,Kisumu,Q1,2.2,6,98773.0,Secondary,14736.0,14529.0,48.5,36.5,285766.0,18.13,7.04,9,5.0,1993358.0
1108,Hospitality,Nairobi,Q3,8.9,7,172499.0,Secondary,18412.0,21199.0,155.6,63.6,0.0,15.49,6.53,9,4.5,2049808.0
1109,Technology,Nakuru,Q2,10.7,10,166922.0,Tertiary,7524.0,7825.0,,38.1,799014.0,9.08,6.7,7,,2382780.0
1110,Retail,Mombasa,Q2,0.4,9,289616.0,Tertiary,13996.0,14733.0,170.6,47.9,59529.0,13.98,7.05,11,4.3,1312672.0
1111,Retail,Other,Q1,13.1,8,202225.0,Tertiary,36309.0,38435.0,51.8,91.0,0.0,20.4,6.9,7,4.2,1995051.0
1112,Hospitality,Other,Q4,7.2,9,292432.0,Secondary,18800.0,21197.0,152.2,28.6,694117.0,14.99,7.36,6,5.0,1327260.0
1113,Manufacturing,Mombasa,Q4,3.5,10,293841.0,Tertiary,10493.0,12486.0,31.5,100.0,120750.0,13.8,7.51,7,3.5,5590445.0
1114,Technology,Eldoret,Q2,1.5,7,210683.0,Tertiary,53105.0,55864.0,,67.1,0.0,10.72,6.97,7,4.6,1674488.0
1115,Technology,Nairobi,Q3,9.7,12,318914.0,Secondary,48264.0,57362.0,,44.7,420849.0,13.68,6.3,7,3.4,3737559.0
1116,Retail,Mombasa,Q4,1.9,8,221381.0,Secondary,11678.0,12415.0,26.6,56.5,370061.0,11.78,7.39,8,,2382780.0
1117,Retail,Nairobi,Q3,7.2,5,138208.0,Primary,47986.0,55768.0,163.9,39.9,38963.0,16.87,6.5,1,2.9,2933084.0
1118,Services,Other,Q3,2.0,11,323032.0,Tertiary,35612.0,37958.0,48.6,43.0,0.0,15.66,6.45,4,2.6,1540033.0
1119,Retail,Other,Q2,5.1,11,352696.0,Secondary,27082.0,27369.0,139.6,56.6,73828.0,14.34,7.28,14,4.4,1371625.0
1120,Services,Other,Q3,9.4,11,514226.0,Tertiary,69651.0,83843.0,28.6,47.8,0.0,13.06,6.37,10,3.7,2943931.0
1121,Manufacturing,Other,Q3,3.5,10,391707.0,Postgraduate,30066.0,30155.0,65.8,34.5,0.0,20.38,6.55,5,2.7,1465938.0
1122,Retail,Other,Q3,13.1,6,99631.0,Secondary,12629.0,12598.0,42.7,50.1,0.0,13.24,6.51,9,4.4,1572469.0
1123,Services,Nairobi,Q3,7.6,8,202681.0,Tertiary,17313.0,16439.0,42.9,26.1,233499.0,13.25,6.27,4,1.5,1877894.0
1124,Retail,Other,Q3,2.2,9,230962.0,Secondary,5033.0,5795.0,31.0,27.0,58460.0,14.72,6.3,2,3.1,1370285.0
1125,Hospitality,Kisumu,Q1,1.6,8,298713.0,Primary,34758.0,40677.0,29.4,26.8,77022.0,15.17,6.8,6,2.4,990412.0
1126,Agriculture,Mombasa,Q4,2.7,10,274635.0,Tertiary,68911.0,74414.0,33.6,91.8,0.0,17.04,7.7,6,4.7,2987701.0
1127,Agriculture,Kisumu,Q4,5.0,9,285167.0,Tertiary,30320.0,29450.0,32.8,63.9,0.0,18.48,7.49,5,3.4,2155757.0
1128,Manufacturing,Nairobi,Q1,13.9,7,95640.0,Postgraduate,27129.0,28470.0,122.8,68.1,23920.0,18.24,6.54,4,3.8,6418980.0
1129,Manufacturing,Nairobi,Q2,15.5,9,163419.0,Tertiary,42721.0,43822.0,133.1,55.2,0.0,23.28,6.63,7,3.9,6534168.0
1130,Technology,Nairobi,Q4,3.4,10,405196.0,Secondary,38002.0,36769.0,,66.1,234473.0,10.08,7.51,4,4.3,1988517.0
1131,Technology,Nairobi,Q2,3.3,6,169746.0,Tertiary,54034.0,54623.0,,80.9,29932.0,16.24,7.09,7,4.3,3149913.0
1132,Agriculture,Mombasa,Q4,8.5,6,139367.0,Secondary,23002.0,25083.0,121.3,64.0,0.0,13.83,7.57,6,,2382780.0
1133,Retail,Other,Q4,8.4,9,258756.0,Postgraduate,32412.0,32463.0,92.7,91.1,211503.0,21.93,7.27,4,3.5,1445423.0
1134,Services,Nakuru,Q4,11.7,8,170013.0,Tertiary,22054.0,23672.0,54.2,54.2,0.0,16.06,7.45,8,4.4,2394631.0
1135,Technology,Kisumu,Q1,11.9,11,319023.0,Secondary,7371.0,6692.0,,68.2,0.0,9.01,6.93,4,3.2,2153669.0
1136,Hospitality,Mombasa,Q2,2.6,8,166240.0,Tertiary,9036.0,10702.0,26.1,70.5,15917.0,16.89,7.03,5,3.4,4832388.0
1137,Agriculture,Mombasa,Q3,1.3,5,111203.0,Tertiary,13402.0,13653.0,158.9,34.5,164078.0,16.35,6.44,10,2.5,1709354.0
1138,Hospitality,Nairobi,Q4,7.7,8,218998.0,Tertiary,7121.0,7973.0,78.4,55.9,0.0,17.92,7.4,6,5.0,3847980.0
1139,Retail,Other,Q1,6.0,12,393316.0,Primary,26436.0,28157.0,70.5,14.5,0.0,13.18,6.88,2,2.9,1397532.0
1140,Manufacturing,Nairobi,Q2,0.7,8,240929.0,Primary,44737.0,48414.0,36.9,52.1,263178.0,16.55,7.1,9,4.8,2743112.0
1141,Hospitality,Nakuru,Q1,1.3,15,469822.0,Secondary,14881.0,14278.0,62.6,48.9,437633.0,14.63,6.95,4,,2382780.0
1142,Services,Eldoret,Q4,7.5,12,332848.0,Secondary,4048.0,4004.0,122.4,47.5,0.0,13.35,7.33,3,3.9,1619033.0
1143,Services,Kisumu,Q4,4.6,11,373535.0,Tertiary,12230.0,12120.0,24.1,46.0,43219.0,16.6,7.2,6,4.0,2141575.0
1144,Services,Other,Q1,7.6,13,297441.0,Secondary,18915.0,19899.0,36.5,66.3,89685.0,15.99,7.1,6,2.8,3424040.0
1145,Hospitality,Nairobi,Q1,2.1,14,340610.0,Tertiary,42514.0,49151.0,27.7,35.5,29691.0,18.86,6.71,5,5.0,11008613.0
1146,Hospitality,Other,Q2,7.9,11,328172.0,Tertiary,24564.0,26644.0,140.4,95.9,972237.0,15.59,7.01,12,3.4,2496218.0
1147,Services,Eldoret,Q4,6.5,8,214542.0,Secondary,24521.0,23981.0,23.4,67.5,869174.0,17.43,7.39,5,4.5,2069692.0
1148,Services,Eldoret,Q2,8.3,4,112109.0,Postgraduate,33535.0,35446.0,76.1,37.3,42069.0,11.64,7.11,4,3.3,1460283.0
1149,Agriculture,Nakuru,Q2,3.6,9,226259.0,Tertiary,47330.0,49391.0,27.9,69.2,502215.0,19.96,7.04,5,2.6,2139540.0
1150,Services,Other,Q2,3.0,6,218271.0,Secondary,67130.0,68602.0,71.5,76.9,331701.0,13.01,7.1,4,5.0,1464711.0
1151,Retail,Other,Q3,1.5,6,216033.0,Tertiary,14929.0,15657.0,27.3,63.1,0.0,18.39,6.49,7,3.2,1534559.0
1152,Services,Mombasa,Q2,4.1,7,163643.0,Secondary,23006.0,25562.0,46.2,32.9,93998.0,16.34,7.13,3,4.1,2343798.0
1153,Retail,Other,Q1,10.4,9,153633.0,Postgraduate,14904.0,14791.0,153.1,100.0,332950.0,15.94,6.45,4,1.3,3176498.0
1154,Retail,Eldoret,Q4,12.3,12,279072.0,Tertiary,32270.0,32990.0,84.9,69.1,0.0,17.93,7.68,6,3.6,3262871.0
1155,Agriculture,Mombasa,Q2,1.9,6,134048.0,Tertiary,4009.0,4524.0,69.2,27.6,0.0,8.65,7.08,3,4.2,1582566.0
1156,Retail,Other,Q2,5.0,14,502487.0,Postgraduate,79618.0,86586.0,81.5,59.6,0.0,13.66,7.19,3,,2382780.0
1157,Retail,Mombasa,Q3,14.0,8,296213.0,Tertiary,34871.0,40182.0,160.2,50.2,425698.0,17.89,6.29,6,3.6,2501625.0
1158,Retail,Kisumu,Q3,15.2,9,169563.0,Tertiary,30986.0,36095.0,72.0,55.1,0.0,21.65,6.43,3,3.5,2394808.0
1159,Hospitality,Nairobi,Q1,3.9,10,240459.0,Secondary,12527.0,11790.0,117.8,28.7,0.0,15.42,6.7,5,4.4,3079410.0
1160,Services,Nairobi,Q1,11.0,5,100196.0,Secondary,16940.0,18177.0,119.9,56.2,0.0,8.0,7.02,7,2.7,3793292.0
1161,Retail,Other,Q1,9.8,6,170970.0,Tertiary,7131.0,7197.0,111.0,36.7,864547.0,14.48,6.71,9,3.5,1663656.0
1162,Manufacturing,Mombasa,Q4,9.3,7,203121.0,Tertiary,11912.0,11365.0,221.8,47.3,245028.0,15.31,7.51,5,4.8,5334354.0
1163,Services,Mombasa,Q3,1.1,11,389864.0,Tertiary,47333.0,46711.0,94.3,63.5,65929.0,19.05,6.4,10,2.5,1972701.0
1164,Retail,Nairobi,Q4,3.2,10,288576.0,Tertiary,5016.0,5146.0,113.5,44.5,0.0,15.65,7.33,1,,2382780.0
1165,Retail,Mombasa,Q3,4.6,8,254984.0,Secondary,90805.0,93206.0,46.7,48.6,215858.0,11.41,6.46,7,2.8,2510556.0
1166,Services,Other,Q2,4.5,9,185240.0,Secondary,53905.0,53983.0,66.1,73.0,134788.0,18.58,7.29,5,3.9,1533629.0
1167,Services,Other,Q3,4.9,5,113709.0,Tertiary,30504.0,31996.0,64.1,35.5,0.0,17.32,6.22,6,,2382780.0
1168,Agriculture,Nairobi,Q3,16.3,15,502489.0,Secondary,11143.0,13881.0,36.3,40.7,0.0,13.26,6.3,8,2.9,4348783.0
1169,Services,Kisumu,Q2,4.0,10,242132.0,Tertiary,39311.0,35851.0,39.0,27.4,0.0,17.8,6.81,5,3.7,1777773.0
1170,Retail,Mombasa,Q4,6.7,10,191936.0,Tertiary,36632.0,41796.0,63.5,36.9,0.0,13.75,7.24,1,3.8,2722809.0
1171,Hospitality,Kisumu,Q4,6.6,12,417653.0,Tertiary,14674.0,15386.0,74.1,57.8,245415.0,14.55,7.28,5,3.2,2881413.0
1172,Services,Mombasa,Q4,5.0,8,197884.0,Tertiary,34298.0,34812.0,156.9,69.1,0.0,13.8,7.16,4,3.4,2106091.0
1173,Retail,Mombasa,Q4,2.0,13,447605.0,Tertiary,18854.0,16752.0,36.3,37.3,551788.0,14.51,7.29,6,3.2,2404976.0
1174,Services,Mombasa,Q2,5.5,12,305906.0,Tertiary,3640.0,4045.0,34.9,68.4,770774.0,18.4,6.8,7,1.9,1563715.0
1175,Agriculture,Kisumu,Q1,0.7,8,225684.0,Secondary,7632.0,7134.0,24.6,57.3,56957.0,9.79,6.65,6,4.4,1464640.0
1176,Services,Kisumu,Q2,7.2,9,319863.0,Tertiary,52562.0,58671.0,102.4,24.6,0.0,19.03,7.28,7,4.7,1388310.0
1177,Agriculture,Mombasa,Q3,0.6,11,220445.0,Tertiary,16345.0,19440.0,177.3,58.8,314833.0,16.06,6.56,6,2.3,1279782.0
1178,Hospitality,Other,Q4,6.8,5,191918.0,Secondary,13059.0,12371.0,61.2,81.3,547848.0,14.25,7.43,9,4.7,1754619.0
1179,Retail,Eldoret,Q2,3.1,11,268429.0,Tertiary,26341.0,30120.0,76.3,13.4,412116.0,15.57,6.95,10,4.0,2723059.0
1180,Retail,Nairobi,Q2,2.3,6,182571.0,Postgraduate,2353.0,2476.0,62.1,99.1,0.0,12.59,6.87,9,2.8,1885460.0
1181,Services,Other,Q2,8.6,10,299068.0,Secondary,24154.0,21315.0,96.7,41.6,0.0,10.28,6.93,8,3.5,2591421.0
1182,Retail,Other,Q4,3.7,11,282661.0,Tertiary,27666.0,26383.0,31.5,18.7,48388.0,12.68,7.39,7,3.1,882677.0
1183,Retail,Nairobi,Q1,5.3,10,237910.0,Postgraduate,38524.0,40999.0,85.1,58.0,260716.0,9.43,6.93,5,4.4,3857555.0
1184,Retail,Kisumu,Q2,1.1,7,170336.0,Postgraduate,9124.0,9873.0,62.0,73.3,0.0,11.17,7.24,1,3.0,2094431.0
1185,Retail,Nairobi,Q1,12.9,6,130496.0,Tertiary,14442.0,13338.0,104.6,48.8,56478.0,10.31,6.89,6,5.0,4311065.0
1186,Services,Eldoret,Q4,5.6,9,377347.0,Tertiary,27171.0,28599.0,102.4,61.9,772199.0,19.42,7.29,5,4.6,3295576.0
1187,Hospitality,Nairobi,Q2,5.6,5,119924.0,Postgraduate,9946.0,11099.0,79.5,100.0,0.0,11.39,7.1,2,2.7,2408071.0
1188,Technology,Nakuru,Q1,7.3,10,337036.0,Tertiary,28911.0,32666.0,,59.5,0.0,15.37,6.75,3,5.0,2699871.0
1189,Retail,Nairobi,Q2,0.3,12,391926.0,Secondary,26282.0,26728.0,37.2,100.0,0.0,19.07,7.07,7,4.3,3947160.0
1190,Manufacturing,Kisumu,Q1,13.7,7,212863.0,Primary,2114.0,2294.0,101.1,82.8,79674.0,18.22,7.11,7,3.6,2091453.0
1191,Hospitality,Other,Q2,3.9,7,203647.0,Tertiary,46567.0,52890.0,67.4,56.1,0.0,14.56,6.84,8,4.2,1291580.0
1192,Hospitality,Mombasa,Q4,13.2,11,329566.0,Tertiary,10204.0,11410.0,66.5,61.4,811768.0,14.57,7.36,10,4.4,4007622.0
1193,Services,Other,Q3,3.8,9,252104.0,Secondary,24666.0,27658.0,50.6,48.0,0.0,16.08,6.68,5,3.1,1029775.0
1194,Technology,Other,Q4,3.2,13,383896.0,Secondary,80391.0,85140.0,,60.5,344652.0,22.26,7.18,7,4.4,25691136.0
1195,Services,Other,Q3,7.0,9,163695.0,Tertiary,11275.0,11753.0,146.6,67.4,183522.0,16.82,6.4,8,3.4,978102.0
1196,Retail,Nairobi,Q4,18.4,11,192779.0,Tertiary,33705.0,36124.0,53.2,46.1,291519.0,17.64,7.32,9,4.4,5233421.0
1197,Retail,Other,Q2,11.0,16,588431.0,Postgraduate,94147.0,93101.0,40.7,24.6,416367.0,22.75,7.07,5,3.6,5224834.0
1198,Manufacturing,Nairobi,Q4,7.5,12,140006.0,Tertiary,37487.0,42697.0,56.2,84.1,168667.0,16.39,7.16,11,2.9,8856215.0
1199,Hospitality,Mombasa,Q1,6.9,6,174419.0,Postgraduate,53616.0,49732.0,42.8,76.4,0.0,19.17,6.89,3,4.2,2961541.0
1200,Services,Other,Q2,5.4,14,364045.0,Postgraduate,8188.0,8267.0,84.0,23.8,0.0,17.03,7.2,3,3.4,2473280.0
1201,Agriculture,Nakuru,Q3,12.8,7,205873.0,Secondary,66771.0,69916.0,66.0,58.8,84956.0,16.98,6.58,4,3.8,3578829.0
1202,Agriculture,Kisumu,Q2,8.7,9,182005.0,Tertiary,3731.0,4058.0,98.4,77.6,0.0,12.42,6.97,6,4.0,1788890.0
1203,Services,Mombasa,Q2,1.4,7,198877.0,Primary,35627.0,39283.0,53.6,75.3,0.0,11.89,7.11,5,4.9,2908447.0
1204,Manufacturing,Other,Q1,2.3,8,242450.0,Postgraduate,23863.0,27899.0,231.3,39.7,0.0,13.86,6.67,6,3.4,1566977.0
1205,Retail,Nakuru,Q1,7.7,16,752590.0,Secondary,18418.0,19454.0,25.5,76.6,307150.0,18.32,6.75,7,3.0,1433662.0
1206,Retail,Mombasa,Q3,1.9,11,325760.0,Tertiary,15815.0,15698.0,64.6,55.3,32955.0,18.17,6.82,7,5.0,3198523.0
1207,Manufacturing,Other,Q4,5.6,11,384106.0,Tertiary,38119.0,39583.0,205.6,63.6,0.0,19.77,7.41,5,3.7,3490242.0
1208,Agriculture,Nairobi,Q1,9.2,13,237959.0,Secondary,12553.0,12860.0,99.2,34.8,0.0,15.46,6.62,4,3.3,1801687.0
1209,Retail,Nairobi,Q2,7.0,11,362518.0,Tertiary,16559.0,18076.0,59.0,0.0,47827.0,17.22,7.13,8,4.0,2564558.0
1210,Hospitality,Nakuru,Q4,1.7,10,306646.0,Primary,35818.0,34551.0,81.3,37.9,413112.0,17.23,7.2,5,3.4,1072387.0
1211,Services,Other,Q4,2.4,12,340759.0,Tertiary,52123.0,53997.0,29.3,66.8,466733.0,15.16,7.22,3,3.5,1656227.0
1212,Services,Nairobi,Q1,7.2,5,155071.0,Tertiary,21818.0,25742.0,67.1,50.5,273156.0,14.47,6.64,6,5.0,2677970.0
1213,Agriculture,Nairobi,Q3,17.1,6,236734.0,Secondary,68629.0,73048.0,28.9,69.3,320123.0,10.75,6.43,5,2.9,4955150.0
1214,Hospitality,Nairobi,Q1,4.8,5,156791.0,Tertiary,27533.0,26590.0,19.1,79.3,0.0,15.01,6.94,6,2.5,1707639.0
1215,Retail,Other,Q1,9.4,10,245336.0,Postgraduate,25532.0,26114.0,137.7,47.7,402281.0,15.17,6.89,7,4.7,1884068.0
1216,Agriculture,Nairobi,Q1,7.0,7,174747.0,Secondary,126797.0,110486.0,44.3,45.6,202183.0,19.13,6.88,9,3.4,4723269.0
1217,Hospitality,Kisumu,Q3,3.1,9,274379.0,Tertiary,32062.0,33514.0,27.5,6.9,11610.0,19.45,6.34,7,,2382780.0
1218,Agriculture,Other,Q1,9.5,6,189725.0,Postgraduate,86272.0,101957.0,54.2,21.0,86533.0,15.97,6.72,11,4.2,2490298.0
1219,Manufacturing,Nairobi,Q2,1.1,8,151406.0,Tertiary,119741.0,114361.0,95.5,25.5,106333.0,22.1,7.14,5,,2382780.0
1220,Retail,Kisumu,Q1,9.1,8,244061.0,Primary,8497.0,7932.0,29.0,67.2,176097.0,16.11,6.71,2,4.6,3265959.0
1221,Retail,Kisumu,Q2,7.3,5,114854.0,Postgraduate,12371.0,12343.0,48.1,47.9,0.0,18.81,7.06,6,3.3,2166570.0
1222,Retail,Other,Q3,3.3,13,395171.0,Primary,4712.0,5295.0,102.4,43.2,715392.0,15.18,6.57,3,5.0,1970458.0
1223,Services,Mombasa,Q2,2.1,13,293194.0,Tertiary,40188.0,47678.0,69.1,40.7,238271.0,11.85,7.05,8,3.1,2592321.0
1224,Manufacturing,Mombasa,Q2,3.6,9,250109.0,Tertiary,40632.0,44120.0,139.8,37.9,319974.0,14.14,7.13,6,5.0,3255520.0
1225,Retail,Nairobi,Q3,2.9,10,242302.0,Tertiary,15010.0,14216.0,103.4,75.3,0.0,20.22,6.74,7,5.0,4736926.0
1226,Services,Eldoret,Q3,4.2,9,324343.0,Secondary,1911.0,2003.0,89.4,57.1,265722.0,14.65,6.47,6,3.3,1197394.0
1227,Agriculture,Eldoret,Q1,3.9,12,344366.0,Secondary,33262.0,39687.0,101.3,76.8,0.0,14.01,6.98,7,3.5,2173997.0
1228,Agriculture,Nairobi,Q4,3.3,11,375189.0,Tertiary,5228.0,5360.0,24.9,6.7,543367.0,15.49,7.48,9,3.4,1605300.0
1229,Technology,Mombasa,Q4,1.0,15,655579.0,Secondary,20452.0,21704.0,,66.7,533626.0,14.25,7.18,3,4.9,3246288.0
1230,Retail,Other,Q3,1.8,12,349908.0,Tertiary,41832.0,44728.0,188.9,44.4,45683.0,19.32,6.33,8,3.8,1426593.0
1231,Retail,Nairobi,Q3,10.5,11,386387.0,Tertiary,26973.0,24986.0,51.0,48.8,0.0,21.53,6.37,6,4.1,4290920.0
1232,Agriculture,Nairobi,Q3,3.4,10,215921.0,Tertiary,51809.0,58536.0,64.8,84.8,0.0,15.52,6.37,12,3.6,2053869.0
1233,Retail,Kisumu,Q2,4.3,7,252476.0,Secondary,19492.0,21798.0,44.9,46.4,0.0,17.23,7.09,5,4.1,2054693.0
1234,Manufacturing,Nairobi,Q2,3.7,11,246631.0,Secondary,12901.0,11488.0,44.6,65.8,292585.0,18.61,7.19,4,4.1,4298326.0
1235,Retail,Nairobi,Q2,13.0,8,222935.0,Postgraduate,10736.0,10130.0,109.8,32.6,193963.0,15.85,7.29,4,3.2,6706716.0
1236,Retail,Mombasa,Q1,2.8,8,265786.0,Tertiary,41018.0,39887.0,184.3,55.8,0.0,12.69,6.85,4,5.0,4291985.0
1237,Retail,Nairobi,Q4,2.7,13,419646.0,Primary,22555.0,25033.0,150.3,20.0,430135.0,14.19,7.33,9,3.5,3428542.0
1238,Hospitality,Kisumu,Q2,7.5,9,197117.0,Secondary,12314.0,12190.0,17.5,53.7,0.0,16.82,6.79,8,4.5,1322180.0
1239,Retail,Nakuru,Q2,5.9,6,136321.0,Secondary,32076.0,34709.0,62.2,63.5,91241.0,16.76,7.11,6,2.7,2258253.0
1240,Retail,Kisumu,Q4,7.6,10,332632.0,Postgraduate,4228.0,4378.0,51.7,79.3,31294.0,9.76,7.4,6,,2382780.0
1241,Services,Nairobi,Q3,7.3,9,225789.0,Secondary,25226.0,26631.0,31.1,37.0,0.0,14.1,6.53,2,4.6,4814168.0
1242,Hospitality,Other,Q3,9.7,11,216937.0,Primary,29762.0,32431.0,112.5,43.4,226379.0,13.14,6.82,4,3.9,1499576.0
1243,Hospitality,Nairobi,Q1,1.6,9,236591.0,Tertiary,32930.0,35294.0,54.1,40.8,0.0,18.32,6.99,9,4.6,1787815.0
1244,Retail,Eldoret,Q2,7.0,11,287929.0,Primary,68939.0,72281.0,33.8,49.4,0.0,13.27,7.22,4,,2382780.0
1245,Hospitality,Mombasa,Q3,2.7,6,172410.0,Secondary,18616.0,20034.0,81.7,33.8,109701.0,14.02,6.36,1,4.1,3384985.0
1246,Retail,Eldoret,Q2,0.7,10,291046.0,Postgraduate,30102.0,32130.0,28.9,7.5,105199.0,13.91,7.02,4,2.5,2083972.0
1247,Manufacturing,Nairobi,Q1,7.2,5,155196.0,Tertiary,33900.0,35027.0,127.3,32.1,68525.0,18.03,6.79,6,3.8,19365432.0
1248,Retail,Nairobi,Q4,7.0,12,276442.0,Primary,22778.0,23131.0,132.9,53.9,198425.0,18.6,7.28,6,,2382780.0
1249,Services,Mombasa,Q2,5.1,8,206676.0,Tertiary,7585.0,9105.0,100.1,51.7,450937.0,17.08,7.18,3,3.6,1840545.0
1250,Technology,Nairobi,Q3,9.8,10,313628.0,Secondary,43920.0,44560.0,,67.1,466462.0,19.04,6.55,2,4.8,4522909.0
1251,Retail,Nairobi,Q2,2.7,8,204872.0,Secondary,1870.0,2168.0,61.8,73.5,0.0,19.45,6.94,6,5.0,2063001.0
1252,Retail,Eldoret,Q3,8.1,6,166829.0,Tertiary,8090.0,8051.0,78.5,45.1,518013.0,9.71,6.68,3,2.7,1238621.0
1253,Retail,Other,Q4,4.6,5,101923.0,Tertiary,18172.0,20259.0,60.9,20.1,241469.0,17.39,7.42,5,4.7,2245100.0
1254,Manufacturing,Nairobi,Q4,4.8,10,304770.0,Tertiary,8062.0,9616.0,24.0,63.9,410846.0,14.32,7.14,2,4.8,5618470.0
1255,Retail,Other,Q1,0.9,11,331490.0,Postgraduate,25154.0,25733.0,97.3,54.8,0.0,11.48,6.79,5,4.0,4019389.0
1256,Services,Eldoret,Q3,9.9,7,111038.0,Secondary,55451.0,55263.0,143.7,49.3,236772.0,14.48,6.54,0,4.8,1828437.0
1257,Services,Other,Q4,6.8,7,154732.0,Postgraduate,88417.0,89801.0,45.0,81.8,0.0,17.84,7.55,7,3.4,1726910.0
1258,Services,Nakuru,Q3,7.9,11,211615.0,Tertiary,23122.0,24242.0,107.1,64.9,0.0,20.16,6.45,4,3.3,2918129.0
1259,Agriculture,Nakuru,Q1,2.4,10,298819.0,Secondary,31901.0,34317.0,65.9,57.7,0.0,11.2,6.92,8,3.3,1713237.0
1260,Technology,Kisumu,Q1,6.2,6,103217.0,Tertiary,25045.0,26217.0,,58.6,0.0,17.48,6.83,9,4.3,1783710.0
1261,Retail,Nakuru,Q1,4.6,8,217642.0,Primary,22102.0,22464.0,14.5,73.7,0.0,21.79,6.6,6,3.6,1236732.0
1262,Hospitality,Other,Q1,7.0,13,389179.0,Tertiary,22209.0,26792.0,99.2,39.8,134628.0,21.36,6.59,8,3.1,1233441.0
1263,Hospitality,Nairobi,Q4,6.0,15,425800.0,Tertiary,77481.0,80113.0,87.7,35.6,0.0,8.0,7.57,7,3.2,7958498.0
1264,Technology,Nairobi,Q4,14.6,13,326194.0,Secondary,2553.0,2554.0,,49.8,372937.0,22.47,7.58,11,3.7,1607215.0
1265,Agriculture,Nairobi,Q3,11.8,12,361159.0,Postgraduate,46657.0,52090.0,56.0,29.1,10612.0,18.58,6.55,8,3.0,1951040.0
1266,Services,Other,Q3,4.2,5,171313.0,Secondary,11150.0,12463.0,65.6,54.0,0.0,8.12,6.72,4,4.2,941329.0
1267,Retail,Mombasa,Q4,7.2,9,263041.0,Tertiary,19846.0,23081.0,80.9,57.1,238232.0,13.05,7.56,11,4.7,3418709.0
1268,Technology,Nakuru,Q2,3.9,11,149907.0,Primary,7681.0,9250.0,,53.5,507880.0,19.52,7.2,8,,2382780.0
1269,Agriculture,Other,Q2,9.6,11,380831.0,Secondary,7046.0,7593.0,59.5,47.0,312588.0,16.65,6.96,3,5.0,2053521.0
1270,Agriculture,Other,Q3,4.7,7,203458.0,Secondary,52007.0,53408.0,21.4,91.4,649032.0,13.66,6.76,5,4.0,1297045.0
1271,Technology,Nairobi,Q2,3.5,8,236382.0,Postgraduate,13532.0,12149.0,,75.7,0.0,15.71,7.18,9,5.0,3093241.0
1272,Hospitality,Eldoret,Q1,6.2,14,219314.0,Secondary,24395.0,23784.0,51.1,52.9,0.0,17.25,6.74,8,3.8,2213098.0
1273,Hospitality,Other,Q3,11.2,11,283355.0,Postgraduate,35082.0,37421.0,40.0,57.0,387424.0,13.65,6.4,8,3.5,4306984.0
1274,Agriculture,Nairobi,Q4,10.1,9,215469.0,Secondary,68777.0,65719.0,109.4,85.3,259172.0,15.09,7.44,6,3.8,7712399.0
1275,Retail,Eldoret,Q1,3.7,4,88294.0,Tertiary,7309.0,6748.0,37.2,42.1,125894.0,18.37,6.55,5,3.8,1167072.0
1276,Hospitality,Mombasa,Q1,13.8,9,262644.0,Secondary,71939.0,75915.0,27.0,33.8,0.0,13.26,6.9,5,3.6,4451552.0
1277,Retail,Nakuru,Q2,2.5,11,250228.0,Secondary,29215.0,32491.0,48.6,60.0,335933.0,11.16,6.96,5,2.8,2146682.0
1278,Retail,Kisumu,Q4,3.2,9,232086.0,Postgraduate,28234.0,29089.0,64.8,64.1,0.0,13.46,7.46,4,,2382780.0
1279,Services,Nairobi,Q3,9.3,8,263007.0,Tertiary,18457.0,20704.0,70.1,65.7,0.0,12.66,6.42,10,4.6,4359090.0
1280,Agriculture,Nairobi,Q3,0.7,11,324036.0,Tertiary,16151.0,17755.0,128.4,73.2,696839.0,13.56,6.46,4,4.4,3661269.0
1281,Hospitality,Nairobi,Q3,5.3,11,276212.0,Tertiary,4471.0,5106.0,43.0,38.9,433926.0,9.97,6.39,3,5.0,3684288.0
1282,Hospitality,Nairobi,Q2,4.2,13,335734.0,Tertiary,58454.0,71541.0,99.7,24.0,224976.0,16.25,7.08,9,3.4,3482654.0
1283,Hospitality,Nakuru,Q3,14.3,19,505080.0,Tertiary,6679.0,8410.0,48.7,42.1,0.0,18.28,6.78,4,3.3,2928743.0
1284,Manufacturing,Mombasa,Q1,2.1,6,166227.0,Postgraduate,14393.0,15955.0,16.3,67.8,0.0,12.9,7.01,4,2.8,3001385.0
1285,Technology,Nairobi,Q1,2.3,5,159151.0,Tertiary,52117.0,52806.0,,34.7,0.0,13.41,6.85,7,4.5,2287839.0
1286,Technology,Nakuru,Q4,15.6,9,217920.0,Tertiary,21781.0,22978.0,,12.5,50820.0,14.9,7.4,11,3.0,1860723.0
1287,Hospitality,Nakuru,Q3,4.2,7,252101.0,Tertiary,8588.0,10099.0,76.0,58.2,0.0,12.58,6.63,7,,2382780.0
1288,Hospitality,Kisumu,Q1,11.0,13,376516.0,Tertiary,44428.0,43475.0,26.0,42.5,149923.0,18.65,6.97,7,4.0,3458397.0
1289,Hospitality,Other,Q2,3.7,11,125609.0,Tertiary,16278.0,18977.0,85.0,17.0,50138.0,12.66,6.98,8,2.4,1583217.0
1290,Agriculture,Mombasa,Q1,3.1,8,228755.0,Tertiary,14196.0,14713.0,30.4,56.6,284522.0,13.82,6.79,5,4.3,1025753.0
1291,Agriculture,Other,Q3,11.3,12,437709.0,Tertiary,6978.0,7453.0,20.6,46.5,118262.0,13.06,6.23,5,4.5,1456837.0
1292,Manufacturing,Nairobi,Q4,18.0,9,266016.0,Tertiary,15316.0,15092.0,56.7,91.9,204623.0,18.72,7.57,9,3.9,8077009.0
1293,Agriculture,Eldoret,Q2,11.9,6,156917.0,Postgraduate,18040.0,17032.0,12.4,57.0,323547.0,14.76,7.41,3,3.6,1771096.0
1294,Hospitality,Other,Q2,3.5,10,255924.0,Postgraduate,34532.0,35489.0,59.9,67.9,0.0,21.88,7.11,5,3.7,1880716.0
1295,Hospitality,Other,Q1,5.1,7,214492.0,Tertiary,12089.0,13954.0,99.5,54.6,0.0,16.63,6.48,8,4.8,2287950.0
1296,Hospitality,Kisumu,Q2,2.4,11,360018.0,Tertiary,59663.0,59295.0,187.8,41.9,0.0,19.21,7.19,5,3.7,2380710.0
1297,Retail,Nakuru,Q2,2.8,9,173122.0,Tertiary,53134.0,62645.0,72.4,44.3,0.0,14.46,6.96,3,3.7,2747015.0
1298,Retail,Mombasa,Q1,2.7,12,323608.0,Secondary,53130.0,53351.0,62.6,78.8,0.0,12.48,6.7,2,3.2,2166236.0
1299,Services,Nakuru,Q2,3.8,9,358697.0,Tertiary,27607.0,26628.0,124.1,71.5,0.0,15.39,7.19,11,1.5,2006071.0
1300,Hospitality,Eldoret,Q4,5.7,9,240585.0,Secondary,42317.0,45292.0,28.6,22.3,356311.0,13.33,7.44,2,4.6,1249361.0
1301,Retail,Other,Q4,5.3,12,443569.0,Primary,39526.0,43650.0,37.6,27.5,0.0,9.1,7.33,8,3.7,1123570.0
1302,Agriculture,Mombasa,Q2,8.5,10,521953.0,Postgraduate,49112.0,52307.0,98.0,28.8,277545.0,18.74,7.0,4,3.0,2203190.0
1303,Services,Nairobi,Q4,5.9,13,357839.0,Postgraduate,52443.0,55698.0,47.8,78.3,671398.0,15.6,7.42,6,5.0,6179173.0
1304,Retail,Kisumu,Q1,7.9,8,174216.0,Tertiary,40784.0,48053.0,53.8,16.9,0.0,13.26,6.74,8,,2382780.0
1305,Services,Nairobi,Q4,8.8,8,191745.0,Secondary,41412.0,43797.0,67.3,72.3,65050.0,16.7,7.23,3,3.5,2745509.0
1306,Technology,Nairobi,Q2,3.6,5,184491.0,Tertiary,38686.0,39165.0,,63.8,524752.0,15.65,7.05,4,4.5,3706230.0
1307,Agriculture,Nairobi,Q3,4.6,15,514621.0,Tertiary,41474.0,39788.0,21.0,58.2,213418.0,20.01,6.55,6,4.0,3251708.0
1308,Manufacturing,Eldoret,Q1,29.9,9,399482.0,Tertiary,25672.0,29572.0,36.1,44.6,0.0,16.89,6.77,5,4.0,9433960.0
1309,Retail,Nairobi,Q4,3.3,9,240979.0,Postgraduate,14530.0,14761.0,51.0,81.1,0.0,15.0,7.19,6,3.2,2147068.0
1310,Technology,Nairobi,Q2,8.2,2,63369.0,Secondary,8925.0,9137.0,,57.5,75205.0,17.72,7.25,6,,2382780.0
1311,Hospitality,Nairobi,Q4,1.7,15,344546.0,Secondary,6894.0,7819.0,64.2,23.2,204093.0,15.38,6.99,9,4.5,3722272.0
1312,Technology,Other,Q1,9.0,11,139950.0,Secondary,9726.0,11810.0,,28.4,0.0,16.09,6.73,8,3.2,1966384.0
1313,Agriculture,Nakuru,Q3,2.9,8,229006.0,Primary,50242.0,53765.0,63.6,18.8,429739.0,19.42,6.41,4,2.2,10091473.0
1314,Retail,Nairobi,Q1,5.4,9,177188.0,Secondary,65724.0,68290.0,104.5,81.4,122944.0,11.76,6.82,4,4.5,5616435.0
1315,Retail,Nairobi,Q4,1.5,6,213837.0,Primary,40049.0,42033.0,54.2,86.3,332628.0,12.74,7.48,5,4.2,3132211.0
1316,Manufacturing,Kisumu,Q2,5.0,4,63413.0,Secondary,29682.0,30084.0,13.5,78.9,0.0,14.16,7.27,9,4.4,1339656.0
1317,Agriculture,Nairobi,Q3,5.1,16,356605.0,Secondary,4463.0,4559.0,42.4,51.9,172825.0,14.63,6.39,1,3.7,1854317.0
1318,Retail,Kisumu,Q4,4.5,7,213720.0,Secondary,22292.0,22781.0,68.4,23.6,297527.0,19.2,7.49,4,4.5,1880977.0
1319,Services,Mombasa,Q3,7.1,12,386247.0,Tertiary,13840.0,15541.0,90.7,31.8,56231.0,10.97,6.53,9,,2382780.0
1320,Services,Other,Q1,10.7,13,354468.0,Secondary,13837.0,14431.0,45.3,33.2,187478.0,15.41,6.54,3,3.6,3303313.0
1321,Agriculture,Nairobi,Q1,2.3,12,445245.0,Postgraduate,26922.0,31195.0,72.9,54.0,189990.0,13.74,7.09,6,2.9,3004213.0
1322,Agriculture,Nakuru,Q1,4.6,10,356912.0,Secondary,39848.0,41470.0,49.3,85.5,0.0,20.94,6.58,5,4.6,4298551.0
1323,Retail,Nairobi,Q4,1.6,9,203971.0,Secondary,24867.0,25380.0,37.9,85.4,0.0,18.33,7.46,5,3.7,3546062.0
1324,Services,Other,Q4,0.9,8,305894.0,Primary,99344.0,114468.0,90.7,44.3,330821.0,16.26,7.46,8,3.9,969490.0
1325,Hospitality,Other,Q2,5.9,8,307506.0,Tertiary,29008.0,30508.0,80.6,5.8,83151.0,18.6,7.14,9,4.0,2267118.0
1326,Services,Eldoret,Q4,2.2,9,250532.0,Secondary,3715.0,3864.0,222.9,29.3,53716.0,11.28,7.33,8,3.5,1149703.0
1327,Hospitality,Mombasa,Q1,5.2,4,115153.0,Tertiary,77863.0,81965.0,45.4,81.1,0.0,21.99,6.92,7,4.4,3995921.0
1328,Agriculture,Nairobi,Q3,6.0,12,346046.0,Secondary,23803.0,27786.0,131.2,60.1,93613.0,12.81,6.27,8,5.0,6040309.0
1329,Retail,Other,Q2,1.1,8,189083.0,Postgraduate,65436.0,70310.0,23.9,47.2,0.0,19.52,7.09,6,4.5,2865007.0
1330,Retail,Eldoret,Q1,6.7,7,166693.0,Secondary,6707.0,7713.0,131.3,45.6,0.0,17.27,6.72,5,2.3,2141075.0
1331,Services,Nairobi,Q2,10.4,7,253376.0,Tertiary,11985.0,12359.0,64.5,38.5,0.0,16.35,7.0,9,3.8,3249050.0
1332,Agriculture,Mombasa,Q2,7.7,6,183240.0,Postgraduate,9580.0,10894.0,51.0,28.5,0.0,19.39,7.16,5,3.8,1714184.0
1333,Agriculture,Mombasa,Q2,2.4,8,199896.0,Secondary,49307.0,52710.0,80.8,100.0,58975.0,18.69,7.26,2,4.7,5359265.0
1334,Technology,Other,Q1,5.0,5,108227.0,Secondary,58226.0,65249.0,,92.8,0.0,15.84,6.75,6,3.3,1841015.0
1335,Technology,Nakuru,Q2,5.4,8,193635.0,Tertiary,36210.0,40821.0,,36.9,0.0,14.15,7.22,7,2.9,1576409.0
1336,Services,Nakuru,Q1,4.7,9,228826.0,Secondary,30749.0,29970.0,34.4,16.4,0.0,15.89,6.81,6,4.4,2164798.0
1337,Retail,Nakuru,Q4,1.7,8,261935.0,Primary,4142.0,4373.0,23.7,58.7,0.0,15.17,7.27,7,3.7,1807298.0
1338,Agriculture,Nairobi,Q2,2.7,5,120644.0,Tertiary,13156.0,14821.0,81.1,51.8,0.0,16.63,7.06,6,3.2,2462350.0
1339,Services,Mombasa,Q1,4.4,13,409764.0,Primary,14901.0,16977.0,78.2,68.8,0.0,18.77,6.76,8,3.5,1582304.0
1340,Hospitality,Nairobi,Q3,6.0,9,276427.0,Postgraduate,5405.0,6217.0,120.9,73.8,0.0,17.0,6.4,8,2.6,3558553.0
1341,Retail,Eldoret,Q4,3.3,10,268239.0,Tertiary,22874.0,24209.0,47.7,29.3,0.0,16.09,7.46,7,3.8,2319527.0
1342,Services,Mombasa,Q2,0.8,10,314476.0,Tertiary,36889.0,43279.0,41.8,83.2,503841.0,13.41,7.14,10,3.5,2158467.0
1343,Agriculture,Mombasa,Q4,3.5,9,275317.0,Secondary,45631.0,45514.0,79.7,47.2,781313.0,16.54,7.16,8,4.1,1613376.0
1344,Agriculture,Nairobi,Q3,14.6,14,275621.0,Tertiary,38790.0,36091.0,66.7,68.4,0.0,10.07,6.25,5,3.5,8518069.0
1345,Technology,Nairobi,Q3,6.7,13,289641.0,Tertiary,19399.0,19938.0,,49.2,0.0,12.95,6.56,7,3.7,5502820.0
1346,Manufacturing,Kisumu,Q2,5.8,8,226748.0,Primary,15854.0,18163.0,40.1,75.3,0.0,17.44,6.98,10,3.3,3763749.0
1347,Hospitality,Nairobi,Q1,2.7,9,287670.0,Postgraduate,20387.0,19635.0,130.6,3.0,430923.0,18.33,6.85,5,3.5,1409294.0
1348,Hospitality,Nairobi,Q2,3.6,10,377484.0,Tertiary,22375.0,20863.0,76.7,71.2,0.0,15.43,7.22,5,2.8,2485392.0
1349,Hospitality,Eldoret,Q4,0.8,9,244887.0,Tertiary,9177.0,8373.0,119.2,36.7,119176.0,16.14,7.21,6,4.5,1595382.0
1350,Retail,Mombasa,Q4,2.5,12,439391.0,Secondary,16607.0,18415.0,58.4,56.6,0.0,16.68,7.19,10,3.7,3781059.0
1351,Services,Mombasa,Q4,6.5,9,222263.0,Secondary,14203.0,13268.0,38.8,82.4,0.0,17.68,7.65,3,2.1,15389983.0
1352,Services,Mombasa,Q4,5.9,6,159211.0,Tertiary,71550.0,78270.0,82.6,37.3,0.0,14.86,7.45,7,2.4,2053548.0
1353,Hospitality,Other,Q2,3.1,11,272986.0,Tertiary,48462.0,49613.0,96.2,33.9,0.0,12.35,7.04,6,4.5,2153935.0
1354,Hospitality,Nairobi,Q2,4.7,4,98364.0,Secondary,36607.0,36181.0,21.3,46.8,0.0,16.74,6.96,9,3.7,2343252.0
1355,Services,Eldoret,Q4,5.3,9,284400.0,Primary,10767.0,10445.0,178.3,45.4,597097.0,21.77,7.32,2,3.7,2234083.0
1356,Retail,Other,Q3,3.2,6,69617.0,Tertiary,42107.0,44907.0,41.5,31.9,0.0,12.55,6.32,4,3.7,2815836.0
1357,Agriculture,Nakuru,Q2,7.0,2,49698.0,Secondary,12764.0,12632.0,70.9,57.3,723569.0,15.09,7.23,5,4.1,2067662.0
1358,Agriculture,Mombasa,Q2,5.8,10,345330.0,Secondary,42448.0,44554.0,93.2,58.5,144218.0,14.26,6.98,3,4.9,4710008.0
1359,Manufacturing,Eldoret,Q4,3.7,8,209336.0,Tertiary,19884.0,21516.0,66.3,65.2,0.0,23.22,7.56,3,4.1,1798039.0
1360,Retail,Mombasa,Q1,1.8,9,296706.0,Primary,54488.0,59883.0,68.8,37.0,484608.0,12.43,6.74,6,3.9,1835576.0
1361,Manufacturing,Mombasa,Q1,3.5,4,168419.0,Primary,6448.0,7253.0,69.9,34.2,0.0,14.99,6.64,6,3.2,1045288.0
1362,Hospitality,Kisumu,Q3,3.3,9,257118.0,Primary,40982.0,43571.0,15.7,52.4,90785.0,14.33,6.44,10,2.5,1673696.0
1363,Manufacturing,Nairobi,Q1,3.1,8,293208.0,Postgraduate,57810.0,55844.0,72.5,49.6,162130.0,11.49,6.41,4,4.1,3695750.0
1364,Retail,Nairobi,Q1,1.2,10,458956.0,Secondary,20785.0,22598.0,47.1,50.0,484487.0,11.31,6.78,1,4.1,3442622.0
1365,Agriculture,Mombasa,Q4,12.2,7,214239.0,Tertiary,19591.0,21599.0,117.7,39.4,143254.0,17.32,7.37,10,4.6,3544374.0
1366,Agriculture,Nairobi,Q2,11.8,12,318927.0,Postgraduate,24595.0,25468.0,105.7,62.3,206913.0,17.77,7.22,7,5.0,5191694.0
1367,Retail,Mombasa,Q3,4.5,7,220596.0,Tertiary,36314.0,37293.0,24.7,34.3,0.0,13.71,6.22,6,2.8,2751539.0
1368,Retail,Kisumu,Q2,5.9,10,380862.0,Tertiary,15296.0,19090.0,23.8,52.3,0.0,20.01,7.27,7,3.2,1560153.0
1369,Retail,Other,Q1,6.9,10,299473.0,Tertiary,13360.0,12646.0,182.6,48.3,461252.0,8.3,6.92,4,4.2,1461407.0
1370,Hospitality,Nairobi,Q1,4.6,8,209684.0,Secondary,78897.0,85958.0,9.5,54.3,0.0,11.47,6.99,10,3.7,1971368.0
1371,Retail,Nakuru,Q4,6.2,17,653123.0,Tertiary,18812.0,21327.0,42.8,81.1,0.0,12.86,7.39,6,4.9,4879243.0
1372,Technology,Mombasa,Q1,7.6,14,384319.0,Postgraduate,23473.0,24006.0,,26.1,0.0,15.47,6.95,3,3.5,5561869.0
1373,Hospitality,Nairobi,Q3,5.7,7,262190.0,Tertiary,17030.0,17652.0,128.4,2.4,0.0,14.06,6.28,4,5.0,4579105.0
1374,Services,Nairobi,Q2,8.5,15,429950.0,Tertiary,38456.0,39143.0,60.0,41.9,0.0,14.86,7.21,3,3.7,3959585.0
1375,Technology,Nairobi,Q2,3.0,9,351179.0,Secondary,14191.0,14900.0,,29.7,207356.0,17.05,6.98,4,5.0,3339694.0
1376,Retail,Nairobi,Q4,5.0,7,151471.0,Postgraduate,21992.0,24674.0,67.3,0.0,544959.0,20.16,7.15,7,1.8,1136815.0
1377,Manufacturing,Nairobi,Q3,23.6,10,227464.0,Secondary,50444.0,52166.0,173.7,93.4,547565.0,18.07,6.33,7,4.1,18971159.0
1378,Services,Mombasa,Q3,9.8,10,356848.0,Tertiary,45872.0,59580.0,87.4,67.3,0.0,15.68,6.5,6,3.7,4665304.0
1379,Manufacturing,Kisumu,Q2,5.7,14,313071.0,Secondary,18519.0,18774.0,86.3,69.7,316605.0,15.24,6.98,7,2.0,3573171.0
1380,Hospitality,Nairobi,Q2,2.3,9,260042.0,Tertiary,25099.0,29120.0,20.6,48.7,0.0,19.02,7.16,7,3.7,1100113.0
1381,Hospitality,Nairobi,Q3,5.2,12,387226.0,Tertiary,11286.0,12341.0,121.3,64.3,369954.0,21.53,6.23,4,2.7,3156909.0
1382,Retail,Nairobi,Q1,9.4,8,133792.0,Tertiary,25073.0,26544.0,34.0,45.7,65780.0,17.54,6.48,5,,2382780.0
1383,Agriculture,Kisumu,Q1,8.1,8,244548.0,Secondary,88933.0,103844.0,83.1,72.9,1030414.0,13.93,7.01,5,3.9,3236771.0
1384,Technology,Nairobi,Q3,0.9,6,209338.0,Tertiary,43687.0,40279.0,,59.2,0.0,16.33,6.64,5,3.6,2257923.0
1385,Technology,Kisumu,Q3,1.2,6,167341.0,Secondary,11204.0,12145.0,,54.2,636141.0,17.36,6.34,9,4.0,1267942.0
1386,Retail,Nairobi,Q1,1.3,10,227096.0,Secondary,5517.0,5476.0,64.7,55.9,0.0,13.72,6.8,3,3.8,1770826.0
1387,Manufacturing,Nairobi,Q4,7.0,7,180035.0,Tertiary,11462.0,11636.0,253.0,87.2,0.0,18.27,7.55,4,5.0,5101180.0
1388,Hospitality,Other,Q3,1.3,11,252563.0,Tertiary,7990.0,8081.0,49.7,58.7,126927.0,16.34,6.56,4,3.9,912968.0
1389,Technology,Nairobi,Q1,2.3,9,253824.0,Tertiary,22134.0,21534.0,,32.3,0.0,19.23,6.82,3,3.8,2688056.0
1390,Retail,Nairobi,Q4,4.5,9,228723.0,Secondary,53479.0,49083.0,59.5,62.4,0.0,12.37,7.56,4,4.0,5376109.0
1391,Technology,Nairobi,Q4,10.4,14,381094.0,Tertiary,22346.0,24158.0,,65.8,0.0,9.93,7.29,7,3.7,3728194.0
1392,Services,Other,Q2,7.2,10,300632.0,Postgraduate,14347.0,14989.0,83.0,51.8,558464.0,14.24,7.1,1,2.4,2135138.0
1393,Retail,Kisumu,Q2,4.1,8,266007.0,Primary,18865.0,19355.0,109.3,53.9,0.0,15.58,7.1,6,4.3,2157439.0
1394,Retail,Kisumu,Q2,8.6,11,359028.0,Tertiary,35682.0,39633.0,31.1,31.5,0.0,9.74,7.06,6,4.7,3744215.0
1395,Services,Other,Q3,17.4,11,379897.0,Tertiary,28034.0,30449.0,55.3,57.1,0.0,13.55,6.44,3,4.9,5473989.0
1396,Retail,Nairobi,Q1,5.2,8,313272.0,Postgraduate,11709.0,12045.0,68.0,28.3,72369.0,19.61,6.81,7,4.3,3138480.0
1397,Agriculture,Other,Q2,1.7,10,236467.0,Tertiary,43868.0,56769.0,102.5,49.5,0.0,17.21,7.11,8,3.5,2027912.0
1398,Technology,Nairobi,Q1,2.3,4,121972.0,Tertiary,9699.0,10974.0,,40.3,0.0,15.94,6.64,6,3.9,2007595.0
1399,Agriculture,Nakuru,Q1,2.3,10,253890.0,Secondary,26571.0,33096.0,19.6,76.6,669631.0,12.12,6.92,8,5.0,2657565.0
1400,Hospitality,Mombasa,Q2,2.8,6,120376.0,Secondary,16782.0,17064.0,181.5,89.1,0.0,19.5,6.95,3,3.5,2441811.0
1401,Hospitality,Mombasa,Q3,3.9,13,387563.0,Postgraduate,20851.0,22311.0,87.7,29.8,382576.0,14.16,6.47,9,2.7,2541077.0
1402,Retail,Other,Q4,6.1,9,188789.0,Postgraduate,10105.0,9610.0,65.7,54.9,860207.0,15.8,7.36,5,5.0,2796588.0
1403,Technology,Nairobi,Q1,1.4,4,125212.0,Tertiary,25320.0,25916.0,,48.2,0.0,16.8,6.85,6,2.9,1643314.0
1404,Hospitality,Other,Q1,1.7,3,54923.0,Tertiary,9092.0,9122.0,139.9,65.2,62695.0,16.05,6.48,5,2.4,1089741.0
1405,Retail,Mombasa,Q2,7.5,10,262262.0,Tertiary,15787.0,20360.0,59.0,57.1,151211.0,20.27,7.23,8,4.0,2066612.0
1406,Hospitality,Nakuru,Q3,3.4,13,234220.0,Primary,19848.0,19741.0,54.7,46.5,0.0,17.34,6.4,5,4.0,1010196.0
1407,Technology,Other,Q4,2.5,9,329755.0,Postgraduate,11904.0,12277.0,,57.1,0.0,16.58,7.58,4,4.1,1613582.0
1408,Retail,Nairobi,Q3,4.2,12,279657.0,Tertiary,60108.0,56123.0,55.2,50.3,495554.0,15.22,6.43,2,4.4,3227737.0
1409,Services,Other,Q3,11.6,8,202906.0,Tertiary,15748.0,17208.0,91.3,90.0,55210.0,16.88,6.49,7,3.6,4894956.0
1410,Manufacturing,Kisumu,Q1,8.2,11,377706.0,Secondary,18773.0,18360.0,55.2,37.5,125449.0,14.83,7.09,4,3.6,2215348.0
1411,Services,Nakuru,Q1,7.9,9,256180.0,Secondary,24638.0,27681.0,53.8,60.7,313915.0,16.11,6.76,7,3.2,2891827.0
1412,Technology,Nairobi,Q1,14.3,10,270727.0,Secondary,6800.0,6167.0,,66.2,0.0,14.41,6.99,9,3.8,2661288.0
1413,Services,Kisumu,Q3,6.3,7,188609.0,Tertiary,4331.0,4506.0,77.0,64.6,104114.0,13.9,6.51,5,4.1,2008760.0
1414,Technology,Nakuru,Q2,15.1,11,353204.0,Tertiary,19871.0,17930.0,,48.4,0.0,12.57,7.16,5,4.4,2401482.0
1415,Retail,Mombasa,Q1,15.9,8,271604.0,Secondary,5186.0,5241.0,92.2,85.1,77702.0,14.63,6.81,4,3.0,2203527.0
1416,Services,Nairobi,Q3,1.5,4,126987.0,Tertiary,31058.0,31898.0,112.9,9.0,0.0,14.42,6.63,4,2.7,1905710.0
1417,Agriculture,Nairobi,Q4,1.1,7,176204.0,Postgraduate,32155.0,32222.0,69.1,30.9,360037.0,21.35,7.3,4,4.4,1883514.0
1418,Agriculture,Other,Q2,2.2,10,347087.0,Secondary,31049.0,31359.0,37.2,69.6,0.0,18.67,6.95,7,3.3,1692533.0
1419,Services,Nairobi,Q4,10.9,16,354408.0,Tertiary,41533.0,46836.0,87.1,35.6,0.0,15.07,7.3,8,2.9,6536448.0
1420,Technology,Nakuru,Q3,4.3,3,73922.0,Tertiary,19801.0,24235.0,,34.4,0.0,14.15,6.51,11,2.2,609705.0
1421,Manufacturing,Other,Q3,3.9,8,222255.0,Secondary,61294.0,66022.0,86.3,44.7,289864.0,17.47,6.47,12,4.8,3372377.0
1422,Agriculture,Nairobi,Q4,8.8,9,317039.0,Tertiary,28826.0,28284.0,101.5,37.7,0.0,21.72,7.51,9,3.9,1970790.0
1423,Hospitality,Nairobi,Q1,3.2,7,149279.0,Tertiary,57964.0,61159.0,53.9,69.0,197815.0,18.05,7.0,6,4.1,2616859.0
1424,Hospitality,Nakuru,Q4,5.7,8,279596.0,Secondary,40194.0,41064.0,41.5,74.9,0.0,10.0,7.25,6,4.0,1457610.0
1425,Hospitality,Nairobi,Q4,7.5,15,442141.0,Secondary,20357.0,22824.0,74.0,56.9,0.0,18.26,7.29,7,3.9,2092743.0
1426,Hospitality,Kisumu,Q4,2.4,9,225302.0,Postgraduate,28668.0,30761.0,47.9,78.2,98740.0,18.83,7.18,7,3.7,1110509.0
1427,Retail,Nakuru,Q3,1.9,9,324036.0,Secondary,35491.0,32785.0,142.3,24.5,105587.0,22.54,6.8,6,3.6,1561106.0
1428,Retail,Kisumu,Q4,5.2,15,325222.0,Tertiary,4035.0,4591.0,88.7,56.7,339759.0,14.71,7.45,4,2.9,2171476.0
1429,Services,Mombasa,Q4,5.7,10,370149.0,Tertiary,6902.0,7781.0,50.1,84.7,0.0,15.94,7.47,12,2.3,1705949.0
1430,Hospitality,Nakuru,Q4,8.4,14,411605.0,Tertiary,69383.0,81150.0,32.5,76.5,408610.0,16.94,7.2,7,,2382780.0
1431,Technology,Kisumu,Q4,2.1,9,255756.0,Tertiary,35243.0,35550.0,,86.6,110072.0,13.06,7.4,3,3.7,1219953.0
1432,Manufacturing,Nairobi,Q4,2.8,7,264094.0,Tertiary,49412.0,53072.0,36.0,42.0,0.0,12.77,7.48,2,3.3,3109046.0
1433,Retail,Kisumu,Q2,15.8,6,163654.0,Tertiary,19592.0,18715.0,66.9,75.2,0.0,16.78,7.06,8,3.1,4124455.0
1434,Retail,Other,Q3,9.7,8,263199.0,Tertiary,58738.0,61434.0,77.6,45.6,626600.0,10.56,6.66,7,4.5,3091594.0
1435,Retail,Nakuru,Q2,4.6,8,125605.0,Secondary,20551.0,22231.0,36.3,68.1,257173.0,11.29,7.45,3,3.8,4164446.0
1436,Technology,Mombasa,Q4,10.7,8,209273.0,Secondary,35031.0,35000.0,,83.8,0.0,18.11,7.26,9,3.0,2754312.0
1437,Retail,Nairobi,Q4,2.1,7,207170.0,Tertiary,64416.0,69401.0,130.2,37.5,0.0,17.09,7.25,12,3.5,2991573.0
1438,Agriculture,Nairobi,Q4,4.2,9,305185.0,Secondary,38253.0,40679.0,24.9,14.2,1049618.0,19.5,7.27,7,3.9,1858988.0
1439,Technology,Nairobi,Q3,5.6,2,62808.0,Tertiary,9783.0,9920.0,,95.6,163009.0,16.98,6.74,3,3.4,1429597.0
1440,Technology,Nairobi,Q2,3.8,16,542796.0,Secondary,21720.0,25234.0,,65.7,0.0,15.53,7.26,8,4.4,3081167.0
1441,Retail,Other,Q1,3.9,7,251011.0,Primary,29542.0,30465.0,44.5,52.6,145101.0,19.63,6.78,7,5.0,2182093.0
1442,Retail,Nairobi,Q3,8.1,6,180620.0,Secondary,36769.0,38999.0,23.8,51.4,0.0,14.15,6.51,5,3.4,3777890.0
1443,Retail,Other,Q3,9.8,8,125270.0,Tertiary,54068.0,50426.0,62.0,8.9,0.0,14.43,6.38,10,3.5,2237117.0
1444,Retail,Nairobi,Q3,3.5,8,289630.0,Tertiary,36985.0,40370.0,46.1,59.6,0.0,15.29,6.63,11,3.0,4555017.0
1445,Retail,Nairobi,Q3,1.6,7,158104.0,Tertiary,22510.0,22777.0,61.5,43.3,397760.0,16.94,6.44,9,3.6,2644425.0
1446,Agriculture,Mombasa,Q4,1.3,8,238460.0,Tertiary,18919.0,21314.0,93.2,56.2,62780.0,15.29,7.36,7,2.1,1673531.0
1447,Technology,Nairobi,Q1,0.7,9,270193.0,Postgraduate,19749.0,18665.0,,55.7,0.0,10.75,6.89,10,4.6,4579634.0
1448,Agriculture,Eldoret,Q2,14.1,6,162133.0,Tertiary,15991.0,17341.0,72.0,0.0,470054.0,14.65,7.07,10,2.6,1149938.0
1449,Manufacturing,Other,Q3,8.1,12,262805.0,Primary,15357.0,13444.0,165.2,65.8,816471.0,15.4,6.46,8,,2382780.0
1450,Retail,Other,Q4,6.9,7,128884.0,Postgraduate,48676.0,53508.0,50.2,59.2,46436.0,15.87,7.4,3,3.8,1620674.0
1451,Services,Nairobi,Q4,3.2,9,199683.0,Primary,26516.0,27471.0,85.6,62.1,125283.0,14.06,7.52,7,4.8,2719051.0
1452,Manufacturing,Eldoret,Q4,3.2,13,429212.0,Tertiary,16264.0,17597.0,15.5,51.0,171879.0,17.12,7.65,4,3.0,1036780.0
1453,Services,Nairobi,Q4,10.0,10,192390.0,Tertiary,24136.0,24184.0,22.4,56.1,369386.0,10.35,7.49,8,3.6,3747332.0
1454,Technology,Other,Q4,1.1,11,255877.0,Secondary,17190.0,16744.0,,58.8,207815.0,16.83,7.52,7,3.9,15507424.0
1455,Hospitality,Kisumu,Q3,3.6,6,168310.0,Tertiary,4634.0,4705.0,133.8,61.0,0.0,21.24,6.47,8,3.2,996634.0
1456,Retail,Nairobi,Q1,10.9,9,213234.0,Secondary,37316.0,39755.0,47.0,65.5,143686.0,13.56,6.69,7,,2382780.0
1457,Retail,Nairobi,Q3,3.6,11,285511.0,Primary,50827.0,55713.0,87.2,61.2,0.0,15.68,6.6,5,2.4,2640775.0
1458,Hospitality,Nairobi,Q3,7.8,4,110291.0,Primary,44795.0,48124.0,46.6,95.7,0.0,14.71,6.53,9,3.3,2389722.0
1459,Technology,Nairobi,Q1,4.7,6,178456.0,Primary,42908.0,41838.0,,39.0,0.0,14.76,6.59,6,4.7,1734138.0
1460,Hospitality,Other,Q4,0.2,8,168892.0,Primary,9178.0,10986.0,57.2,46.8,0.0,12.21,7.35,3,4.4,1164520.0
1461,Services,Eldoret,Q3,4.6,12,351327.0,Tertiary,58545.0,63031.0,91.8,92.2,0.0,21.87,6.49,4,3.3,4924949.0
1462,Agriculture,Other,Q4,5.2,7,213405.0,Tertiary,14774.0,14777.0,119.4,51.6,226344.0,16.73,7.32,5,2.9,1063321.0
1463,Retail,Nairobi,Q1,4.3,11,226529.0,Tertiary,7822.0,8479.0,62.1,75.5,387468.0,13.35,7.02,0,3.5,3383952.0
1464,Hospitality,Kisumu,Q4,1.8,8,222265.0,Tertiary,2277.0,2438.0,87.0,58.0,0.0,12.99,7.47,1,2.5,1364359.0
1465,Manufacturing,Nairobi,Q2,4.3,8,185039.0,Primary,29051.0,30096.0,68.6,50.0,0.0,15.7,7.31,7,,2382780.0
1466,Manufacturing,Kisumu,Q3,0.7,10,303906.0,Secondary,59539.0,61122.0,72.5,76.7,196115.0,8.56,6.54,2,3.4,3487122.0
1467,Hospitality,Nairobi,Q3,3.6,12,377704.0,Tertiary,53955.0,60904.0,36.7,66.4,0.0,18.87,6.51,5,3.3,2679550.0
1468,Retail,Nairobi,Q3,8.2,7,163669.0,Postgraduate,24770.0,29432.0,39.3,21.3,0.0,13.86,6.36,12,3.6,3211681.0
1469,Services,Kisumu,Q4,13.6,13,431968.0,Tertiary,47655.0,42275.0,30.9,58.8,0.0,16.74,7.4,8,4.1,3774932.0
1470,Retail,Nairobi,Q1,12.2,12,440317.0,Primary,90996.0,104504.0,48.7,33.1,44810.0,16.89,6.8,4,2.9,2462381.0
1471,Technology,Mombasa,Q3,2.1,7,244066.0,Tertiary,18067.0,18999.0,,83.0,705992.0,18.59,6.29,5,4.5,1219520.0
1472,Retail,Nakuru,Q4,1.3,12,354363.0,Postgraduate,34098.0,36449.0,152.4,93.6,872141.0,17.08,7.32,7,4.6,1584978.0
1473,Retail,Nairobi,Q1,5.6,11,379688.0,Tertiary,60329.0,69868.0,109.5,96.2,166311.0,17.88,6.75,7,5.0,4764403.0
1474,Agriculture,Other,Q2,5.0,12,376091.0,Secondary,8076.0,6765.0,84.6,62.9,353270.0,18.76,7.16,8,3.9,1862415.0
1475,Agriculture,Kisumu,Q2,7.4,6,98497.0,Primary,8789.0,9801.0,67.5,44.8,1336343.0,14.44,7.17,7,4.9,1266531.0
1476,Agriculture,Other,Q3,3.0,14,311535.0,Tertiary,66911.0,77122.0,109.4,62.1,0.0,22.38,6.41,7,,2382780.0
1477,Hospitality,Nakuru,Q4,5.1,4,109060.0,Postgraduate,48584.0,48337.0,287.3,34.3,282937.0,16.63,7.47,5,3.9,1673591.0
1478,Technology,Nakuru,Q4,4.9,7,207671.0,Tertiary,13651.0,12811.0,,100.0,0.0,15.41,7.37,7,2.7,1354735.0
1479,Agriculture,Nakuru,Q4,3.7,9,265358.0,Secondary,10135.0,11972.0,91.1,81.3,638895.0,12.81,6.97,9,4.4,3997578.0
1480,Agriculture,Other,Q2,1.0,12,299673.0,Tertiary,9038.0,8220.0,77.0,61.7,0.0,14.84,7.03,9,3.9,986117.0
1481,Hospitality,Kisumu,Q3,8.2,6,231250.0,Tertiary,28369.0,30738.0,176.1,76.9,0.0,16.79,6.66,5,5.0,1985493.0
1482,Retail,Nairobi,Q1,5.7,8,181997.0,Tertiary,13882.0,15712.0,60.8,44.2,0.0,15.8,6.55,8,4.3,2091563.0
1483,Agriculture,Nairobi,Q2,8.6,11,318928.0,Tertiary,14135.0,15290.0,39.0,30.6,430288.0,21.35,7.12,6,4.5,2662067.0
1484,Retail,Kisumu,Q1,10.0,7,172363.0,Secondary,9077.0,9941.0,98.0,6.3,325904.0,14.25,7.04,5,3.2,1505795.0
1485,Manufacturing,Nairobi,Q1,4.6,5,113944.0,Secondary,25406.0,26137.0,39.1,56.8,0.0,17.67,6.69,4,3.9,3078962.0
1486,Retail,Nairobi,Q4,8.2,11,310109.0,Tertiary,8070.0,8772.0,79.9,50.4,0.0,11.9,7.4,6,2.2,2140421.0
1487,Technology,Nairobi,Q4,13.8,9,255918.0,Tertiary,37802.0,37549.0,,66.4,0.0,22.49,7.2,3,4.1,3605256.0
1488,Agriculture,Kisumu,Q3,16.8,10,271230.0,Postgraduate,55128.0,55331.0,86.1,55.3,824600.0,11.68,6.74,3,4.7,3856036.0
1489,Services,Nairobi,Q1,6.2,8,300099.0,Tertiary,29310.0,30859.0,69.6,65.4,205715.0,22.14,6.79,2,4.8,3499308.0
1490,Agriculture,Kisumu,Q1,6.5,7,186305.0,Secondary,48426.0,44881.0,18.8,72.8,13834.0,15.07,6.81,4,3.4,2472441.0
1491,Retail,Eldoret,Q1,6.1,7,188539.0,Secondary,21708.0,23796.0,93.0,22.9,557392.0,8.35,7.0,3,2.2,2208071.0
1492,Services,Other,Q3,7.2,11,329047.0,Tertiary,12284.0,10461.0,81.4,74.1,0.0,19.83,6.6,4,3.3,3201711.0
1493,Manufacturing,Nairobi,Q1,9.7,5,126679.0,Secondary,18216.0,19655.0,124.7,46.1,252193.0,15.76,6.67,6,3.6,2124785.0
1494,Services,Kisumu,Q2,6.0,6,185885.0,Tertiary,5486.0,5960.0,41.7,66.4,0.0,14.05,7.0,6,4.0,1244355.0
1495,Hospitality,Kisumu,Q4,16.1,8,144387.0,Secondary,14775.0,14575.0,16.8,77.5,148495.0,17.55,7.47,11,2.1,1534897.0
1496,Manufacturing,Mombasa,Q4,14.7,8,146623.0,Secondary,20893.0,19875.0,97.5,77.6,60049.0,17.63,7.31,11,3.6,4255206.0
1497,Services,Nakuru,Q4,5.2,8,226017.0,Tertiary,24595.0,25021.0,95.1,57.8,530230.0,16.83,7.08,8,2.9,1353223.0
1498,Manufacturing,Nairobi,Q2,5.2,7,185077.0,Primary,49472.0,54477.0,91.8,58.9,0.0,19.13,7.09,6,4.9,3063430.0
1499,Hospitality,Other,Q3,3.5,13,296182.0,Tertiary,61854.0,66658.0,10.8,74.6,0.0,16.31,6.28,5,1.8,1947984.0
1500,Manufacturing,Nairobi,Q1,7.5,7,177186.0,Tertiary,28436.0,27329.0,192.8,22.0,0.0,17.58,7.04,9,4.5,5631096.0
